-- --------------------------------------------------------
-- Host:                         127.0.0.1
-- Server version:               10.1.38-MariaDB - mariadb.org binary distribution
-- Server OS:                    Win64
-- HeidiSQL Version:             10.1.0.5464
-- --------------------------------------------------------

/*!40101 SET @OLD_CHARACTER_SET_CLIENT=@@CHARACTER_SET_CLIENT */;
/*!40101 SET NAMES utf8 */;
/*!50503 SET NAMES utf8mb4 */;
/*!40014 SET @OLD_FOREIGN_KEY_CHECKS=@@FOREIGN_KEY_CHECKS, FOREIGN_KEY_CHECKS=0 */;
/*!40101 SET @OLD_SQL_MODE=@@SQL_MODE, SQL_MODE='NO_AUTO_VALUE_ON_ZERO' */;


-- Dumping database structure for vts_db
CREATE DATABASE IF NOT EXISTS `vts_db` /*!40100 DEFAULT CHARACTER SET latin1 */;
USE `vts_db`;

-- Dumping structure for table vts_db.credit_debit_leaves
CREATE TABLE IF NOT EXISTS `credit_debit_leaves` (
  `id` int(11) NOT NULL AUTO_INCREMENT,
  `user_id` int(11) DEFAULT NULL,
  `ticket_id` varchar(100) DEFAULT NULL,
  `leave_type` varchar(100) DEFAULT NULL,
  `credit_leave` float(10,2) DEFAULT NULL,
  `debit_leave` float(10,2) DEFAULT NULL,
  `remark` text,
  `created_at` timestamp NOT NULL DEFAULT CURRENT_TIMESTAMP,
  `updated_at` timestamp NOT NULL DEFAULT CURRENT_TIMESTAMP ON UPDATE CURRENT_TIMESTAMP,
  `updated_by` int(11) DEFAULT NULL,
  PRIMARY KEY (`id`)
) ENGINE=InnoDB AUTO_INCREMENT=1589 DEFAULT CHARSET=latin1;

-- Dumping data for table vts_db.credit_debit_leaves: ~1,456 rows (approximately)
DELETE FROM `credit_debit_leaves`;
/*!40000 ALTER TABLE `credit_debit_leaves` DISABLE KEYS */;
INSERT INTO `credit_debit_leaves` (`id`, `user_id`, `ticket_id`, `leave_type`, `credit_leave`, `debit_leave`, `remark`, `created_at`, `updated_at`, `updated_by`) VALUES
	(1, 23, '', 'Credit-PL', 2.50, NULL, NULL, '2019-08-28 08:22:25', '2019-09-10 09:52:45', 1),
	(2, 23, '', 'Debit-SL', NULL, 2.50, NULL, '2019-08-28 08:42:02', '2019-09-10 09:52:45', 1),
	(3, 23, '', 'Credit-SL', 2.50, NULL, NULL, '2019-08-28 08:44:22', '2019-09-10 09:52:45', 1),
	(4, 3, '', 'Credit-PL', 2.50, NULL, NULL, '2019-08-28 08:59:28', '2019-08-28 08:59:28', 1),
	(5, 38, '', 'Credit-SL', 2.50, NULL, 'Test', '2019-08-28 09:17:28', '2019-09-10 09:53:19', 1),
	(6, 38, '', 'Debit-SL', NULL, 0.50, 'Tester', '2019-08-28 09:22:03', '2019-09-10 09:53:19', 1),
	(7, 38, '', 'Credit-PL', 2.00, NULL, 'test', '2019-08-28 09:22:53', '2019-09-10 09:53:19', 1),
	(8, 38, '', 'Debit-PL', NULL, 1.50, 'test', '2019-08-28 09:23:16', '2019-09-10 09:53:19', 1),
	(9, 38, '', 'Credit-PL', 0.50, NULL, 'test', '2019-08-28 09:35:17', '2019-09-10 09:53:19', 1),
	(10, 38, '', 'Debit-PL', NULL, 1.00, 'test', '2019-08-28 09:36:41', '2019-09-10 09:53:19', 1),
	(11, 38, '', 'Debit-PL', NULL, 1.50, 'Test', '2019-08-28 14:22:38', '2019-09-10 09:53:19', 1),
	(12, 9, '', 'Debit LWP', NULL, 1.50, 'Ok, You can go', '2019-08-29 11:17:12', '2019-08-29 11:17:12', 1),
	(13, 9, '', 'Debit LWP', NULL, 1.50, 'Ok, You can go', '2019-08-29 11:21:55', '2019-08-29 11:21:55', 1),
	(14, 7, '', 'Debit PL', NULL, 1.00, 'Ok, Granted', '2019-08-29 11:27:10', '2019-08-29 11:27:10', 1),
	(15, 23, 'TB577785', 'Debit SL', NULL, 2.00, 'Ok, Granted.', '2019-08-29 12:19:44', '2019-09-10 09:52:45', 1),
	(16, 23, 'TB577784', 'Debit SL', NULL, 2.50, 'ok, Granted.', '2019-08-29 14:06:29', '2019-09-10 09:52:45', 1),
	(17, 23, 'TB5722684', 'LWP', NULL, 2.50, 'Ok, Granted.', '2019-08-30 08:05:59', '2019-09-10 09:52:45', 1),
	(18, 23, 'TB201486', 'LWP', NULL, 1.50, 'Ok, You can go', '2019-09-05 14:22:29', '2019-09-10 09:52:45', 1),
	(19, 23, NULL, 'Credit-SL', 2.50, NULL, 'Test', '2019-09-06 06:09:52', '2019-09-10 09:52:45', 1),
	(20, 23, NULL, 'Credit-SL', 2.50, NULL, 'Test', '2019-09-06 06:10:47', '2019-09-10 09:52:45', 1),
	(21, 23, 'TB3099029', 'LWP', NULL, 3.00, 'ok ok ok ok ok', '2019-09-09 14:25:06', '2019-09-10 09:52:45', 1),
	(22, 2, NULL, 'Credit PL', 2.50, NULL, NULL, '2019-09-11 12:16:06', '2019-09-11 12:16:06', 23),
	(23, 23, 'TB1796513', 'Debit PL', NULL, 2.50, 'OK, Granted.', '2019-09-11 13:36:16', '2019-09-11 13:36:16', 23),
	(24, 23, 'TB1796513', 'Debit PL', NULL, 2.50, 'OK, Granted.', '2019-09-11 13:38:32', '2019-09-11 13:38:32', 23),
	(25, 23, NULL, 'Credit PL', 7.00, NULL, 'For Testing Purpose', '2019-09-11 13:44:49', '2019-09-11 13:44:49', 23),
	(26, 23, 'TB1796513', 'Debit PL', NULL, 2.50, 'OK, Granted.', '2019-09-11 13:45:43', '2019-09-11 13:45:43', 23),
	(27, 3, NULL, 'Debit PL', NULL, 2.50, NULL, '2019-09-11 13:52:33', '2019-09-11 13:52:33', 23),
	(28, 4, NULL, 'Credit PL', 2.50, NULL, NULL, '2019-09-11 13:52:53', '2019-09-11 13:52:53', 23),
	(29, 4, NULL, 'Credit PL', 2.50, NULL, NULL, '2019-09-11 13:56:25', '2019-09-11 13:56:25', 23),
	(30, 3, NULL, 'Debit PL', NULL, 2.50, NULL, '2019-09-11 14:00:48', '2019-09-11 14:00:48', 23),
	(31, 5, NULL, 'Debit PL', NULL, 2.50, NULL, '2019-09-11 14:01:03', '2019-09-11 14:01:03', 23),
	(32, 23, 'TB5602059', 'LWP', NULL, 2.50, 'Ok, Granted.', '2019-09-11 14:28:23', '2019-09-11 14:28:23', 23),
	(33, 1, NULL, 'Credit PL', 1.25, NULL, 'Auto updated by system admin', '2019-09-16 10:06:44', '2019-09-16 10:06:44', 0),
	(34, 1, NULL, 'Credit SL', 0.50, NULL, 'Auto updated by system admin', '2019-09-16 10:06:44', '2019-09-16 10:06:44', 0),
	(35, 2, NULL, 'Credit PL', 1.25, NULL, 'Auto updated by system admin', '2019-09-16 10:06:45', '2019-09-16 10:06:45', 0),
	(36, 2, NULL, 'Credit SL', 0.50, NULL, 'Auto updated by system admin', '2019-09-16 10:06:45', '2019-09-16 10:06:45', 0),
	(37, 3, NULL, 'Credit PL', 1.25, NULL, 'Auto updated by system admin', '2019-09-16 10:06:45', '2019-09-16 10:06:45', 0),
	(38, 3, NULL, 'Credit SL', 0.50, NULL, 'Auto updated by system admin', '2019-09-16 10:06:45', '2019-09-16 10:06:45', 0),
	(39, 4, NULL, 'Credit PL', 1.25, NULL, 'Auto updated by system admin', '2019-09-16 10:06:45', '2019-09-16 10:06:45', 0),
	(40, 4, NULL, 'Credit SL', 0.50, NULL, 'Auto updated by system admin', '2019-09-16 10:06:45', '2019-09-16 10:06:45', 0),
	(41, 5, NULL, 'Credit PL', 1.25, NULL, 'Auto updated by system admin', '2019-09-16 10:06:45', '2019-09-16 10:06:45', 0),
	(42, 5, NULL, 'Credit SL', 0.50, NULL, 'Auto updated by system admin', '2019-09-16 10:06:45', '2019-09-16 10:06:45', 0),
	(43, 6, NULL, 'Credit PL', 1.25, NULL, 'Auto updated by system admin', '2019-09-16 10:06:45', '2019-09-16 10:06:45', 0),
	(44, 6, NULL, 'Credit SL', 0.50, NULL, 'Auto updated by system admin', '2019-09-16 10:06:45', '2019-09-16 10:06:45', 0),
	(45, 7, NULL, 'Credit PL', 1.25, NULL, 'Auto updated by system admin', '2019-09-16 10:06:45', '2019-09-16 10:06:45', 0),
	(46, 7, NULL, 'Credit SL', 0.50, NULL, 'Auto updated by system admin', '2019-09-16 10:06:45', '2019-09-16 10:06:45', 0),
	(47, 8, NULL, 'Credit PL', 1.25, NULL, 'Auto updated by system admin', '2019-09-16 10:06:45', '2019-09-16 10:06:45', 0),
	(48, 8, NULL, 'Credit SL', 0.50, NULL, 'Auto updated by system admin', '2019-09-16 10:06:45', '2019-09-16 10:06:45', 0),
	(49, 9, NULL, 'Credit PL', 1.25, NULL, 'Auto updated by system admin', '2019-09-16 10:06:45', '2019-09-16 10:06:45', 0),
	(50, 9, NULL, 'Credit SL', 0.50, NULL, 'Auto updated by system admin', '2019-09-16 10:06:45', '2019-09-16 10:06:45', 0),
	(51, 10, NULL, 'Credit PL', 1.25, NULL, 'Auto updated by system admin', '2019-09-16 10:06:45', '2019-09-16 10:06:45', 0),
	(52, 10, NULL, 'Credit SL', 0.50, NULL, 'Auto updated by system admin', '2019-09-16 10:06:45', '2019-09-16 10:06:45', 0),
	(53, 11, NULL, 'Credit PL', 1.25, NULL, 'Auto updated by system admin', '2019-09-16 10:06:45', '2019-09-16 10:06:45', 0),
	(54, 11, NULL, 'Credit SL', 0.50, NULL, 'Auto updated by system admin', '2019-09-16 10:06:45', '2019-09-16 10:06:45', 0),
	(55, 12, NULL, 'Credit PL', 1.25, NULL, 'Auto updated by system admin', '2019-09-16 10:06:45', '2019-09-16 10:06:45', 0),
	(56, 12, NULL, 'Credit SL', 0.50, NULL, 'Auto updated by system admin', '2019-09-16 10:06:45', '2019-09-16 10:06:45', 0),
	(57, 13, NULL, 'Credit PL', 1.25, NULL, 'Auto updated by system admin', '2019-09-16 10:06:45', '2019-09-16 10:06:45', 0),
	(58, 13, NULL, 'Credit SL', 0.50, NULL, 'Auto updated by system admin', '2019-09-16 10:06:46', '2019-09-16 10:06:46', 0),
	(59, 14, NULL, 'Credit PL', 1.25, NULL, 'Auto updated by system admin', '2019-09-16 10:06:46', '2019-09-16 10:06:46', 0),
	(60, 14, NULL, 'Credit SL', 0.50, NULL, 'Auto updated by system admin', '2019-09-16 10:06:46', '2019-09-16 10:06:46', 0),
	(61, 15, NULL, 'Credit PL', 1.25, NULL, 'Auto updated by system admin', '2019-09-16 10:06:46', '2019-09-16 10:06:46', 0),
	(62, 15, NULL, 'Credit SL', 0.50, NULL, 'Auto updated by system admin', '2019-09-16 10:06:46', '2019-09-16 10:06:46', 0),
	(63, 16, NULL, 'Credit PL', 1.25, NULL, 'Auto updated by system admin', '2019-09-16 10:06:46', '2019-09-16 10:06:46', 0),
	(64, 16, NULL, 'Credit SL', 0.50, NULL, 'Auto updated by system admin', '2019-09-16 10:06:46', '2019-09-16 10:06:46', 0),
	(65, 17, NULL, 'Credit PL', 1.25, NULL, 'Auto updated by system admin', '2019-09-16 10:06:46', '2019-09-16 10:06:46', 0),
	(66, 17, NULL, 'Credit SL', 0.50, NULL, 'Auto updated by system admin', '2019-09-16 10:06:46', '2019-09-16 10:06:46', 0),
	(67, 18, NULL, 'Credit PL', 1.25, NULL, 'Auto updated by system admin', '2019-09-16 10:06:46', '2019-09-16 10:06:46', 0),
	(68, 18, NULL, 'Credit SL', 0.50, NULL, 'Auto updated by system admin', '2019-09-16 10:06:46', '2019-09-16 10:06:46', 0),
	(69, 19, NULL, 'Credit PL', 1.25, NULL, 'Auto updated by system admin', '2019-09-16 10:06:46', '2019-09-16 10:06:46', 0),
	(70, 19, NULL, 'Credit SL', 0.50, NULL, 'Auto updated by system admin', '2019-09-16 10:06:46', '2019-09-16 10:06:46', 0),
	(71, 20, NULL, 'Credit PL', 1.25, NULL, 'Auto updated by system admin', '2019-09-16 10:06:46', '2019-09-16 10:06:46', 0),
	(72, 20, NULL, 'Credit SL', 0.50, NULL, 'Auto updated by system admin', '2019-09-16 10:06:46', '2019-09-16 10:06:46', 0),
	(73, 21, NULL, 'Credit PL', 1.25, NULL, 'Auto updated by system admin', '2019-09-16 10:06:46', '2019-09-16 10:06:46', 0),
	(74, 21, NULL, 'Credit SL', 0.50, NULL, 'Auto updated by system admin', '2019-09-16 10:06:46', '2019-09-16 10:06:46', 0),
	(75, 22, NULL, 'Credit PL', 1.25, NULL, 'Auto updated by system admin', '2019-09-16 10:06:46', '2019-09-16 10:06:46', 0),
	(76, 22, NULL, 'Credit SL', 0.50, NULL, 'Auto updated by system admin', '2019-09-16 10:06:46', '2019-09-16 10:06:46', 0),
	(77, 23, NULL, 'Credit PL', 1.25, NULL, 'Auto updated by system admin', '2019-09-16 10:06:46', '2019-09-16 10:06:46', 0),
	(78, 23, NULL, 'Credit SL', 0.50, NULL, 'Auto updated by system admin', '2019-09-16 10:06:46', '2019-09-16 10:06:46', 0),
	(79, 24, NULL, 'Credit PL', 1.25, NULL, 'Auto updated by system admin', '2019-09-16 10:06:46', '2019-09-16 10:06:46', 0),
	(80, 24, NULL, 'Credit SL', 0.50, NULL, 'Auto updated by system admin', '2019-09-16 10:06:46', '2019-09-16 10:06:46', 0),
	(81, 25, NULL, 'Credit PL', 1.25, NULL, 'Auto updated by system admin', '2019-09-16 10:06:46', '2019-09-16 10:06:46', 0),
	(82, 25, NULL, 'Credit SL', 0.50, NULL, 'Auto updated by system admin', '2019-09-16 10:06:46', '2019-09-16 10:06:46', 0),
	(83, 26, NULL, 'Credit PL', 1.25, NULL, 'Auto updated by system admin', '2019-09-16 10:06:47', '2019-09-16 10:06:47', 0),
	(84, 26, NULL, 'Credit SL', 0.50, NULL, 'Auto updated by system admin', '2019-09-16 10:06:47', '2019-09-16 10:06:47', 0),
	(85, 27, NULL, 'Credit PL', 1.25, NULL, 'Auto updated by system admin', '2019-09-16 10:06:47', '2019-09-16 10:06:47', 0),
	(86, 27, NULL, 'Credit SL', 0.50, NULL, 'Auto updated by system admin', '2019-09-16 10:06:47', '2019-09-16 10:06:47', 0),
	(87, 28, NULL, 'Credit PL', 1.25, NULL, 'Auto updated by system admin', '2019-09-16 10:06:47', '2019-09-16 10:06:47', 0),
	(88, 28, NULL, 'Credit SL', 0.50, NULL, 'Auto updated by system admin', '2019-09-16 10:06:47', '2019-09-16 10:06:47', 0),
	(89, 29, NULL, 'Credit PL', 1.25, NULL, 'Auto updated by system admin', '2019-09-16 10:06:47', '2019-09-16 10:06:47', 0),
	(90, 29, NULL, 'Credit SL', 0.50, NULL, 'Auto updated by system admin', '2019-09-16 10:06:47', '2019-09-16 10:06:47', 0),
	(91, 30, NULL, 'Credit PL', 1.25, NULL, 'Auto updated by system admin', '2019-09-16 10:06:47', '2019-09-16 10:06:47', 0),
	(92, 30, NULL, 'Credit SL', 0.50, NULL, 'Auto updated by system admin', '2019-09-16 10:06:47', '2019-09-16 10:06:47', 0),
	(93, 31, NULL, 'Credit PL', 1.25, NULL, 'Auto updated by system admin', '2019-09-16 10:06:47', '2019-09-16 10:06:47', 0),
	(94, 31, NULL, 'Credit SL', 0.50, NULL, 'Auto updated by system admin', '2019-09-16 10:06:47', '2019-09-16 10:06:47', 0),
	(95, 32, NULL, 'Credit PL', 1.25, NULL, 'Auto updated by system admin', '2019-09-16 10:06:47', '2019-09-16 10:06:47', 0),
	(96, 32, NULL, 'Credit SL', 0.50, NULL, 'Auto updated by system admin', '2019-09-16 10:06:47', '2019-09-16 10:06:47', 0),
	(97, 33, NULL, 'Credit PL', 1.25, NULL, 'Auto updated by system admin', '2019-09-16 10:06:47', '2019-09-16 10:06:47', 0),
	(98, 33, NULL, 'Credit SL', 0.50, NULL, 'Auto updated by system admin', '2019-09-16 10:06:47', '2019-09-16 10:06:47', 0),
	(99, 34, NULL, 'Credit PL', 1.25, NULL, 'Auto updated by system admin', '2019-09-16 10:06:47', '2019-09-16 10:06:47', 0),
	(100, 34, NULL, 'Credit SL', 0.50, NULL, 'Auto updated by system admin', '2019-09-16 10:06:47', '2019-09-16 10:06:47', 0),
	(101, 35, NULL, 'Credit PL', 1.25, NULL, 'Auto updated by system admin', '2019-09-16 10:06:47', '2019-09-16 10:06:47', 0),
	(102, 35, NULL, 'Credit SL', 0.50, NULL, 'Auto updated by system admin', '2019-09-16 10:06:47', '2019-09-16 10:06:47', 0),
	(103, 36, NULL, 'Credit PL', 1.25, NULL, 'Auto updated by system admin', '2019-09-16 10:06:47', '2019-09-16 10:06:47', 0),
	(104, 36, NULL, 'Credit SL', 0.50, NULL, 'Auto updated by system admin', '2019-09-16 10:06:47', '2019-09-16 10:06:47', 0),
	(105, 37, NULL, 'Credit PL', 1.25, NULL, 'Auto updated by system admin', '2019-09-16 10:06:48', '2019-09-16 10:06:48', 0),
	(106, 37, NULL, 'Credit SL', 0.50, NULL, 'Auto updated by system admin', '2019-09-16 10:06:48', '2019-09-16 10:06:48', 0),
	(107, 38, NULL, 'Credit PL', 1.25, NULL, 'Auto updated by system admin', '2019-09-16 10:06:48', '2019-09-16 10:06:48', 0),
	(108, 38, NULL, 'Credit SL', 0.50, NULL, 'Auto updated by system admin', '2019-09-16 10:06:48', '2019-09-16 10:06:48', 0),
	(109, 39, NULL, 'Credit PL', 1.25, NULL, 'Auto updated by system admin', '2019-09-16 10:06:48', '2019-09-16 10:06:48', 0),
	(110, 39, NULL, 'Credit SL', 0.50, NULL, 'Auto updated by system admin', '2019-09-16 10:06:48', '2019-09-16 10:06:48', 0),
	(111, 40, NULL, 'Credit PL', 1.25, NULL, 'Auto updated by system admin', '2019-09-16 10:06:48', '2019-09-16 10:06:48', 0),
	(112, 40, NULL, 'Credit SL', 0.50, NULL, 'Auto updated by system admin', '2019-09-16 10:06:48', '2019-09-16 10:06:48', 0),
	(113, 41, NULL, 'Credit PL', 1.25, NULL, 'Auto updated by system admin', '2019-09-16 10:06:48', '2019-09-16 10:06:48', 0),
	(114, 41, NULL, 'Credit SL', 0.50, NULL, 'Auto updated by system admin', '2019-09-16 10:06:48', '2019-09-16 10:06:48', 0),
	(115, 42, NULL, 'Credit PL', 1.25, NULL, 'Auto updated by system admin', '2019-09-16 10:06:48', '2019-09-16 10:06:48', 0),
	(116, 42, NULL, 'Credit SL', 0.50, NULL, 'Auto updated by system admin', '2019-09-16 10:06:48', '2019-09-16 10:06:48', 0),
	(117, 43, NULL, 'Credit PL', 1.25, NULL, 'Auto updated by system admin', '2019-09-16 10:06:48', '2019-09-16 10:06:48', 0),
	(118, 43, NULL, 'Credit SL', 0.50, NULL, 'Auto updated by system admin', '2019-09-16 10:06:48', '2019-09-16 10:06:48', 0),
	(119, 44, NULL, 'Credit PL', 1.25, NULL, 'Auto updated by system admin', '2019-09-16 10:06:48', '2019-09-16 10:06:48', 0),
	(120, 44, NULL, 'Credit SL', 0.50, NULL, 'Auto updated by system admin', '2019-09-16 10:06:48', '2019-09-16 10:06:48', 0),
	(121, 45, NULL, 'Credit PL', 1.25, NULL, 'Auto updated by system admin', '2019-09-16 10:06:48', '2019-09-16 10:06:48', 0),
	(122, 45, NULL, 'Credit SL', 0.50, NULL, 'Auto updated by system admin', '2019-09-16 10:06:48', '2019-09-16 10:06:48', 0),
	(123, 46, NULL, 'Credit PL', 1.25, NULL, 'Auto updated by system admin', '2019-09-16 10:06:48', '2019-09-16 10:06:48', 0),
	(124, 46, NULL, 'Credit SL', 0.50, NULL, 'Auto updated by system admin', '2019-09-16 10:06:48', '2019-09-16 10:06:48', 0),
	(125, 47, NULL, 'Credit PL', 1.25, NULL, 'Auto updated by system admin', '2019-09-16 10:06:48', '2019-09-16 10:06:48', 0),
	(126, 47, NULL, 'Credit SL', 0.50, NULL, 'Auto updated by system admin', '2019-09-16 10:06:49', '2019-09-16 10:06:49', 0),
	(127, 48, NULL, 'Credit PL', 1.25, NULL, 'Auto updated by system admin', '2019-09-16 10:06:49', '2019-09-16 10:06:49', 0),
	(128, 48, NULL, 'Credit SL', 0.50, NULL, 'Auto updated by system admin', '2019-09-16 10:06:49', '2019-09-16 10:06:49', 0),
	(129, 49, NULL, 'Credit PL', 1.25, NULL, 'Auto updated by system admin', '2019-09-16 10:06:49', '2019-09-16 10:06:49', 0),
	(130, 49, NULL, 'Credit SL', 0.50, NULL, 'Auto updated by system admin', '2019-09-16 10:06:49', '2019-09-16 10:06:49', 0),
	(131, 50, NULL, 'Credit PL', 1.25, NULL, 'Auto updated by system admin', '2019-09-16 10:06:49', '2019-09-16 10:06:49', 0),
	(132, 50, NULL, 'Credit SL', 0.50, NULL, 'Auto updated by system admin', '2019-09-16 10:06:49', '2019-09-16 10:06:49', 0),
	(133, 51, NULL, 'Credit PL', 1.25, NULL, 'Auto updated by system admin', '2019-09-16 10:06:49', '2019-09-16 10:06:49', 0),
	(134, 51, NULL, 'Credit SL', 0.50, NULL, 'Auto updated by system admin', '2019-09-16 10:06:49', '2019-09-16 10:06:49', 0),
	(135, 52, NULL, 'Credit PL', 1.25, NULL, 'Auto updated by system admin', '2019-09-16 10:06:49', '2019-09-16 10:06:49', 0),
	(136, 52, NULL, 'Credit SL', 0.50, NULL, 'Auto updated by system admin', '2019-09-16 10:06:49', '2019-09-16 10:06:49', 0),
	(137, 53, NULL, 'Credit PL', 1.25, NULL, 'Auto updated by system admin', '2019-09-16 10:06:49', '2019-09-16 10:06:49', 0),
	(138, 53, NULL, 'Credit SL', 0.50, NULL, 'Auto updated by system admin', '2019-09-16 10:06:49', '2019-09-16 10:06:49', 0),
	(139, 54, NULL, 'Credit PL', 1.25, NULL, 'Auto updated by system admin', '2019-09-16 10:06:49', '2019-09-16 10:06:49', 0),
	(140, 54, NULL, 'Credit SL', 0.50, NULL, 'Auto updated by system admin', '2019-09-16 10:06:49', '2019-09-16 10:06:49', 0),
	(141, 55, NULL, 'Credit PL', 1.25, NULL, 'Auto updated by system admin', '2019-09-16 10:06:49', '2019-09-16 10:06:49', 0),
	(142, 55, NULL, 'Credit SL', 0.50, NULL, 'Auto updated by system admin', '2019-09-16 10:06:49', '2019-09-16 10:06:49', 0),
	(143, 56, NULL, 'Credit PL', 1.25, NULL, 'Auto updated by system admin', '2019-09-16 10:06:49', '2019-09-16 10:06:49', 0),
	(144, 56, NULL, 'Credit SL', 0.50, NULL, 'Auto updated by system admin', '2019-09-16 10:06:49', '2019-09-16 10:06:49', 0),
	(145, 57, NULL, 'Credit PL', 1.25, NULL, 'Auto updated by system admin', '2019-09-16 10:06:49', '2019-09-16 10:06:49', 0),
	(146, 57, NULL, 'Credit SL', 0.50, NULL, 'Auto updated by system admin', '2019-09-16 10:06:49', '2019-09-16 10:06:49', 0),
	(147, 58, NULL, 'Credit PL', 1.25, NULL, 'Auto updated by system admin', '2019-09-16 10:06:49', '2019-09-16 10:06:49', 0),
	(148, 58, NULL, 'Credit SL', 0.50, NULL, 'Auto updated by system admin', '2019-09-16 10:06:49', '2019-09-16 10:06:49', 0),
	(149, 59, NULL, 'Credit PL', 1.25, NULL, 'Auto updated by system admin', '2019-09-16 10:06:49', '2019-09-16 10:06:49', 0),
	(150, 59, NULL, 'Credit SL', 0.50, NULL, 'Auto updated by system admin', '2019-09-16 10:06:49', '2019-09-16 10:06:49', 0),
	(151, 60, NULL, 'Credit PL', 1.25, NULL, 'Auto updated by system admin', '2019-09-16 10:06:50', '2019-09-16 10:06:50', 0),
	(152, 60, NULL, 'Credit SL', 0.50, NULL, 'Auto updated by system admin', '2019-09-16 10:06:50', '2019-09-16 10:06:50', 0),
	(153, 61, NULL, 'Credit PL', 1.25, NULL, 'Auto updated by system admin', '2019-09-16 10:06:50', '2019-09-16 10:06:50', 0),
	(154, 61, NULL, 'Credit SL', 0.50, NULL, 'Auto updated by system admin', '2019-09-16 10:06:50', '2019-09-16 10:06:50', 0),
	(155, 62, NULL, 'Credit PL', 1.25, NULL, 'Auto updated by system admin', '2019-09-16 10:06:50', '2019-09-16 10:06:50', 0),
	(156, 62, NULL, 'Credit SL', 0.50, NULL, 'Auto updated by system admin', '2019-09-16 10:06:50', '2019-09-16 10:06:50', 0),
	(157, 63, NULL, 'Credit PL', 1.25, NULL, 'Auto updated by system admin', '2019-09-16 10:06:50', '2019-09-16 10:06:50', 0),
	(158, 63, NULL, 'Credit SL', 0.50, NULL, 'Auto updated by system admin', '2019-09-16 10:06:50', '2019-09-16 10:06:50', 0),
	(159, 64, NULL, 'Credit PL', 1.25, NULL, 'Auto updated by system admin', '2019-09-16 10:06:50', '2019-09-16 10:06:50', 0),
	(160, 64, NULL, 'Credit SL', 0.50, NULL, 'Auto updated by system admin', '2019-09-16 10:06:50', '2019-09-16 10:06:50', 0),
	(161, 65, NULL, 'Credit PL', 1.25, NULL, 'Auto updated by system admin', '2019-09-16 10:06:50', '2019-09-16 10:06:50', 0),
	(162, 65, NULL, 'Credit SL', 0.50, NULL, 'Auto updated by system admin', '2019-09-16 10:06:50', '2019-09-16 10:06:50', 0),
	(163, 66, NULL, 'Credit PL', 1.25, NULL, 'Auto updated by system admin', '2019-09-16 10:06:50', '2019-09-16 10:06:50', 0),
	(164, 66, NULL, 'Credit SL', 0.50, NULL, 'Auto updated by system admin', '2019-09-16 10:06:50', '2019-09-16 10:06:50', 0),
	(165, 67, NULL, 'Credit PL', 1.25, NULL, 'Auto updated by system admin', '2019-09-16 10:06:50', '2019-09-16 10:06:50', 0),
	(166, 67, NULL, 'Credit SL', 0.50, NULL, 'Auto updated by system admin', '2019-09-16 10:06:50', '2019-09-16 10:06:50', 0),
	(167, 68, NULL, 'Credit PL', 1.25, NULL, 'Auto updated by system admin', '2019-09-16 10:06:50', '2019-09-16 10:06:50', 0),
	(168, 68, NULL, 'Credit SL', 0.50, NULL, 'Auto updated by system admin', '2019-09-16 10:06:50', '2019-09-16 10:06:50', 0),
	(169, 69, NULL, 'Credit PL', 1.25, NULL, 'Auto updated by system admin', '2019-09-16 10:06:51', '2019-09-16 10:06:51', 0),
	(170, 69, NULL, 'Credit SL', 0.50, NULL, 'Auto updated by system admin', '2019-09-16 10:06:51', '2019-09-16 10:06:51', 0),
	(171, 70, NULL, 'Credit PL', 1.25, NULL, 'Auto updated by system admin', '2019-09-16 10:06:51', '2019-09-16 10:06:51', 0),
	(172, 70, NULL, 'Credit SL', 0.50, NULL, 'Auto updated by system admin', '2019-09-16 10:06:51', '2019-09-16 10:06:51', 0),
	(173, 71, NULL, 'Credit PL', 1.25, NULL, 'Auto updated by system admin', '2019-09-16 10:06:51', '2019-09-16 10:06:51', 0),
	(174, 71, NULL, 'Credit SL', 0.50, NULL, 'Auto updated by system admin', '2019-09-16 10:06:51', '2019-09-16 10:06:51', 0),
	(175, 72, NULL, 'Credit PL', 1.25, NULL, 'Auto updated by system admin', '2019-09-16 10:06:51', '2019-09-16 10:06:51', 0),
	(176, 72, NULL, 'Credit SL', 0.50, NULL, 'Auto updated by system admin', '2019-09-16 10:06:51', '2019-09-16 10:06:51', 0),
	(177, 73, NULL, 'Credit PL', 1.25, NULL, 'Auto updated by system admin', '2019-09-16 10:06:51', '2019-09-16 10:06:51', 0),
	(178, 73, NULL, 'Credit SL', 0.50, NULL, 'Auto updated by system admin', '2019-09-16 10:06:51', '2019-09-16 10:06:51', 0),
	(179, 74, NULL, 'Credit PL', 1.25, NULL, 'Auto updated by system admin', '2019-09-16 10:06:51', '2019-09-16 10:06:51', 0),
	(180, 74, NULL, 'Credit SL', 0.50, NULL, 'Auto updated by system admin', '2019-09-16 10:06:51', '2019-09-16 10:06:51', 0),
	(181, 75, NULL, 'Credit PL', 1.25, NULL, 'Auto updated by system admin', '2019-09-16 10:06:51', '2019-09-16 10:06:51', 0),
	(182, 75, NULL, 'Credit SL', 0.50, NULL, 'Auto updated by system admin', '2019-09-16 10:06:51', '2019-09-16 10:06:51', 0),
	(183, 76, NULL, 'Credit PL', 1.25, NULL, 'Auto updated by system admin', '2019-09-16 10:06:51', '2019-09-16 10:06:51', 0),
	(184, 76, NULL, 'Credit SL', 0.50, NULL, 'Auto updated by system admin', '2019-09-16 10:06:51', '2019-09-16 10:06:51', 0),
	(185, 77, NULL, 'Credit PL', 1.25, NULL, 'Auto updated by system admin', '2019-09-16 10:06:51', '2019-09-16 10:06:51', 0),
	(186, 77, NULL, 'Credit SL', 0.50, NULL, 'Auto updated by system admin', '2019-09-16 10:06:51', '2019-09-16 10:06:51', 0),
	(187, 78, NULL, 'Credit PL', 1.25, NULL, 'Auto updated by system admin', '2019-09-16 10:06:51', '2019-09-16 10:06:51', 0),
	(188, 78, NULL, 'Credit SL', 0.50, NULL, 'Auto updated by system admin', '2019-09-16 10:06:51', '2019-09-16 10:06:51', 0),
	(189, 79, NULL, 'Credit PL', 1.25, NULL, 'Auto updated by system admin', '2019-09-16 10:06:51', '2019-09-16 10:06:51', 0),
	(190, 79, NULL, 'Credit SL', 0.50, NULL, 'Auto updated by system admin', '2019-09-16 10:06:51', '2019-09-16 10:06:51', 0),
	(191, 80, NULL, 'Credit PL', 1.25, NULL, 'Auto updated by system admin', '2019-09-16 10:06:51', '2019-09-16 10:06:51', 0),
	(192, 80, NULL, 'Credit SL', 0.50, NULL, 'Auto updated by system admin', '2019-09-16 10:06:51', '2019-09-16 10:06:51', 0),
	(193, 81, NULL, 'Credit PL', 1.25, NULL, 'Auto updated by system admin', '2019-09-16 10:06:52', '2019-09-16 10:06:52', 0),
	(194, 81, NULL, 'Credit SL', 0.50, NULL, 'Auto updated by system admin', '2019-09-16 10:06:52', '2019-09-16 10:06:52', 0),
	(195, 82, NULL, 'Credit PL', 1.25, NULL, 'Auto updated by system admin', '2019-09-16 10:06:52', '2019-09-16 10:06:52', 0),
	(196, 82, NULL, 'Credit SL', 0.50, NULL, 'Auto updated by system admin', '2019-09-16 10:06:52', '2019-09-16 10:06:52', 0),
	(197, 83, NULL, 'Credit PL', 1.25, NULL, 'Auto updated by system admin', '2019-09-16 10:06:52', '2019-09-16 10:06:52', 0),
	(198, 83, NULL, 'Credit SL', 0.50, NULL, 'Auto updated by system admin', '2019-09-16 10:06:52', '2019-09-16 10:06:52', 0),
	(199, 84, NULL, 'Credit PL', 1.25, NULL, 'Auto updated by system admin', '2019-09-16 10:06:52', '2019-09-16 10:06:52', 0),
	(200, 84, NULL, 'Credit SL', 0.50, NULL, 'Auto updated by system admin', '2019-09-16 10:06:52', '2019-09-16 10:06:52', 0),
	(201, 85, NULL, 'Credit PL', 1.25, NULL, 'Auto updated by system admin', '2019-09-16 10:06:52', '2019-09-16 10:06:52', 0),
	(202, 85, NULL, 'Credit SL', 0.50, NULL, 'Auto updated by system admin', '2019-09-16 10:06:52', '2019-09-16 10:06:52', 0),
	(203, 86, NULL, 'Credit PL', 1.25, NULL, 'Auto updated by system admin', '2019-09-16 10:06:52', '2019-09-16 10:06:52', 0),
	(204, 86, NULL, 'Credit SL', 0.50, NULL, 'Auto updated by system admin', '2019-09-16 10:06:52', '2019-09-16 10:06:52', 0),
	(205, 87, NULL, 'Credit PL', 1.25, NULL, 'Auto updated by system admin', '2019-09-16 10:06:52', '2019-09-16 10:06:52', 0),
	(206, 87, NULL, 'Credit SL', 0.50, NULL, 'Auto updated by system admin', '2019-09-16 10:06:52', '2019-09-16 10:06:52', 0),
	(207, 88, NULL, 'Credit PL', 1.25, NULL, 'Auto updated by system admin', '2019-09-16 10:06:52', '2019-09-16 10:06:52', 0),
	(208, 88, NULL, 'Credit SL', 0.50, NULL, 'Auto updated by system admin', '2019-09-16 10:06:52', '2019-09-16 10:06:52', 0),
	(209, 89, NULL, 'Credit PL', 1.25, NULL, 'Auto updated by system admin', '2019-09-16 10:06:52', '2019-09-16 10:06:52', 0),
	(210, 89, NULL, 'Credit SL', 0.50, NULL, 'Auto updated by system admin', '2019-09-16 10:06:52', '2019-09-16 10:06:52', 0),
	(211, 90, NULL, 'Credit PL', 1.25, NULL, 'Auto updated by system admin', '2019-09-16 10:06:53', '2019-09-16 10:06:53', 0),
	(212, 90, NULL, 'Credit SL', 0.50, NULL, 'Auto updated by system admin', '2019-09-16 10:06:53', '2019-09-16 10:06:53', 0),
	(213, 91, NULL, 'Credit PL', 1.25, NULL, 'Auto updated by system admin', '2019-09-16 10:06:53', '2019-09-16 10:06:53', 0),
	(214, 91, NULL, 'Credit SL', 0.50, NULL, 'Auto updated by system admin', '2019-09-16 10:06:53', '2019-09-16 10:06:53', 0),
	(215, 92, NULL, 'Credit PL', 1.25, NULL, 'Auto updated by system admin', '2019-09-16 10:06:53', '2019-09-16 10:06:53', 0),
	(216, 92, NULL, 'Credit SL', 0.50, NULL, 'Auto updated by system admin', '2019-09-16 10:06:53', '2019-09-16 10:06:53', 0),
	(217, 93, NULL, 'Credit PL', 1.25, NULL, 'Auto updated by system admin', '2019-09-16 10:06:53', '2019-09-16 10:06:53', 0),
	(218, 93, NULL, 'Credit SL', 0.50, NULL, 'Auto updated by system admin', '2019-09-16 10:06:53', '2019-09-16 10:06:53', 0),
	(219, 94, NULL, 'Credit PL', 1.25, NULL, 'Auto updated by system admin', '2019-09-16 10:06:53', '2019-09-16 10:06:53', 0),
	(220, 94, NULL, 'Credit SL', 0.50, NULL, 'Auto updated by system admin', '2019-09-16 10:06:53', '2019-09-16 10:06:53', 0),
	(221, 95, NULL, 'Credit PL', 1.25, NULL, 'Auto updated by system admin', '2019-09-16 10:06:53', '2019-09-16 10:06:53', 0),
	(222, 95, NULL, 'Credit SL', 0.50, NULL, 'Auto updated by system admin', '2019-09-16 10:06:53', '2019-09-16 10:06:53', 0),
	(223, 96, NULL, 'Credit PL', 1.25, NULL, 'Auto updated by system admin', '2019-09-16 10:06:53', '2019-09-16 10:06:53', 0),
	(224, 96, NULL, 'Credit SL', 0.50, NULL, 'Auto updated by system admin', '2019-09-16 10:06:53', '2019-09-16 10:06:53', 0),
	(225, 97, NULL, 'Credit PL', 1.25, NULL, 'Auto updated by system admin', '2019-09-16 10:06:53', '2019-09-16 10:06:53', 0),
	(226, 97, NULL, 'Credit SL', 0.50, NULL, 'Auto updated by system admin', '2019-09-16 10:06:53', '2019-09-16 10:06:53', 0),
	(227, 98, NULL, 'Credit PL', 1.25, NULL, 'Auto updated by system admin', '2019-09-16 10:06:53', '2019-09-16 10:06:53', 0),
	(228, 98, NULL, 'Credit SL', 0.50, NULL, 'Auto updated by system admin', '2019-09-16 10:06:53', '2019-09-16 10:06:53', 0),
	(229, 99, NULL, 'Credit PL', 1.25, NULL, 'Auto updated by system admin', '2019-09-16 10:06:53', '2019-09-16 10:06:53', 0),
	(230, 99, NULL, 'Credit SL', 0.50, NULL, 'Auto updated by system admin', '2019-09-16 10:06:53', '2019-09-16 10:06:53', 0),
	(231, 100, NULL, 'Credit PL', 1.25, NULL, 'Auto updated by system admin', '2019-09-16 10:06:54', '2019-09-16 10:06:54', 0),
	(232, 100, NULL, 'Credit SL', 0.50, NULL, 'Auto updated by system admin', '2019-09-16 10:06:54', '2019-09-16 10:06:54', 0),
	(233, 101, NULL, 'Credit PL', 1.25, NULL, 'Auto updated by system admin', '2019-09-16 10:06:54', '2019-09-16 10:06:54', 0),
	(234, 101, NULL, 'Credit SL', 0.50, NULL, 'Auto updated by system admin', '2019-09-16 10:06:54', '2019-09-16 10:06:54', 0),
	(235, 102, NULL, 'Credit PL', 1.25, NULL, 'Auto updated by system admin', '2019-09-16 10:06:54', '2019-09-16 10:06:54', 0),
	(236, 102, NULL, 'Credit SL', 0.50, NULL, 'Auto updated by system admin', '2019-09-16 10:06:54', '2019-09-16 10:06:54', 0),
	(237, 103, NULL, 'Credit PL', 1.25, NULL, 'Auto updated by system admin', '2019-09-16 10:06:54', '2019-09-16 10:06:54', 0),
	(238, 103, NULL, 'Credit SL', 0.50, NULL, 'Auto updated by system admin', '2019-09-16 10:06:54', '2019-09-16 10:06:54', 0),
	(239, 104, NULL, 'Credit PL', 1.25, NULL, 'Auto updated by system admin', '2019-09-16 10:06:54', '2019-09-16 10:06:54', 0),
	(240, 104, NULL, 'Credit SL', 0.50, NULL, 'Auto updated by system admin', '2019-09-16 10:06:54', '2019-09-16 10:06:54', 0),
	(241, 105, NULL, 'Credit PL', 1.25, NULL, 'Auto updated by system admin', '2019-09-16 10:06:54', '2019-09-16 10:06:54', 0),
	(242, 105, NULL, 'Credit SL', 0.50, NULL, 'Auto updated by system admin', '2019-09-16 10:06:54', '2019-09-16 10:06:54', 0),
	(243, 106, NULL, 'Credit PL', 1.25, NULL, 'Auto updated by system admin', '2019-09-16 10:06:54', '2019-09-16 10:06:54', 0),
	(244, 106, NULL, 'Credit SL', 0.50, NULL, 'Auto updated by system admin', '2019-09-16 10:06:54', '2019-09-16 10:06:54', 0),
	(245, 107, NULL, 'Credit PL', 1.25, NULL, 'Auto updated by system admin', '2019-09-16 10:06:54', '2019-09-16 10:06:54', 0),
	(246, 107, NULL, 'Credit SL', 0.50, NULL, 'Auto updated by system admin', '2019-09-16 10:06:54', '2019-09-16 10:06:54', 0),
	(247, 108, NULL, 'Credit PL', 1.25, NULL, 'Auto updated by system admin', '2019-09-16 10:06:54', '2019-09-16 10:06:54', 0),
	(248, 108, NULL, 'Credit SL', 0.50, NULL, 'Auto updated by system admin', '2019-09-16 10:06:54', '2019-09-16 10:06:54', 0),
	(249, 109, NULL, 'Credit PL', 1.25, NULL, 'Auto updated by system admin', '2019-09-16 10:06:54', '2019-09-16 10:06:54', 0),
	(250, 109, NULL, 'Credit SL', 0.50, NULL, 'Auto updated by system admin', '2019-09-16 10:06:54', '2019-09-16 10:06:54', 0),
	(251, 110, NULL, 'Credit PL', 1.25, NULL, 'Auto updated by system admin', '2019-09-16 10:06:54', '2019-09-16 10:06:54', 0),
	(252, 110, NULL, 'Credit SL', 0.50, NULL, 'Auto updated by system admin', '2019-09-16 10:06:55', '2019-09-16 10:06:55', 0),
	(253, 111, NULL, 'Credit PL', 1.25, NULL, 'Auto updated by system admin', '2019-09-16 10:06:55', '2019-09-16 10:06:55', 0),
	(254, 111, NULL, 'Credit SL', 0.50, NULL, 'Auto updated by system admin', '2019-09-16 10:06:55', '2019-09-16 10:06:55', 0),
	(255, 112, NULL, 'Credit PL', 1.25, NULL, 'Auto updated by system admin', '2019-09-16 10:06:55', '2019-09-16 10:06:55', 0),
	(256, 112, NULL, 'Credit SL', 0.50, NULL, 'Auto updated by system admin', '2019-09-16 10:06:55', '2019-09-16 10:06:55', 0),
	(257, 113, NULL, 'Credit PL', 1.25, NULL, 'Auto updated by system admin', '2019-09-16 10:06:55', '2019-09-16 10:06:55', 0),
	(258, 113, NULL, 'Credit SL', 0.50, NULL, 'Auto updated by system admin', '2019-09-16 10:06:55', '2019-09-16 10:06:55', 0),
	(259, 114, NULL, 'Credit PL', 1.25, NULL, 'Auto updated by system admin', '2019-09-16 10:06:55', '2019-09-16 10:06:55', 0),
	(260, 114, NULL, 'Credit SL', 0.50, NULL, 'Auto updated by system admin', '2019-09-16 10:06:55', '2019-09-16 10:06:55', 0),
	(261, 115, NULL, 'Credit PL', 1.25, NULL, 'Auto updated by system admin', '2019-09-16 10:06:55', '2019-09-16 10:06:55', 0),
	(262, 115, NULL, 'Credit SL', 0.50, NULL, 'Auto updated by system admin', '2019-09-16 10:06:55', '2019-09-16 10:06:55', 0),
	(263, 116, NULL, 'Credit PL', 1.25, NULL, 'Auto updated by system admin', '2019-09-16 10:06:55', '2019-09-16 10:06:55', 0),
	(264, 116, NULL, 'Credit SL', 0.50, NULL, 'Auto updated by system admin', '2019-09-16 10:06:55', '2019-09-16 10:06:55', 0),
	(265, 117, NULL, 'Credit PL', 1.25, NULL, 'Auto updated by system admin', '2019-09-16 10:06:55', '2019-09-16 10:06:55', 0),
	(266, 117, NULL, 'Credit SL', 0.50, NULL, 'Auto updated by system admin', '2019-09-16 10:06:55', '2019-09-16 10:06:55', 0),
	(267, 118, NULL, 'Credit PL', 1.25, NULL, 'Auto updated by system admin', '2019-09-16 10:06:56', '2019-09-16 10:06:56', 0),
	(268, 118, NULL, 'Credit SL', 0.50, NULL, 'Auto updated by system admin', '2019-09-16 10:06:56', '2019-09-16 10:06:56', 0),
	(269, 119, NULL, 'Credit PL', 1.25, NULL, 'Auto updated by system admin', '2019-09-16 10:06:56', '2019-09-16 10:06:56', 0),
	(270, 119, NULL, 'Credit SL', 0.50, NULL, 'Auto updated by system admin', '2019-09-16 10:06:56', '2019-09-16 10:06:56', 0),
	(271, 120, NULL, 'Credit PL', 1.25, NULL, 'Auto updated by system admin', '2019-09-16 10:06:56', '2019-09-16 10:06:56', 0),
	(272, 120, NULL, 'Credit SL', 0.50, NULL, 'Auto updated by system admin', '2019-09-16 10:06:56', '2019-09-16 10:06:56', 0),
	(273, 121, NULL, 'Credit PL', 1.25, NULL, 'Auto updated by system admin', '2019-09-16 10:06:56', '2019-09-16 10:06:56', 0),
	(274, 121, NULL, 'Credit SL', 0.50, NULL, 'Auto updated by system admin', '2019-09-16 10:06:56', '2019-09-16 10:06:56', 0),
	(275, 122, NULL, 'Credit PL', 1.25, NULL, 'Auto updated by system admin', '2019-09-16 10:06:56', '2019-09-16 10:06:56', 0),
	(276, 122, NULL, 'Credit SL', 0.50, NULL, 'Auto updated by system admin', '2019-09-16 10:06:56', '2019-09-16 10:06:56', 0),
	(277, 123, NULL, 'Credit PL', 1.25, NULL, 'Auto updated by system admin', '2019-09-16 10:06:56', '2019-09-16 10:06:56', 0),
	(278, 123, NULL, 'Credit SL', 0.50, NULL, 'Auto updated by system admin', '2019-09-16 10:06:56', '2019-09-16 10:06:56', 0),
	(279, 124, NULL, 'Credit PL', 1.25, NULL, 'Auto updated by system admin', '2019-09-16 10:06:56', '2019-09-16 10:06:56', 0),
	(280, 124, NULL, 'Credit SL', 0.50, NULL, 'Auto updated by system admin', '2019-09-16 10:06:56', '2019-09-16 10:06:56', 0),
	(281, 125, NULL, 'Credit PL', 1.25, NULL, 'Auto updated by system admin', '2019-09-16 10:06:56', '2019-09-16 10:06:56', 0),
	(282, 125, NULL, 'Credit SL', 0.50, NULL, 'Auto updated by system admin', '2019-09-16 10:06:56', '2019-09-16 10:06:56', 0),
	(283, 126, NULL, 'Credit PL', 1.25, NULL, 'Auto updated by system admin', '2019-09-16 10:06:57', '2019-09-16 10:06:57', 0),
	(284, 126, NULL, 'Credit SL', 0.50, NULL, 'Auto updated by system admin', '2019-09-16 10:06:57', '2019-09-16 10:06:57', 0),
	(285, 127, NULL, 'Credit PL', 1.25, NULL, 'Auto updated by system admin', '2019-09-16 10:06:57', '2019-09-16 10:06:57', 0),
	(286, 127, NULL, 'Credit SL', 0.50, NULL, 'Auto updated by system admin', '2019-09-16 10:06:57', '2019-09-16 10:06:57', 0),
	(287, 128, NULL, 'Credit PL', 1.25, NULL, 'Auto updated by system admin', '2019-09-16 10:06:57', '2019-09-16 10:06:57', 0),
	(288, 128, NULL, 'Credit SL', 0.50, NULL, 'Auto updated by system admin', '2019-09-16 10:06:57', '2019-09-16 10:06:57', 0),
	(289, 129, NULL, 'Credit PL', 1.25, NULL, 'Auto updated by system admin', '2019-09-16 10:06:57', '2019-09-16 10:06:57', 0),
	(290, 129, NULL, 'Credit SL', 0.50, NULL, 'Auto updated by system admin', '2019-09-16 10:06:57', '2019-09-16 10:06:57', 0),
	(291, 130, NULL, 'Credit PL', 1.25, NULL, 'Auto updated by system admin', '2019-09-16 10:06:57', '2019-09-16 10:06:57', 0),
	(292, 130, NULL, 'Credit SL', 0.50, NULL, 'Auto updated by system admin', '2019-09-16 10:06:57', '2019-09-16 10:06:57', 0),
	(293, 1, NULL, 'Credit PL', 1.25, NULL, 'Auto updated by system admin', '2019-09-16 10:11:56', '2019-09-16 10:11:56', 0),
	(294, 1, NULL, 'Credit SL', 0.50, NULL, 'Auto updated by system admin', '2019-09-16 10:11:56', '2019-09-16 10:11:56', 0),
	(295, 2, NULL, 'Credit PL', 1.25, NULL, 'Auto updated by system admin', '2019-09-16 10:11:56', '2019-09-16 10:11:56', 0),
	(296, 2, NULL, 'Credit SL', 0.50, NULL, 'Auto updated by system admin', '2019-09-16 10:11:56', '2019-09-16 10:11:56', 0),
	(297, 3, NULL, 'Credit PL', 1.25, NULL, 'Auto updated by system admin', '2019-09-16 10:11:56', '2019-09-16 10:11:56', 0),
	(298, 3, NULL, 'Credit SL', 0.50, NULL, 'Auto updated by system admin', '2019-09-16 10:11:56', '2019-09-16 10:11:56', 0),
	(299, 4, NULL, 'Credit PL', 1.25, NULL, 'Auto updated by system admin', '2019-09-16 10:11:56', '2019-09-16 10:11:56', 0),
	(300, 4, NULL, 'Credit SL', 0.50, NULL, 'Auto updated by system admin', '2019-09-16 10:11:56', '2019-09-16 10:11:56', 0),
	(301, 5, NULL, 'Credit PL', 1.25, NULL, 'Auto updated by system admin', '2019-09-16 10:11:56', '2019-09-16 10:11:56', 0),
	(302, 5, NULL, 'Credit SL', 0.50, NULL, 'Auto updated by system admin', '2019-09-16 10:11:56', '2019-09-16 10:11:56', 0),
	(303, 6, NULL, 'Credit PL', 1.25, NULL, 'Auto updated by system admin', '2019-09-16 10:11:56', '2019-09-16 10:11:56', 0),
	(304, 6, NULL, 'Credit SL', 0.50, NULL, 'Auto updated by system admin', '2019-09-16 10:11:56', '2019-09-16 10:11:56', 0),
	(305, 7, NULL, 'Credit PL', 1.25, NULL, 'Auto updated by system admin', '2019-09-16 10:11:57', '2019-09-16 10:11:57', 0),
	(306, 7, NULL, 'Credit SL', 0.50, NULL, 'Auto updated by system admin', '2019-09-16 10:11:57', '2019-09-16 10:11:57', 0),
	(307, 8, NULL, 'Credit PL', 1.25, NULL, 'Auto updated by system admin', '2019-09-16 10:11:57', '2019-09-16 10:11:57', 0),
	(308, 8, NULL, 'Credit SL', 0.50, NULL, 'Auto updated by system admin', '2019-09-16 10:11:57', '2019-09-16 10:11:57', 0),
	(309, 9, NULL, 'Credit PL', 1.25, NULL, 'Auto updated by system admin', '2019-09-16 10:11:57', '2019-09-16 10:11:57', 0),
	(310, 9, NULL, 'Credit SL', 0.50, NULL, 'Auto updated by system admin', '2019-09-16 10:11:57', '2019-09-16 10:11:57', 0),
	(311, 10, NULL, 'Credit PL', 1.25, NULL, 'Auto updated by system admin', '2019-09-16 10:11:57', '2019-09-16 10:11:57', 0),
	(312, 10, NULL, 'Credit SL', 0.50, NULL, 'Auto updated by system admin', '2019-09-16 10:11:57', '2019-09-16 10:11:57', 0),
	(313, 11, NULL, 'Credit PL', 1.25, NULL, 'Auto updated by system admin', '2019-09-16 10:11:57', '2019-09-16 10:11:57', 0),
	(314, 11, NULL, 'Credit SL', 0.50, NULL, 'Auto updated by system admin', '2019-09-16 10:11:57', '2019-09-16 10:11:57', 0),
	(315, 12, NULL, 'Credit PL', 1.25, NULL, 'Auto updated by system admin', '2019-09-16 10:11:57', '2019-09-16 10:11:57', 0),
	(316, 12, NULL, 'Credit SL', 0.50, NULL, 'Auto updated by system admin', '2019-09-16 10:11:57', '2019-09-16 10:11:57', 0),
	(317, 13, NULL, 'Credit PL', 1.25, NULL, 'Auto updated by system admin', '2019-09-16 10:11:57', '2019-09-16 10:11:57', 0),
	(318, 13, NULL, 'Credit SL', 0.50, NULL, 'Auto updated by system admin', '2019-09-16 10:11:57', '2019-09-16 10:11:57', 0),
	(319, 14, NULL, 'Credit PL', 1.25, NULL, 'Auto updated by system admin', '2019-09-16 10:11:57', '2019-09-16 10:11:57', 0),
	(320, 14, NULL, 'Credit SL', 0.50, NULL, 'Auto updated by system admin', '2019-09-16 10:11:57', '2019-09-16 10:11:57', 0),
	(321, 15, NULL, 'Credit PL', 1.25, NULL, 'Auto updated by system admin', '2019-09-16 10:11:58', '2019-09-16 10:11:58', 0),
	(322, 15, NULL, 'Credit SL', 0.50, NULL, 'Auto updated by system admin', '2019-09-16 10:11:58', '2019-09-16 10:11:58', 0),
	(323, 16, NULL, 'Credit PL', 1.25, NULL, 'Auto updated by system admin', '2019-09-16 10:11:58', '2019-09-16 10:11:58', 0),
	(324, 16, NULL, 'Credit SL', 0.50, NULL, 'Auto updated by system admin', '2019-09-16 10:11:58', '2019-09-16 10:11:58', 0),
	(325, 17, NULL, 'Credit PL', 1.25, NULL, 'Auto updated by system admin', '2019-09-16 10:11:58', '2019-09-16 10:11:58', 0),
	(326, 17, NULL, 'Credit SL', 0.50, NULL, 'Auto updated by system admin', '2019-09-16 10:11:58', '2019-09-16 10:11:58', 0),
	(327, 18, NULL, 'Credit PL', 1.25, NULL, 'Auto updated by system admin', '2019-09-16 10:11:58', '2019-09-16 10:11:58', 0),
	(328, 18, NULL, 'Credit SL', 0.50, NULL, 'Auto updated by system admin', '2019-09-16 10:11:58', '2019-09-16 10:11:58', 0),
	(329, 19, NULL, 'Credit PL', 1.25, NULL, 'Auto updated by system admin', '2019-09-16 10:11:58', '2019-09-16 10:11:58', 0),
	(330, 19, NULL, 'Credit SL', 0.50, NULL, 'Auto updated by system admin', '2019-09-16 10:11:58', '2019-09-16 10:11:58', 0),
	(331, 20, NULL, 'Credit PL', 1.25, NULL, 'Auto updated by system admin', '2019-09-16 10:11:58', '2019-09-16 10:11:58', 0),
	(332, 20, NULL, 'Credit SL', 0.50, NULL, 'Auto updated by system admin', '2019-09-16 10:11:58', '2019-09-16 10:11:58', 0),
	(333, 21, NULL, 'Credit PL', 1.25, NULL, 'Auto updated by system admin', '2019-09-16 10:11:58', '2019-09-16 10:11:58', 0),
	(334, 21, NULL, 'Credit SL', 0.50, NULL, 'Auto updated by system admin', '2019-09-16 10:11:59', '2019-09-16 10:11:59', 0),
	(335, 22, NULL, 'Credit PL', 1.25, NULL, 'Auto updated by system admin', '2019-09-16 10:11:59', '2019-09-16 10:11:59', 0),
	(336, 22, NULL, 'Credit SL', 0.50, NULL, 'Auto updated by system admin', '2019-09-16 10:11:59', '2019-09-16 10:11:59', 0),
	(337, 23, NULL, 'Credit PL', 1.25, NULL, 'Auto updated by system admin', '2019-09-16 10:11:59', '2019-09-16 10:11:59', 0),
	(338, 23, NULL, 'Credit SL', 0.50, NULL, 'Auto updated by system admin', '2019-09-16 10:11:59', '2019-09-16 10:11:59', 0),
	(339, 24, NULL, 'Credit PL', 1.25, NULL, 'Auto updated by system admin', '2019-09-16 10:11:59', '2019-09-16 10:11:59', 0),
	(340, 24, NULL, 'Credit SL', 0.50, NULL, 'Auto updated by system admin', '2019-09-16 10:11:59', '2019-09-16 10:11:59', 0),
	(341, 25, NULL, 'Credit PL', 1.25, NULL, 'Auto updated by system admin', '2019-09-16 10:11:59', '2019-09-16 10:11:59', 0),
	(342, 25, NULL, 'Credit SL', 0.50, NULL, 'Auto updated by system admin', '2019-09-16 10:11:59', '2019-09-16 10:11:59', 0),
	(343, 26, NULL, 'Credit PL', 1.25, NULL, 'Auto updated by system admin', '2019-09-16 10:11:59', '2019-09-16 10:11:59', 0),
	(344, 26, NULL, 'Credit SL', 0.50, NULL, 'Auto updated by system admin', '2019-09-16 10:11:59', '2019-09-16 10:11:59', 0),
	(345, 27, NULL, 'Credit PL', 1.25, NULL, 'Auto updated by system admin', '2019-09-16 10:11:59', '2019-09-16 10:11:59', 0),
	(346, 27, NULL, 'Credit SL', 0.50, NULL, 'Auto updated by system admin', '2019-09-16 10:11:59', '2019-09-16 10:11:59', 0),
	(347, 28, NULL, 'Credit PL', 1.25, NULL, 'Auto updated by system admin', '2019-09-16 10:11:59', '2019-09-16 10:11:59', 0),
	(348, 28, NULL, 'Credit SL', 0.50, NULL, 'Auto updated by system admin', '2019-09-16 10:11:59', '2019-09-16 10:11:59', 0),
	(349, 29, NULL, 'Credit PL', 1.25, NULL, 'Auto updated by system admin', '2019-09-16 10:12:00', '2019-09-16 10:12:00', 0),
	(350, 29, NULL, 'Credit SL', 0.50, NULL, 'Auto updated by system admin', '2019-09-16 10:12:00', '2019-09-16 10:12:00', 0),
	(351, 30, NULL, 'Credit PL', 1.25, NULL, 'Auto updated by system admin', '2019-09-16 10:12:00', '2019-09-16 10:12:00', 0),
	(352, 30, NULL, 'Credit SL', 0.50, NULL, 'Auto updated by system admin', '2019-09-16 10:12:00', '2019-09-16 10:12:00', 0),
	(353, 31, NULL, 'Credit PL', 1.25, NULL, 'Auto updated by system admin', '2019-09-16 10:12:00', '2019-09-16 10:12:00', 0),
	(354, 31, NULL, 'Credit SL', 0.50, NULL, 'Auto updated by system admin', '2019-09-16 10:12:00', '2019-09-16 10:12:00', 0),
	(355, 32, NULL, 'Credit PL', 1.25, NULL, 'Auto updated by system admin', '2019-09-16 10:12:00', '2019-09-16 10:12:00', 0),
	(356, 32, NULL, 'Credit SL', 0.50, NULL, 'Auto updated by system admin', '2019-09-16 10:12:00', '2019-09-16 10:12:00', 0),
	(357, 33, NULL, 'Credit PL', 1.25, NULL, 'Auto updated by system admin', '2019-09-16 10:12:00', '2019-09-16 10:12:00', 0),
	(358, 33, NULL, 'Credit SL', 0.50, NULL, 'Auto updated by system admin', '2019-09-16 10:12:00', '2019-09-16 10:12:00', 0),
	(359, 34, NULL, 'Credit PL', 1.25, NULL, 'Auto updated by system admin', '2019-09-16 10:12:00', '2019-09-16 10:12:00', 0),
	(360, 34, NULL, 'Credit SL', 0.50, NULL, 'Auto updated by system admin', '2019-09-16 10:12:00', '2019-09-16 10:12:00', 0),
	(361, 35, NULL, 'Credit PL', 1.25, NULL, 'Auto updated by system admin', '2019-09-16 10:12:01', '2019-09-16 10:12:01', 0),
	(362, 35, NULL, 'Credit SL', 0.50, NULL, 'Auto updated by system admin', '2019-09-16 10:12:01', '2019-09-16 10:12:01', 0),
	(363, 36, NULL, 'Credit PL', 1.25, NULL, 'Auto updated by system admin', '2019-09-16 10:12:01', '2019-09-16 10:12:01', 0),
	(364, 36, NULL, 'Credit SL', 0.50, NULL, 'Auto updated by system admin', '2019-09-16 10:12:01', '2019-09-16 10:12:01', 0),
	(365, 37, NULL, 'Credit PL', 1.25, NULL, 'Auto updated by system admin', '2019-09-16 10:12:01', '2019-09-16 10:12:01', 0),
	(366, 37, NULL, 'Credit SL', 0.50, NULL, 'Auto updated by system admin', '2019-09-16 10:12:01', '2019-09-16 10:12:01', 0),
	(367, 38, NULL, 'Credit PL', 1.25, NULL, 'Auto updated by system admin', '2019-09-16 10:12:01', '2019-09-16 10:12:01', 0),
	(368, 38, NULL, 'Credit SL', 0.50, NULL, 'Auto updated by system admin', '2019-09-16 10:12:01', '2019-09-16 10:12:01', 0),
	(369, 39, NULL, 'Credit PL', 1.25, NULL, 'Auto updated by system admin', '2019-09-16 10:12:01', '2019-09-16 10:12:01', 0),
	(370, 39, NULL, 'Credit SL', 0.50, NULL, 'Auto updated by system admin', '2019-09-16 10:12:02', '2019-09-16 10:12:02', 0),
	(371, 40, NULL, 'Credit PL', 1.25, NULL, 'Auto updated by system admin', '2019-09-16 10:12:02', '2019-09-16 10:12:02', 0),
	(372, 40, NULL, 'Credit SL', 0.50, NULL, 'Auto updated by system admin', '2019-09-16 10:12:02', '2019-09-16 10:12:02', 0),
	(373, 41, NULL, 'Credit PL', 1.25, NULL, 'Auto updated by system admin', '2019-09-16 10:12:02', '2019-09-16 10:12:02', 0),
	(374, 41, NULL, 'Credit SL', 0.50, NULL, 'Auto updated by system admin', '2019-09-16 10:12:02', '2019-09-16 10:12:02', 0),
	(375, 42, NULL, 'Credit PL', 1.25, NULL, 'Auto updated by system admin', '2019-09-16 10:12:02', '2019-09-16 10:12:02', 0),
	(376, 42, NULL, 'Credit SL', 0.50, NULL, 'Auto updated by system admin', '2019-09-16 10:12:02', '2019-09-16 10:12:02', 0),
	(377, 43, NULL, 'Credit PL', 1.25, NULL, 'Auto updated by system admin', '2019-09-16 10:12:02', '2019-09-16 10:12:02', 0),
	(378, 43, NULL, 'Credit SL', 0.50, NULL, 'Auto updated by system admin', '2019-09-16 10:12:02', '2019-09-16 10:12:02', 0),
	(379, 44, NULL, 'Credit PL', 1.25, NULL, 'Auto updated by system admin', '2019-09-16 10:12:02', '2019-09-16 10:12:02', 0),
	(380, 44, NULL, 'Credit SL', 0.50, NULL, 'Auto updated by system admin', '2019-09-16 10:12:02', '2019-09-16 10:12:02', 0),
	(381, 45, NULL, 'Credit PL', 1.25, NULL, 'Auto updated by system admin', '2019-09-16 10:12:02', '2019-09-16 10:12:02', 0),
	(382, 45, NULL, 'Credit SL', 0.50, NULL, 'Auto updated by system admin', '2019-09-16 10:12:02', '2019-09-16 10:12:02', 0),
	(383, 46, NULL, 'Credit PL', 1.25, NULL, 'Auto updated by system admin', '2019-09-16 10:12:02', '2019-09-16 10:12:02', 0),
	(384, 46, NULL, 'Credit SL', 0.50, NULL, 'Auto updated by system admin', '2019-09-16 10:12:02', '2019-09-16 10:12:02', 0),
	(385, 47, NULL, 'Credit PL', 1.25, NULL, 'Auto updated by system admin', '2019-09-16 10:12:03', '2019-09-16 10:12:03', 0),
	(386, 47, NULL, 'Credit SL', 0.50, NULL, 'Auto updated by system admin', '2019-09-16 10:12:03', '2019-09-16 10:12:03', 0),
	(387, 48, NULL, 'Credit PL', 1.25, NULL, 'Auto updated by system admin', '2019-09-16 10:12:03', '2019-09-16 10:12:03', 0),
	(388, 48, NULL, 'Credit SL', 0.50, NULL, 'Auto updated by system admin', '2019-09-16 10:12:03', '2019-09-16 10:12:03', 0),
	(389, 49, NULL, 'Credit PL', 1.25, NULL, 'Auto updated by system admin', '2019-09-16 10:12:03', '2019-09-16 10:12:03', 0),
	(390, 49, NULL, 'Credit SL', 0.50, NULL, 'Auto updated by system admin', '2019-09-16 10:12:03', '2019-09-16 10:12:03', 0),
	(391, 50, NULL, 'Credit PL', 1.25, NULL, 'Auto updated by system admin', '2019-09-16 10:12:03', '2019-09-16 10:12:03', 0),
	(392, 50, NULL, 'Credit SL', 0.50, NULL, 'Auto updated by system admin', '2019-09-16 10:12:03', '2019-09-16 10:12:03', 0),
	(393, 51, NULL, 'Credit PL', 1.25, NULL, 'Auto updated by system admin', '2019-09-16 10:12:03', '2019-09-16 10:12:03', 0),
	(394, 51, NULL, 'Credit SL', 0.50, NULL, 'Auto updated by system admin', '2019-09-16 10:12:03', '2019-09-16 10:12:03', 0),
	(395, 52, NULL, 'Credit PL', 1.25, NULL, 'Auto updated by system admin', '2019-09-16 10:12:03', '2019-09-16 10:12:03', 0),
	(396, 52, NULL, 'Credit SL', 0.50, NULL, 'Auto updated by system admin', '2019-09-16 10:12:03', '2019-09-16 10:12:03', 0),
	(397, 53, NULL, 'Credit PL', 1.25, NULL, 'Auto updated by system admin', '2019-09-16 10:12:03', '2019-09-16 10:12:03', 0),
	(398, 53, NULL, 'Credit SL', 0.50, NULL, 'Auto updated by system admin', '2019-09-16 10:12:03', '2019-09-16 10:12:03', 0),
	(399, 54, NULL, 'Credit PL', 1.25, NULL, 'Auto updated by system admin', '2019-09-16 10:12:04', '2019-09-16 10:12:04', 0),
	(400, 54, NULL, 'Credit SL', 0.50, NULL, 'Auto updated by system admin', '2019-09-16 10:12:04', '2019-09-16 10:12:04', 0),
	(401, 55, NULL, 'Credit PL', 1.25, NULL, 'Auto updated by system admin', '2019-09-16 10:12:04', '2019-09-16 10:12:04', 0),
	(402, 55, NULL, 'Credit SL', 0.50, NULL, 'Auto updated by system admin', '2019-09-16 10:12:04', '2019-09-16 10:12:04', 0),
	(403, 56, NULL, 'Credit PL', 1.25, NULL, 'Auto updated by system admin', '2019-09-16 10:12:04', '2019-09-16 10:12:04', 0),
	(404, 56, NULL, 'Credit SL', 0.50, NULL, 'Auto updated by system admin', '2019-09-16 10:12:04', '2019-09-16 10:12:04', 0),
	(405, 57, NULL, 'Credit PL', 1.25, NULL, 'Auto updated by system admin', '2019-09-16 10:12:04', '2019-09-16 10:12:04', 0),
	(406, 57, NULL, 'Credit SL', 0.50, NULL, 'Auto updated by system admin', '2019-09-16 10:12:04', '2019-09-16 10:12:04', 0),
	(407, 58, NULL, 'Credit PL', 1.25, NULL, 'Auto updated by system admin', '2019-09-16 10:12:04', '2019-09-16 10:12:04', 0),
	(408, 58, NULL, 'Credit SL', 0.50, NULL, 'Auto updated by system admin', '2019-09-16 10:12:04', '2019-09-16 10:12:04', 0),
	(409, 59, NULL, 'Credit PL', 1.25, NULL, 'Auto updated by system admin', '2019-09-16 10:12:04', '2019-09-16 10:12:04', 0),
	(410, 59, NULL, 'Credit SL', 0.50, NULL, 'Auto updated by system admin', '2019-09-16 10:12:04', '2019-09-16 10:12:04', 0),
	(411, 60, NULL, 'Credit PL', 1.25, NULL, 'Auto updated by system admin', '2019-09-16 10:12:05', '2019-09-16 10:12:05', 0),
	(412, 60, NULL, 'Credit SL', 0.50, NULL, 'Auto updated by system admin', '2019-09-16 10:12:05', '2019-09-16 10:12:05', 0),
	(413, 61, NULL, 'Credit PL', 1.25, NULL, 'Auto updated by system admin', '2019-09-16 10:12:05', '2019-09-16 10:12:05', 0),
	(414, 61, NULL, 'Credit SL', 0.50, NULL, 'Auto updated by system admin', '2019-09-16 10:12:05', '2019-09-16 10:12:05', 0),
	(415, 62, NULL, 'Credit PL', 1.25, NULL, 'Auto updated by system admin', '2019-09-16 10:12:05', '2019-09-16 10:12:05', 0),
	(416, 62, NULL, 'Credit SL', 0.50, NULL, 'Auto updated by system admin', '2019-09-16 10:12:05', '2019-09-16 10:12:05', 0),
	(417, 63, NULL, 'Credit PL', 1.25, NULL, 'Auto updated by system admin', '2019-09-16 10:12:05', '2019-09-16 10:12:05', 0),
	(418, 63, NULL, 'Credit SL', 0.50, NULL, 'Auto updated by system admin', '2019-09-16 10:12:05', '2019-09-16 10:12:05', 0),
	(419, 64, NULL, 'Credit PL', 1.25, NULL, 'Auto updated by system admin', '2019-09-16 10:12:05', '2019-09-16 10:12:05', 0),
	(420, 64, NULL, 'Credit SL', 0.50, NULL, 'Auto updated by system admin', '2019-09-16 10:12:05', '2019-09-16 10:12:05', 0),
	(421, 65, NULL, 'Credit PL', 1.25, NULL, 'Auto updated by system admin', '2019-09-16 10:12:05', '2019-09-16 10:12:05', 0),
	(422, 65, NULL, 'Credit SL', 0.50, NULL, 'Auto updated by system admin', '2019-09-16 10:12:05', '2019-09-16 10:12:05', 0),
	(423, 66, NULL, 'Credit PL', 1.25, NULL, 'Auto updated by system admin', '2019-09-16 10:12:05', '2019-09-16 10:12:05', 0),
	(424, 66, NULL, 'Credit SL', 0.50, NULL, 'Auto updated by system admin', '2019-09-16 10:12:05', '2019-09-16 10:12:05', 0),
	(425, 67, NULL, 'Credit PL', 1.25, NULL, 'Auto updated by system admin', '2019-09-16 10:12:06', '2019-09-16 10:12:06', 0),
	(426, 67, NULL, 'Credit SL', 0.50, NULL, 'Auto updated by system admin', '2019-09-16 10:12:06', '2019-09-16 10:12:06', 0),
	(427, 68, NULL, 'Credit PL', 1.25, NULL, 'Auto updated by system admin', '2019-09-16 10:12:06', '2019-09-16 10:12:06', 0),
	(428, 68, NULL, 'Credit SL', 0.50, NULL, 'Auto updated by system admin', '2019-09-16 10:12:06', '2019-09-16 10:12:06', 0),
	(429, 69, NULL, 'Credit PL', 1.25, NULL, 'Auto updated by system admin', '2019-09-16 10:12:06', '2019-09-16 10:12:06', 0),
	(430, 69, NULL, 'Credit SL', 0.50, NULL, 'Auto updated by system admin', '2019-09-16 10:12:06', '2019-09-16 10:12:06', 0),
	(431, 70, NULL, 'Credit PL', 1.25, NULL, 'Auto updated by system admin', '2019-09-16 10:12:06', '2019-09-16 10:12:06', 0),
	(432, 70, NULL, 'Credit SL', 0.50, NULL, 'Auto updated by system admin', '2019-09-16 10:12:06', '2019-09-16 10:12:06', 0),
	(433, 71, NULL, 'Credit PL', 1.25, NULL, 'Auto updated by system admin', '2019-09-16 10:12:06', '2019-09-16 10:12:06', 0),
	(434, 71, NULL, 'Credit SL', 0.50, NULL, 'Auto updated by system admin', '2019-09-16 10:12:06', '2019-09-16 10:12:06', 0),
	(435, 72, NULL, 'Credit PL', 1.25, NULL, 'Auto updated by system admin', '2019-09-16 10:12:06', '2019-09-16 10:12:06', 0),
	(436, 72, NULL, 'Credit SL', 0.50, NULL, 'Auto updated by system admin', '2019-09-16 10:12:06', '2019-09-16 10:12:06', 0),
	(437, 73, NULL, 'Credit PL', 1.25, NULL, 'Auto updated by system admin', '2019-09-16 10:12:07', '2019-09-16 10:12:07', 0),
	(438, 73, NULL, 'Credit SL', 0.50, NULL, 'Auto updated by system admin', '2019-09-16 10:12:07', '2019-09-16 10:12:07', 0),
	(439, 74, NULL, 'Credit PL', 1.25, NULL, 'Auto updated by system admin', '2019-09-16 10:12:07', '2019-09-16 10:12:07', 0),
	(440, 74, NULL, 'Credit SL', 0.50, NULL, 'Auto updated by system admin', '2019-09-16 10:12:07', '2019-09-16 10:12:07', 0),
	(441, 75, NULL, 'Credit PL', 1.25, NULL, 'Auto updated by system admin', '2019-09-16 10:12:07', '2019-09-16 10:12:07', 0),
	(442, 75, NULL, 'Credit SL', 0.50, NULL, 'Auto updated by system admin', '2019-09-16 10:12:07', '2019-09-16 10:12:07', 0),
	(443, 76, NULL, 'Credit PL', 1.25, NULL, 'Auto updated by system admin', '2019-09-16 10:12:07', '2019-09-16 10:12:07', 0),
	(444, 76, NULL, 'Credit SL', 0.50, NULL, 'Auto updated by system admin', '2019-09-16 10:12:07', '2019-09-16 10:12:07', 0),
	(445, 77, NULL, 'Credit PL', 1.25, NULL, 'Auto updated by system admin', '2019-09-16 10:12:07', '2019-09-16 10:12:07', 0),
	(446, 77, NULL, 'Credit SL', 0.50, NULL, 'Auto updated by system admin', '2019-09-16 10:12:07', '2019-09-16 10:12:07', 0),
	(447, 78, NULL, 'Credit PL', 1.25, NULL, 'Auto updated by system admin', '2019-09-16 10:12:08', '2019-09-16 10:12:08', 0),
	(448, 78, NULL, 'Credit SL', 0.50, NULL, 'Auto updated by system admin', '2019-09-16 10:12:08', '2019-09-16 10:12:08', 0),
	(449, 79, NULL, 'Credit PL', 1.25, NULL, 'Auto updated by system admin', '2019-09-16 10:12:08', '2019-09-16 10:12:08', 0),
	(450, 79, NULL, 'Credit SL', 0.50, NULL, 'Auto updated by system admin', '2019-09-16 10:12:08', '2019-09-16 10:12:08', 0),
	(451, 80, NULL, 'Credit PL', 1.25, NULL, 'Auto updated by system admin', '2019-09-16 10:12:08', '2019-09-16 10:12:08', 0),
	(452, 80, NULL, 'Credit SL', 0.50, NULL, 'Auto updated by system admin', '2019-09-16 10:12:08', '2019-09-16 10:12:08', 0),
	(453, 81, NULL, 'Credit PL', 1.25, NULL, 'Auto updated by system admin', '2019-09-16 10:12:08', '2019-09-16 10:12:08', 0),
	(454, 81, NULL, 'Credit SL', 0.50, NULL, 'Auto updated by system admin', '2019-09-16 10:12:08', '2019-09-16 10:12:08', 0),
	(455, 82, NULL, 'Credit PL', 1.25, NULL, 'Auto updated by system admin', '2019-09-16 10:12:08', '2019-09-16 10:12:08', 0),
	(456, 82, NULL, 'Credit SL', 0.50, NULL, 'Auto updated by system admin', '2019-09-16 10:12:08', '2019-09-16 10:12:08', 0),
	(457, 83, NULL, 'Credit PL', 1.25, NULL, 'Auto updated by system admin', '2019-09-16 10:12:08', '2019-09-16 10:12:08', 0),
	(458, 83, NULL, 'Credit SL', 0.50, NULL, 'Auto updated by system admin', '2019-09-16 10:12:08', '2019-09-16 10:12:08', 0),
	(459, 84, NULL, 'Credit PL', 1.25, NULL, 'Auto updated by system admin', '2019-09-16 10:12:09', '2019-09-16 10:12:09', 0),
	(460, 84, NULL, 'Credit SL', 0.50, NULL, 'Auto updated by system admin', '2019-09-16 10:12:09', '2019-09-16 10:12:09', 0),
	(461, 85, NULL, 'Credit PL', 1.25, NULL, 'Auto updated by system admin', '2019-09-16 10:12:09', '2019-09-16 10:12:09', 0),
	(462, 85, NULL, 'Credit SL', 0.50, NULL, 'Auto updated by system admin', '2019-09-16 10:12:09', '2019-09-16 10:12:09', 0),
	(463, 86, NULL, 'Credit PL', 1.25, NULL, 'Auto updated by system admin', '2019-09-16 10:12:09', '2019-09-16 10:12:09', 0),
	(464, 86, NULL, 'Credit SL', 0.50, NULL, 'Auto updated by system admin', '2019-09-16 10:12:09', '2019-09-16 10:12:09', 0),
	(465, 87, NULL, 'Credit PL', 1.25, NULL, 'Auto updated by system admin', '2019-09-16 10:12:09', '2019-09-16 10:12:09', 0),
	(466, 87, NULL, 'Credit SL', 0.50, NULL, 'Auto updated by system admin', '2019-09-16 10:12:09', '2019-09-16 10:12:09', 0),
	(467, 88, NULL, 'Credit PL', 1.25, NULL, 'Auto updated by system admin', '2019-09-16 10:12:09', '2019-09-16 10:12:09', 0),
	(468, 88, NULL, 'Credit SL', 0.50, NULL, 'Auto updated by system admin', '2019-09-16 10:12:09', '2019-09-16 10:12:09', 0),
	(469, 89, NULL, 'Credit PL', 1.25, NULL, 'Auto updated by system admin', '2019-09-16 10:12:09', '2019-09-16 10:12:09', 0),
	(470, 89, NULL, 'Credit SL', 0.50, NULL, 'Auto updated by system admin', '2019-09-16 10:12:09', '2019-09-16 10:12:09', 0),
	(471, 90, NULL, 'Credit PL', 1.25, NULL, 'Auto updated by system admin', '2019-09-16 10:12:10', '2019-09-16 10:12:10', 0),
	(472, 90, NULL, 'Credit SL', 0.50, NULL, 'Auto updated by system admin', '2019-09-16 10:12:10', '2019-09-16 10:12:10', 0),
	(473, 91, NULL, 'Credit PL', 1.25, NULL, 'Auto updated by system admin', '2019-09-16 10:12:10', '2019-09-16 10:12:10', 0),
	(474, 91, NULL, 'Credit SL', 0.50, NULL, 'Auto updated by system admin', '2019-09-16 10:12:10', '2019-09-16 10:12:10', 0),
	(475, 92, NULL, 'Credit PL', 1.25, NULL, 'Auto updated by system admin', '2019-09-16 10:12:10', '2019-09-16 10:12:10', 0),
	(476, 92, NULL, 'Credit SL', 0.50, NULL, 'Auto updated by system admin', '2019-09-16 10:12:10', '2019-09-16 10:12:10', 0),
	(477, 93, NULL, 'Credit PL', 1.25, NULL, 'Auto updated by system admin', '2019-09-16 10:12:10', '2019-09-16 10:12:10', 0),
	(478, 93, NULL, 'Credit SL', 0.50, NULL, 'Auto updated by system admin', '2019-09-16 10:12:10', '2019-09-16 10:12:10', 0),
	(479, 94, NULL, 'Credit PL', 1.25, NULL, 'Auto updated by system admin', '2019-09-16 10:12:10', '2019-09-16 10:12:10', 0),
	(480, 94, NULL, 'Credit SL', 0.50, NULL, 'Auto updated by system admin', '2019-09-16 10:12:10', '2019-09-16 10:12:10', 0),
	(481, 95, NULL, 'Credit PL', 1.25, NULL, 'Auto updated by system admin', '2019-09-16 10:12:10', '2019-09-16 10:12:10', 0),
	(482, 95, NULL, 'Credit SL', 0.50, NULL, 'Auto updated by system admin', '2019-09-16 10:12:10', '2019-09-16 10:12:10', 0),
	(483, 96, NULL, 'Credit PL', 1.25, NULL, 'Auto updated by system admin', '2019-09-16 10:12:11', '2019-09-16 10:12:11', 0),
	(484, 96, NULL, 'Credit SL', 0.50, NULL, 'Auto updated by system admin', '2019-09-16 10:12:11', '2019-09-16 10:12:11', 0),
	(485, 97, NULL, 'Credit PL', 1.25, NULL, 'Auto updated by system admin', '2019-09-16 10:12:11', '2019-09-16 10:12:11', 0),
	(486, 97, NULL, 'Credit SL', 0.50, NULL, 'Auto updated by system admin', '2019-09-16 10:12:11', '2019-09-16 10:12:11', 0),
	(487, 98, NULL, 'Credit PL', 1.25, NULL, 'Auto updated by system admin', '2019-09-16 10:12:11', '2019-09-16 10:12:11', 0),
	(488, 98, NULL, 'Credit SL', 0.50, NULL, 'Auto updated by system admin', '2019-09-16 10:12:11', '2019-09-16 10:12:11', 0),
	(489, 99, NULL, 'Credit PL', 1.25, NULL, 'Auto updated by system admin', '2019-09-16 10:12:11', '2019-09-16 10:12:11', 0),
	(490, 99, NULL, 'Credit SL', 0.50, NULL, 'Auto updated by system admin', '2019-09-16 10:12:11', '2019-09-16 10:12:11', 0),
	(491, 100, NULL, 'Credit PL', 1.25, NULL, 'Auto updated by system admin', '2019-09-16 10:12:12', '2019-09-16 10:12:12', 0),
	(492, 100, NULL, 'Credit SL', 0.50, NULL, 'Auto updated by system admin', '2019-09-16 10:12:12', '2019-09-16 10:12:12', 0),
	(493, 101, NULL, 'Credit PL', 1.25, NULL, 'Auto updated by system admin', '2019-09-16 10:12:12', '2019-09-16 10:12:12', 0),
	(494, 101, NULL, 'Credit SL', 0.50, NULL, 'Auto updated by system admin', '2019-09-16 10:12:12', '2019-09-16 10:12:12', 0),
	(495, 102, NULL, 'Credit PL', 1.25, NULL, 'Auto updated by system admin', '2019-09-16 10:12:12', '2019-09-16 10:12:12', 0),
	(496, 102, NULL, 'Credit SL', 0.50, NULL, 'Auto updated by system admin', '2019-09-16 10:12:12', '2019-09-16 10:12:12', 0),
	(497, 103, NULL, 'Credit PL', 1.25, NULL, 'Auto updated by system admin', '2019-09-16 10:12:12', '2019-09-16 10:12:12', 0),
	(498, 103, NULL, 'Credit SL', 0.50, NULL, 'Auto updated by system admin', '2019-09-16 10:12:12', '2019-09-16 10:12:12', 0),
	(499, 104, NULL, 'Credit PL', 1.25, NULL, 'Auto updated by system admin', '2019-09-16 10:12:12', '2019-09-16 10:12:12', 0),
	(500, 104, NULL, 'Credit SL', 0.50, NULL, 'Auto updated by system admin', '2019-09-16 10:12:12', '2019-09-16 10:12:12', 0),
	(501, 105, NULL, 'Credit PL', 1.25, NULL, 'Auto updated by system admin', '2019-09-16 10:12:13', '2019-09-16 10:12:13', 0),
	(502, 105, NULL, 'Credit SL', 0.50, NULL, 'Auto updated by system admin', '2019-09-16 10:12:13', '2019-09-16 10:12:13', 0),
	(503, 106, NULL, 'Credit PL', 1.25, NULL, 'Auto updated by system admin', '2019-09-16 10:12:13', '2019-09-16 10:12:13', 0),
	(504, 106, NULL, 'Credit SL', 0.50, NULL, 'Auto updated by system admin', '2019-09-16 10:12:13', '2019-09-16 10:12:13', 0),
	(505, 107, NULL, 'Credit PL', 1.25, NULL, 'Auto updated by system admin', '2019-09-16 10:12:13', '2019-09-16 10:12:13', 0),
	(506, 107, NULL, 'Credit SL', 0.50, NULL, 'Auto updated by system admin', '2019-09-16 10:12:13', '2019-09-16 10:12:13', 0),
	(507, 108, NULL, 'Credit PL', 1.25, NULL, 'Auto updated by system admin', '2019-09-16 10:12:13', '2019-09-16 10:12:13', 0),
	(508, 108, NULL, 'Credit SL', 0.50, NULL, 'Auto updated by system admin', '2019-09-16 10:12:13', '2019-09-16 10:12:13', 0),
	(509, 109, NULL, 'Credit PL', 1.25, NULL, 'Auto updated by system admin', '2019-09-16 10:12:13', '2019-09-16 10:12:13', 0),
	(510, 109, NULL, 'Credit SL', 0.50, NULL, 'Auto updated by system admin', '2019-09-16 10:12:13', '2019-09-16 10:12:13', 0),
	(511, 110, NULL, 'Credit PL', 1.25, NULL, 'Auto updated by system admin', '2019-09-16 10:12:13', '2019-09-16 10:12:13', 0),
	(512, 110, NULL, 'Credit SL', 0.50, NULL, 'Auto updated by system admin', '2019-09-16 10:12:14', '2019-09-16 10:12:14', 0),
	(513, 111, NULL, 'Credit PL', 1.25, NULL, 'Auto updated by system admin', '2019-09-16 10:12:14', '2019-09-16 10:12:14', 0),
	(514, 111, NULL, 'Credit SL', 0.50, NULL, 'Auto updated by system admin', '2019-09-16 10:12:14', '2019-09-16 10:12:14', 0),
	(515, 112, NULL, 'Credit PL', 1.25, NULL, 'Auto updated by system admin', '2019-09-16 10:12:14', '2019-09-16 10:12:14', 0),
	(516, 112, NULL, 'Credit SL', 0.50, NULL, 'Auto updated by system admin', '2019-09-16 10:12:14', '2019-09-16 10:12:14', 0),
	(517, 113, NULL, 'Credit PL', 1.25, NULL, 'Auto updated by system admin', '2019-09-16 10:12:14', '2019-09-16 10:12:14', 0),
	(518, 113, NULL, 'Credit SL', 0.50, NULL, 'Auto updated by system admin', '2019-09-16 10:12:14', '2019-09-16 10:12:14', 0),
	(519, 114, NULL, 'Credit PL', 1.25, NULL, 'Auto updated by system admin', '2019-09-16 10:12:14', '2019-09-16 10:12:14', 0),
	(520, 114, NULL, 'Credit SL', 0.50, NULL, 'Auto updated by system admin', '2019-09-16 10:12:14', '2019-09-16 10:12:14', 0),
	(521, 115, NULL, 'Credit PL', 1.25, NULL, 'Auto updated by system admin', '2019-09-16 10:12:15', '2019-09-16 10:12:15', 0),
	(522, 115, NULL, 'Credit SL', 0.50, NULL, 'Auto updated by system admin', '2019-09-16 10:12:15', '2019-09-16 10:12:15', 0),
	(523, 116, NULL, 'Credit PL', 1.25, NULL, 'Auto updated by system admin', '2019-09-16 10:12:15', '2019-09-16 10:12:15', 0),
	(524, 116, NULL, 'Credit SL', 0.50, NULL, 'Auto updated by system admin', '2019-09-16 10:12:15', '2019-09-16 10:12:15', 0),
	(525, 117, NULL, 'Credit PL', 1.25, NULL, 'Auto updated by system admin', '2019-09-16 10:12:15', '2019-09-16 10:12:15', 0),
	(526, 117, NULL, 'Credit SL', 0.50, NULL, 'Auto updated by system admin', '2019-09-16 10:12:15', '2019-09-16 10:12:15', 0),
	(527, 118, NULL, 'Credit PL', 1.25, NULL, 'Auto updated by system admin', '2019-09-16 10:12:15', '2019-09-16 10:12:15', 0),
	(528, 118, NULL, 'Credit SL', 0.50, NULL, 'Auto updated by system admin', '2019-09-16 10:12:16', '2019-09-16 10:12:16', 0),
	(529, 119, NULL, 'Credit PL', 1.25, NULL, 'Auto updated by system admin', '2019-09-16 10:12:16', '2019-09-16 10:12:16', 0),
	(530, 119, NULL, 'Credit SL', 0.50, NULL, 'Auto updated by system admin', '2019-09-16 10:12:16', '2019-09-16 10:12:16', 0),
	(531, 120, NULL, 'Credit PL', 1.25, NULL, 'Auto updated by system admin', '2019-09-16 10:12:16', '2019-09-16 10:12:16', 0),
	(532, 120, NULL, 'Credit SL', 0.50, NULL, 'Auto updated by system admin', '2019-09-16 10:12:16', '2019-09-16 10:12:16', 0),
	(533, 121, NULL, 'Credit PL', 1.25, NULL, 'Auto updated by system admin', '2019-09-16 10:12:16', '2019-09-16 10:12:16', 0),
	(534, 121, NULL, 'Credit SL', 0.50, NULL, 'Auto updated by system admin', '2019-09-16 10:12:16', '2019-09-16 10:12:16', 0),
	(535, 122, NULL, 'Credit PL', 1.25, NULL, 'Auto updated by system admin', '2019-09-16 10:12:16', '2019-09-16 10:12:16', 0),
	(536, 122, NULL, 'Credit SL', 0.50, NULL, 'Auto updated by system admin', '2019-09-16 10:12:16', '2019-09-16 10:12:16', 0),
	(537, 123, NULL, 'Credit PL', 1.25, NULL, 'Auto updated by system admin', '2019-09-16 10:12:17', '2019-09-16 10:12:17', 0),
	(538, 123, NULL, 'Credit SL', 0.50, NULL, 'Auto updated by system admin', '2019-09-16 10:12:17', '2019-09-16 10:12:17', 0),
	(539, 124, NULL, 'Credit PL', 1.25, NULL, 'Auto updated by system admin', '2019-09-16 10:12:17', '2019-09-16 10:12:17', 0),
	(540, 124, NULL, 'Credit SL', 0.50, NULL, 'Auto updated by system admin', '2019-09-16 10:12:17', '2019-09-16 10:12:17', 0),
	(541, 125, NULL, 'Credit PL', 1.25, NULL, 'Auto updated by system admin', '2019-09-16 10:12:18', '2019-09-16 10:12:18', 0),
	(542, 125, NULL, 'Credit SL', 0.50, NULL, 'Auto updated by system admin', '2019-09-16 10:12:18', '2019-09-16 10:12:18', 0),
	(543, 126, NULL, 'Credit PL', 1.25, NULL, 'Auto updated by system admin', '2019-09-16 10:12:18', '2019-09-16 10:12:18', 0),
	(544, 126, NULL, 'Credit SL', 0.50, NULL, 'Auto updated by system admin', '2019-09-16 10:12:18', '2019-09-16 10:12:18', 0),
	(545, 127, NULL, 'Credit PL', 1.25, NULL, 'Auto updated by system admin', '2019-09-16 10:12:18', '2019-09-16 10:12:18', 0),
	(546, 127, NULL, 'Credit SL', 0.50, NULL, 'Auto updated by system admin', '2019-09-16 10:12:18', '2019-09-16 10:12:18', 0),
	(547, 128, NULL, 'Credit PL', 1.25, NULL, 'Auto updated by system admin', '2019-09-16 10:12:19', '2019-09-16 10:12:19', 0),
	(548, 128, NULL, 'Credit SL', 0.50, NULL, 'Auto updated by system admin', '2019-09-16 10:12:19', '2019-09-16 10:12:19', 0),
	(549, 129, NULL, 'Credit PL', 1.25, NULL, 'Auto updated by system admin', '2019-09-16 10:12:19', '2019-09-16 10:12:19', 0),
	(550, 129, NULL, 'Credit SL', 0.50, NULL, 'Auto updated by system admin', '2019-09-16 10:12:19', '2019-09-16 10:12:19', 0),
	(551, 130, NULL, 'Credit PL', 1.25, NULL, 'Auto updated by system admin', '2019-09-16 10:12:19', '2019-09-16 10:12:19', 0),
	(552, 130, NULL, 'Credit SL', 0.50, NULL, 'Auto updated by system admin', '2019-09-16 10:12:19', '2019-09-16 10:12:19', 0),
	(553, 1, NULL, 'Credit PL', 1.25, NULL, 'Auto updated by system admin', '2019-09-16 10:13:49', '2019-09-16 10:13:49', 0),
	(554, 1, NULL, 'Credit SL', 0.50, NULL, 'Auto updated by system admin', '2019-09-16 10:13:49', '2019-09-16 10:13:49', 0),
	(555, 2, NULL, 'Credit PL', 1.25, NULL, 'Auto updated by system admin', '2019-09-16 10:13:49', '2019-09-16 10:13:49', 0),
	(556, 2, NULL, 'Credit SL', 0.50, NULL, 'Auto updated by system admin', '2019-09-16 10:13:49', '2019-09-16 10:13:49', 0),
	(557, 3, NULL, 'Credit PL', 1.25, NULL, 'Auto updated by system admin', '2019-09-16 10:13:49', '2019-09-16 10:13:49', 0),
	(558, 3, NULL, 'Credit SL', 0.50, NULL, 'Auto updated by system admin', '2019-09-16 10:13:49', '2019-09-16 10:13:49', 0),
	(559, 4, NULL, 'Credit PL', 1.25, NULL, 'Auto updated by system admin', '2019-09-16 10:13:49', '2019-09-16 10:13:49', 0),
	(560, 4, NULL, 'Credit SL', 0.50, NULL, 'Auto updated by system admin', '2019-09-16 10:13:49', '2019-09-16 10:13:49', 0),
	(561, 5, NULL, 'Credit PL', 1.25, NULL, 'Auto updated by system admin', '2019-09-16 10:13:50', '2019-09-16 10:13:50', 0),
	(562, 5, NULL, 'Credit SL', 0.50, NULL, 'Auto updated by system admin', '2019-09-16 10:13:50', '2019-09-16 10:13:50', 0),
	(563, 6, NULL, 'Credit PL', 1.25, NULL, 'Auto updated by system admin', '2019-09-16 10:13:50', '2019-09-16 10:13:50', 0),
	(564, 6, NULL, 'Credit SL', 0.50, NULL, 'Auto updated by system admin', '2019-09-16 10:13:50', '2019-09-16 10:13:50', 0),
	(565, 7, NULL, 'Credit PL', 1.25, NULL, 'Auto updated by system admin', '2019-09-16 10:13:50', '2019-09-16 10:13:50', 0),
	(566, 7, NULL, 'Credit SL', 0.50, NULL, 'Auto updated by system admin', '2019-09-16 10:13:50', '2019-09-16 10:13:50', 0),
	(567, 8, NULL, 'Credit PL', 1.25, NULL, 'Auto updated by system admin', '2019-09-16 10:13:50', '2019-09-16 10:13:50', 0),
	(568, 8, NULL, 'Credit SL', 0.50, NULL, 'Auto updated by system admin', '2019-09-16 10:13:50', '2019-09-16 10:13:50', 0),
	(569, 9, NULL, 'Credit PL', 1.25, NULL, 'Auto updated by system admin', '2019-09-16 10:13:50', '2019-09-16 10:13:50', 0),
	(570, 9, NULL, 'Credit SL', 0.50, NULL, 'Auto updated by system admin', '2019-09-16 10:13:50', '2019-09-16 10:13:50', 0),
	(571, 10, NULL, 'Credit PL', 1.25, NULL, 'Auto updated by system admin', '2019-09-16 10:13:50', '2019-09-16 10:13:50', 0),
	(572, 10, NULL, 'Credit SL', 0.50, NULL, 'Auto updated by system admin', '2019-09-16 10:13:50', '2019-09-16 10:13:50', 0),
	(573, 11, NULL, 'Credit PL', 1.25, NULL, 'Auto updated by system admin', '2019-09-16 10:13:51', '2019-09-16 10:13:51', 0),
	(574, 11, NULL, 'Credit SL', 0.50, NULL, 'Auto updated by system admin', '2019-09-16 10:13:51', '2019-09-16 10:13:51', 0),
	(575, 12, NULL, 'Credit PL', 1.25, NULL, 'Auto updated by system admin', '2019-09-16 10:13:51', '2019-09-16 10:13:51', 0),
	(576, 12, NULL, 'Credit SL', 0.50, NULL, 'Auto updated by system admin', '2019-09-16 10:13:51', '2019-09-16 10:13:51', 0),
	(577, 13, NULL, 'Credit PL', 1.25, NULL, 'Auto updated by system admin', '2019-09-16 10:13:51', '2019-09-16 10:13:51', 0),
	(578, 13, NULL, 'Credit SL', 0.50, NULL, 'Auto updated by system admin', '2019-09-16 10:13:51', '2019-09-16 10:13:51', 0),
	(579, 14, NULL, 'Credit PL', 1.25, NULL, 'Auto updated by system admin', '2019-09-16 10:13:51', '2019-09-16 10:13:51', 0),
	(580, 14, NULL, 'Credit SL', 0.50, NULL, 'Auto updated by system admin', '2019-09-16 10:13:51', '2019-09-16 10:13:51', 0),
	(581, 15, NULL, 'Credit PL', 1.25, NULL, 'Auto updated by system admin', '2019-09-16 10:13:51', '2019-09-16 10:13:51', 0),
	(582, 15, NULL, 'Credit SL', 0.50, NULL, 'Auto updated by system admin', '2019-09-16 10:13:52', '2019-09-16 10:13:52', 0),
	(583, 16, NULL, 'Credit PL', 1.25, NULL, 'Auto updated by system admin', '2019-09-16 10:13:52', '2019-09-16 10:13:52', 0),
	(584, 16, NULL, 'Credit SL', 0.50, NULL, 'Auto updated by system admin', '2019-09-16 10:13:52', '2019-09-16 10:13:52', 0),
	(585, 17, NULL, 'Credit PL', 1.25, NULL, 'Auto updated by system admin', '2019-09-16 10:13:52', '2019-09-16 10:13:52', 0),
	(586, 17, NULL, 'Credit SL', 0.50, NULL, 'Auto updated by system admin', '2019-09-16 10:13:52', '2019-09-16 10:13:52', 0),
	(587, 18, NULL, 'Credit PL', 1.25, NULL, 'Auto updated by system admin', '2019-09-16 10:13:52', '2019-09-16 10:13:52', 0),
	(588, 18, NULL, 'Credit SL', 0.50, NULL, 'Auto updated by system admin', '2019-09-16 10:13:52', '2019-09-16 10:13:52', 0),
	(589, 19, NULL, 'Credit PL', 1.25, NULL, 'Auto updated by system admin', '2019-09-16 10:13:52', '2019-09-16 10:13:52', 0),
	(590, 19, NULL, 'Credit SL', 0.50, NULL, 'Auto updated by system admin', '2019-09-16 10:13:52', '2019-09-16 10:13:52', 0),
	(591, 20, NULL, 'Credit PL', 1.25, NULL, 'Auto updated by system admin', '2019-09-16 10:13:52', '2019-09-16 10:13:52', 0),
	(592, 20, NULL, 'Credit SL', 0.50, NULL, 'Auto updated by system admin', '2019-09-16 10:13:52', '2019-09-16 10:13:52', 0),
	(593, 21, NULL, 'Credit PL', 1.25, NULL, 'Auto updated by system admin', '2019-09-16 10:13:52', '2019-09-16 10:13:52', 0),
	(594, 21, NULL, 'Credit SL', 0.50, NULL, 'Auto updated by system admin', '2019-09-16 10:13:52', '2019-09-16 10:13:52', 0),
	(595, 22, NULL, 'Credit PL', 1.25, NULL, 'Auto updated by system admin', '2019-09-16 10:13:53', '2019-09-16 10:13:53', 0),
	(596, 22, NULL, 'Credit SL', 0.50, NULL, 'Auto updated by system admin', '2019-09-16 10:13:53', '2019-09-16 10:13:53', 0),
	(597, 23, NULL, 'Credit PL', 1.25, NULL, 'Auto updated by system admin', '2019-09-16 10:13:53', '2019-09-16 10:13:53', 0),
	(598, 23, NULL, 'Credit SL', 0.50, NULL, 'Auto updated by system admin', '2019-09-16 10:13:53', '2019-09-16 10:13:53', 0),
	(599, 24, NULL, 'Credit PL', 1.25, NULL, 'Auto updated by system admin', '2019-09-16 10:13:53', '2019-09-16 10:13:53', 0),
	(600, 24, NULL, 'Credit SL', 0.50, NULL, 'Auto updated by system admin', '2019-09-16 10:13:53', '2019-09-16 10:13:53', 0),
	(601, 25, NULL, 'Credit PL', 1.25, NULL, 'Auto updated by system admin', '2019-09-16 10:13:53', '2019-09-16 10:13:53', 0),
	(602, 25, NULL, 'Credit SL', 0.50, NULL, 'Auto updated by system admin', '2019-09-16 10:13:53', '2019-09-16 10:13:53', 0),
	(603, 26, NULL, 'Credit PL', 1.25, NULL, 'Auto updated by system admin', '2019-09-16 10:13:53', '2019-09-16 10:13:53', 0),
	(604, 26, NULL, 'Credit SL', 0.50, NULL, 'Auto updated by system admin', '2019-09-16 10:13:53', '2019-09-16 10:13:53', 0),
	(605, 27, NULL, 'Credit PL', 1.25, NULL, 'Auto updated by system admin', '2019-09-16 10:13:54', '2019-09-16 10:13:54', 0),
	(606, 27, NULL, 'Credit SL', 0.50, NULL, 'Auto updated by system admin', '2019-09-16 10:13:54', '2019-09-16 10:13:54', 0),
	(607, 28, NULL, 'Credit PL', 1.25, NULL, 'Auto updated by system admin', '2019-09-16 10:13:54', '2019-09-16 10:13:54', 0),
	(608, 28, NULL, 'Credit SL', 0.50, NULL, 'Auto updated by system admin', '2019-09-16 10:13:54', '2019-09-16 10:13:54', 0),
	(609, 29, NULL, 'Credit PL', 1.25, NULL, 'Auto updated by system admin', '2019-09-16 10:13:54', '2019-09-16 10:13:54', 0),
	(610, 29, NULL, 'Credit SL', 0.50, NULL, 'Auto updated by system admin', '2019-09-16 10:13:54', '2019-09-16 10:13:54', 0),
	(611, 30, NULL, 'Credit PL', 1.25, NULL, 'Auto updated by system admin', '2019-09-16 10:13:54', '2019-09-16 10:13:54', 0),
	(612, 30, NULL, 'Credit SL', 0.50, NULL, 'Auto updated by system admin', '2019-09-16 10:13:54', '2019-09-16 10:13:54', 0),
	(613, 31, NULL, 'Credit PL', 1.25, NULL, 'Auto updated by system admin', '2019-09-16 10:13:54', '2019-09-16 10:13:54', 0),
	(614, 31, NULL, 'Credit SL', 0.50, NULL, 'Auto updated by system admin', '2019-09-16 10:13:54', '2019-09-16 10:13:54', 0),
	(615, 32, NULL, 'Credit PL', 1.25, NULL, 'Auto updated by system admin', '2019-09-16 10:13:54', '2019-09-16 10:13:54', 0),
	(616, 32, NULL, 'Credit SL', 0.50, NULL, 'Auto updated by system admin', '2019-09-16 10:13:54', '2019-09-16 10:13:54', 0),
	(617, 33, NULL, 'Credit PL', 1.25, NULL, 'Auto updated by system admin', '2019-09-16 10:13:55', '2019-09-16 10:13:55', 0),
	(618, 33, NULL, 'Credit SL', 0.50, NULL, 'Auto updated by system admin', '2019-09-16 10:13:55', '2019-09-16 10:13:55', 0),
	(619, 34, NULL, 'Credit PL', 1.25, NULL, 'Auto updated by system admin', '2019-09-16 10:13:55', '2019-09-16 10:13:55', 0),
	(620, 34, NULL, 'Credit SL', 0.50, NULL, 'Auto updated by system admin', '2019-09-16 10:13:55', '2019-09-16 10:13:55', 0),
	(621, 35, NULL, 'Credit PL', 1.25, NULL, 'Auto updated by system admin', '2019-09-16 10:13:55', '2019-09-16 10:13:55', 0),
	(622, 35, NULL, 'Credit SL', 0.50, NULL, 'Auto updated by system admin', '2019-09-16 10:13:55', '2019-09-16 10:13:55', 0),
	(623, 36, NULL, 'Credit PL', 1.25, NULL, 'Auto updated by system admin', '2019-09-16 10:13:55', '2019-09-16 10:13:55', 0),
	(624, 36, NULL, 'Credit SL', 0.50, NULL, 'Auto updated by system admin', '2019-09-16 10:13:55', '2019-09-16 10:13:55', 0),
	(625, 37, NULL, 'Credit PL', 1.25, NULL, 'Auto updated by system admin', '2019-09-16 10:13:56', '2019-09-16 10:13:56', 0),
	(626, 37, NULL, 'Credit SL', 0.50, NULL, 'Auto updated by system admin', '2019-09-16 10:13:56', '2019-09-16 10:13:56', 0),
	(627, 38, NULL, 'Credit PL', 1.25, NULL, 'Auto updated by system admin', '2019-09-16 10:13:56', '2019-09-16 10:13:56', 0),
	(628, 38, NULL, 'Credit SL', 0.50, NULL, 'Auto updated by system admin', '2019-09-16 10:13:56', '2019-09-16 10:13:56', 0),
	(629, 39, NULL, 'Credit PL', 1.25, NULL, 'Auto updated by system admin', '2019-09-16 10:13:56', '2019-09-16 10:13:56', 0),
	(630, 39, NULL, 'Credit SL', 0.50, NULL, 'Auto updated by system admin', '2019-09-16 10:13:56', '2019-09-16 10:13:56', 0),
	(631, 40, NULL, 'Credit PL', 1.25, NULL, 'Auto updated by system admin', '2019-09-16 10:13:56', '2019-09-16 10:13:56', 0),
	(632, 40, NULL, 'Credit SL', 0.50, NULL, 'Auto updated by system admin', '2019-09-16 10:13:56', '2019-09-16 10:13:56', 0),
	(633, 41, NULL, 'Credit PL', 1.25, NULL, 'Auto updated by system admin', '2019-09-16 10:13:56', '2019-09-16 10:13:56', 0),
	(634, 41, NULL, 'Credit SL', 0.50, NULL, 'Auto updated by system admin', '2019-09-16 10:13:56', '2019-09-16 10:13:56', 0),
	(635, 42, NULL, 'Credit PL', 1.25, NULL, 'Auto updated by system admin', '2019-09-16 10:13:56', '2019-09-16 10:13:56', 0),
	(636, 42, NULL, 'Credit SL', 0.50, NULL, 'Auto updated by system admin', '2019-09-16 10:13:56', '2019-09-16 10:13:56', 0),
	(637, 43, NULL, 'Credit PL', 1.25, NULL, 'Auto updated by system admin', '2019-09-16 10:13:57', '2019-09-16 10:13:57', 0),
	(638, 43, NULL, 'Credit SL', 0.50, NULL, 'Auto updated by system admin', '2019-09-16 10:13:57', '2019-09-16 10:13:57', 0),
	(639, 44, NULL, 'Credit PL', 1.25, NULL, 'Auto updated by system admin', '2019-09-16 10:13:57', '2019-09-16 10:13:57', 0),
	(640, 44, NULL, 'Credit SL', 0.50, NULL, 'Auto updated by system admin', '2019-09-16 10:13:57', '2019-09-16 10:13:57', 0),
	(641, 45, NULL, 'Credit PL', 1.25, NULL, 'Auto updated by system admin', '2019-09-16 10:13:57', '2019-09-16 10:13:57', 0),
	(642, 45, NULL, 'Credit SL', 0.50, NULL, 'Auto updated by system admin', '2019-09-16 10:13:57', '2019-09-16 10:13:57', 0),
	(643, 46, NULL, 'Credit PL', 1.25, NULL, 'Auto updated by system admin', '2019-09-16 10:13:57', '2019-09-16 10:13:57', 0),
	(644, 46, NULL, 'Credit SL', 0.50, NULL, 'Auto updated by system admin', '2019-09-16 10:13:57', '2019-09-16 10:13:57', 0),
	(645, 47, NULL, 'Credit PL', 1.25, NULL, 'Auto updated by system admin', '2019-09-16 10:13:58', '2019-09-16 10:13:58', 0),
	(646, 47, NULL, 'Credit SL', 0.50, NULL, 'Auto updated by system admin', '2019-09-16 10:13:58', '2019-09-16 10:13:58', 0),
	(647, 48, NULL, 'Credit PL', 1.25, NULL, 'Auto updated by system admin', '2019-09-16 10:13:58', '2019-09-16 10:13:58', 0),
	(648, 48, NULL, 'Credit SL', 0.50, NULL, 'Auto updated by system admin', '2019-09-16 10:13:58', '2019-09-16 10:13:58', 0),
	(649, 49, NULL, 'Credit PL', 1.25, NULL, 'Auto updated by system admin', '2019-09-16 10:13:58', '2019-09-16 10:13:58', 0),
	(650, 49, NULL, 'Credit SL', 0.50, NULL, 'Auto updated by system admin', '2019-09-16 10:13:58', '2019-09-16 10:13:58', 0),
	(651, 50, NULL, 'Credit PL', 1.25, NULL, 'Auto updated by system admin', '2019-09-16 10:13:58', '2019-09-16 10:13:58', 0),
	(652, 50, NULL, 'Credit SL', 0.50, NULL, 'Auto updated by system admin', '2019-09-16 10:13:58', '2019-09-16 10:13:58', 0),
	(653, 51, NULL, 'Credit PL', 1.25, NULL, 'Auto updated by system admin', '2019-09-16 10:13:58', '2019-09-16 10:13:58', 0),
	(654, 51, NULL, 'Credit SL', 0.50, NULL, 'Auto updated by system admin', '2019-09-16 10:13:59', '2019-09-16 10:13:59', 0),
	(655, 52, NULL, 'Credit PL', 1.25, NULL, 'Auto updated by system admin', '2019-09-16 10:13:59', '2019-09-16 10:13:59', 0),
	(656, 52, NULL, 'Credit SL', 0.50, NULL, 'Auto updated by system admin', '2019-09-16 10:13:59', '2019-09-16 10:13:59', 0),
	(657, 53, NULL, 'Credit PL', 1.25, NULL, 'Auto updated by system admin', '2019-09-16 10:13:59', '2019-09-16 10:13:59', 0),
	(658, 53, NULL, 'Credit SL', 0.50, NULL, 'Auto updated by system admin', '2019-09-16 10:13:59', '2019-09-16 10:13:59', 0),
	(659, 54, NULL, 'Credit PL', 1.25, NULL, 'Auto updated by system admin', '2019-09-16 10:13:59', '2019-09-16 10:13:59', 0),
	(660, 54, NULL, 'Credit SL', 0.50, NULL, 'Auto updated by system admin', '2019-09-16 10:13:59', '2019-09-16 10:13:59', 0),
	(661, 55, NULL, 'Credit PL', 1.25, NULL, 'Auto updated by system admin', '2019-09-16 10:14:00', '2019-09-16 10:14:00', 0),
	(662, 55, NULL, 'Credit SL', 0.50, NULL, 'Auto updated by system admin', '2019-09-16 10:14:00', '2019-09-16 10:14:00', 0),
	(663, 56, NULL, 'Credit PL', 1.25, NULL, 'Auto updated by system admin', '2019-09-16 10:14:00', '2019-09-16 10:14:00', 0),
	(664, 56, NULL, 'Credit SL', 0.50, NULL, 'Auto updated by system admin', '2019-09-16 10:14:00', '2019-09-16 10:14:00', 0),
	(665, 57, NULL, 'Credit PL', 1.25, NULL, 'Auto updated by system admin', '2019-09-16 10:14:00', '2019-09-16 10:14:00', 0),
	(666, 57, NULL, 'Credit SL', 0.50, NULL, 'Auto updated by system admin', '2019-09-16 10:14:00', '2019-09-16 10:14:00', 0),
	(667, 58, NULL, 'Credit PL', 1.25, NULL, 'Auto updated by system admin', '2019-09-16 10:14:00', '2019-09-16 10:14:00', 0),
	(668, 58, NULL, 'Credit SL', 0.50, NULL, 'Auto updated by system admin', '2019-09-16 10:14:00', '2019-09-16 10:14:00', 0),
	(669, 59, NULL, 'Credit PL', 1.25, NULL, 'Auto updated by system admin', '2019-09-16 10:14:00', '2019-09-16 10:14:00', 0),
	(670, 59, NULL, 'Credit SL', 0.50, NULL, 'Auto updated by system admin', '2019-09-16 10:14:00', '2019-09-16 10:14:00', 0),
	(671, 60, NULL, 'Credit PL', 1.25, NULL, 'Auto updated by system admin', '2019-09-16 10:14:00', '2019-09-16 10:14:00', 0),
	(672, 60, NULL, 'Credit SL', 0.50, NULL, 'Auto updated by system admin', '2019-09-16 10:14:00', '2019-09-16 10:14:00', 0),
	(673, 61, NULL, 'Credit PL', 1.25, NULL, 'Auto updated by system admin', '2019-09-16 10:14:01', '2019-09-16 10:14:01', 0),
	(674, 61, NULL, 'Credit SL', 0.50, NULL, 'Auto updated by system admin', '2019-09-16 10:14:01', '2019-09-16 10:14:01', 0),
	(675, 62, NULL, 'Credit PL', 1.25, NULL, 'Auto updated by system admin', '2019-09-16 10:14:01', '2019-09-16 10:14:01', 0),
	(676, 62, NULL, 'Credit SL', 0.50, NULL, 'Auto updated by system admin', '2019-09-16 10:14:01', '2019-09-16 10:14:01', 0),
	(677, 63, NULL, 'Credit PL', 1.25, NULL, 'Auto updated by system admin', '2019-09-16 10:14:01', '2019-09-16 10:14:01', 0),
	(678, 63, NULL, 'Credit SL', 0.50, NULL, 'Auto updated by system admin', '2019-09-16 10:14:01', '2019-09-16 10:14:01', 0),
	(679, 64, NULL, 'Credit PL', 1.25, NULL, 'Auto updated by system admin', '2019-09-16 10:14:01', '2019-09-16 10:14:01', 0),
	(680, 64, NULL, 'Credit SL', 0.50, NULL, 'Auto updated by system admin', '2019-09-16 10:14:01', '2019-09-16 10:14:01', 0),
	(681, 65, NULL, 'Credit PL', 1.25, NULL, 'Auto updated by system admin', '2019-09-16 10:14:01', '2019-09-16 10:14:01', 0),
	(682, 65, NULL, 'Credit SL', 0.50, NULL, 'Auto updated by system admin', '2019-09-16 10:14:01', '2019-09-16 10:14:01', 0),
	(683, 66, NULL, 'Credit PL', 1.25, NULL, 'Auto updated by system admin', '2019-09-16 10:14:02', '2019-09-16 10:14:02', 0),
	(684, 66, NULL, 'Credit SL', 0.50, NULL, 'Auto updated by system admin', '2019-09-16 10:14:02', '2019-09-16 10:14:02', 0),
	(685, 67, NULL, 'Credit PL', 1.25, NULL, 'Auto updated by system admin', '2019-09-16 10:14:02', '2019-09-16 10:14:02', 0),
	(686, 67, NULL, 'Credit SL', 0.50, NULL, 'Auto updated by system admin', '2019-09-16 10:14:02', '2019-09-16 10:14:02', 0),
	(687, 68, NULL, 'Credit PL', 1.25, NULL, 'Auto updated by system admin', '2019-09-16 10:14:02', '2019-09-16 10:14:02', 0),
	(688, 68, NULL, 'Credit SL', 0.50, NULL, 'Auto updated by system admin', '2019-09-16 10:14:02', '2019-09-16 10:14:02', 0),
	(689, 69, NULL, 'Credit PL', 1.25, NULL, 'Auto updated by system admin', '2019-09-16 10:14:02', '2019-09-16 10:14:02', 0),
	(690, 69, NULL, 'Credit SL', 0.50, NULL, 'Auto updated by system admin', '2019-09-16 10:14:02', '2019-09-16 10:14:02', 0),
	(691, 70, NULL, 'Credit PL', 1.25, NULL, 'Auto updated by system admin', '2019-09-16 10:14:02', '2019-09-16 10:14:02', 0),
	(692, 70, NULL, 'Credit SL', 0.50, NULL, 'Auto updated by system admin', '2019-09-16 10:14:02', '2019-09-16 10:14:02', 0),
	(693, 71, NULL, 'Credit PL', 1.25, NULL, 'Auto updated by system admin', '2019-09-16 10:14:02', '2019-09-16 10:14:02', 0),
	(694, 71, NULL, 'Credit SL', 0.50, NULL, 'Auto updated by system admin', '2019-09-16 10:14:02', '2019-09-16 10:14:02', 0),
	(695, 72, NULL, 'Credit PL', 1.25, NULL, 'Auto updated by system admin', '2019-09-16 10:14:03', '2019-09-16 10:14:03', 0),
	(696, 72, NULL, 'Credit SL', 0.50, NULL, 'Auto updated by system admin', '2019-09-16 10:14:03', '2019-09-16 10:14:03', 0),
	(697, 73, NULL, 'Credit PL', 1.25, NULL, 'Auto updated by system admin', '2019-09-16 10:14:03', '2019-09-16 10:14:03', 0),
	(698, 73, NULL, 'Credit SL', 0.50, NULL, 'Auto updated by system admin', '2019-09-16 10:14:03', '2019-09-16 10:14:03', 0),
	(699, 74, NULL, 'Credit PL', 1.25, NULL, 'Auto updated by system admin', '2019-09-16 10:14:03', '2019-09-16 10:14:03', 0),
	(700, 74, NULL, 'Credit SL', 0.50, NULL, 'Auto updated by system admin', '2019-09-16 10:14:03', '2019-09-16 10:14:03', 0),
	(701, 75, NULL, 'Credit PL', 1.25, NULL, 'Auto updated by system admin', '2019-09-16 10:14:03', '2019-09-16 10:14:03', 0),
	(702, 75, NULL, 'Credit SL', 0.50, NULL, 'Auto updated by system admin', '2019-09-16 10:14:03', '2019-09-16 10:14:03', 0),
	(703, 76, NULL, 'Credit PL', 1.25, NULL, 'Auto updated by system admin', '2019-09-16 10:14:03', '2019-09-16 10:14:03', 0),
	(704, 76, NULL, 'Credit SL', 0.50, NULL, 'Auto updated by system admin', '2019-09-16 10:14:04', '2019-09-16 10:14:04', 0),
	(705, 77, NULL, 'Credit PL', 1.25, NULL, 'Auto updated by system admin', '2019-09-16 10:14:04', '2019-09-16 10:14:04', 0),
	(706, 77, NULL, 'Credit SL', 0.50, NULL, 'Auto updated by system admin', '2019-09-16 10:14:04', '2019-09-16 10:14:04', 0),
	(707, 78, NULL, 'Credit PL', 1.25, NULL, 'Auto updated by system admin', '2019-09-16 10:14:04', '2019-09-16 10:14:04', 0),
	(708, 78, NULL, 'Credit SL', 0.50, NULL, 'Auto updated by system admin', '2019-09-16 10:14:04', '2019-09-16 10:14:04', 0),
	(709, 79, NULL, 'Credit PL', 1.25, NULL, 'Auto updated by system admin', '2019-09-16 10:14:04', '2019-09-16 10:14:04', 0),
	(710, 79, NULL, 'Credit SL', 0.50, NULL, 'Auto updated by system admin', '2019-09-16 10:14:04', '2019-09-16 10:14:04', 0),
	(711, 80, NULL, 'Credit PL', 1.25, NULL, 'Auto updated by system admin', '2019-09-16 10:14:04', '2019-09-16 10:14:04', 0),
	(712, 80, NULL, 'Credit SL', 0.50, NULL, 'Auto updated by system admin', '2019-09-16 10:14:04', '2019-09-16 10:14:04', 0),
	(713, 81, NULL, 'Credit PL', 1.25, NULL, 'Auto updated by system admin', '2019-09-16 10:14:05', '2019-09-16 10:14:05', 0),
	(714, 81, NULL, 'Credit SL', 0.50, NULL, 'Auto updated by system admin', '2019-09-16 10:14:05', '2019-09-16 10:14:05', 0),
	(715, 82, NULL, 'Credit PL', 1.25, NULL, 'Auto updated by system admin', '2019-09-16 10:14:05', '2019-09-16 10:14:05', 0),
	(716, 82, NULL, 'Credit SL', 0.50, NULL, 'Auto updated by system admin', '2019-09-16 10:14:05', '2019-09-16 10:14:05', 0),
	(717, 83, NULL, 'Credit PL', 1.25, NULL, 'Auto updated by system admin', '2019-09-16 10:14:05', '2019-09-16 10:14:05', 0),
	(718, 83, NULL, 'Credit SL', 0.50, NULL, 'Auto updated by system admin', '2019-09-16 10:14:05', '2019-09-16 10:14:05', 0),
	(719, 84, NULL, 'Credit PL', 1.25, NULL, 'Auto updated by system admin', '2019-09-16 10:14:05', '2019-09-16 10:14:05', 0),
	(720, 84, NULL, 'Credit SL', 0.50, NULL, 'Auto updated by system admin', '2019-09-16 10:14:05', '2019-09-16 10:14:05', 0),
	(721, 85, NULL, 'Credit PL', 1.25, NULL, 'Auto updated by system admin', '2019-09-16 10:14:05', '2019-09-16 10:14:05', 0),
	(722, 85, NULL, 'Credit SL', 0.50, NULL, 'Auto updated by system admin', '2019-09-16 10:14:05', '2019-09-16 10:14:05', 0),
	(723, 86, NULL, 'Credit PL', 1.25, NULL, 'Auto updated by system admin', '2019-09-16 10:14:06', '2019-09-16 10:14:06', 0),
	(724, 86, NULL, 'Credit SL', 0.50, NULL, 'Auto updated by system admin', '2019-09-16 10:14:06', '2019-09-16 10:14:06', 0),
	(725, 87, NULL, 'Credit PL', 1.25, NULL, 'Auto updated by system admin', '2019-09-16 10:14:06', '2019-09-16 10:14:06', 0),
	(726, 87, NULL, 'Credit SL', 0.50, NULL, 'Auto updated by system admin', '2019-09-16 10:14:06', '2019-09-16 10:14:06', 0),
	(727, 88, NULL, 'Credit PL', 1.25, NULL, 'Auto updated by system admin', '2019-09-16 10:14:06', '2019-09-16 10:14:06', 0),
	(728, 88, NULL, 'Credit SL', 0.50, NULL, 'Auto updated by system admin', '2019-09-16 10:14:06', '2019-09-16 10:14:06', 0),
	(729, 89, NULL, 'Credit PL', 1.25, NULL, 'Auto updated by system admin', '2019-09-16 10:14:06', '2019-09-16 10:14:06', 0),
	(730, 89, NULL, 'Credit SL', 0.50, NULL, 'Auto updated by system admin', '2019-09-16 10:14:06', '2019-09-16 10:14:06', 0),
	(731, 90, NULL, 'Credit PL', 1.25, NULL, 'Auto updated by system admin', '2019-09-16 10:14:06', '2019-09-16 10:14:06', 0),
	(732, 90, NULL, 'Credit SL', 0.50, NULL, 'Auto updated by system admin', '2019-09-16 10:14:07', '2019-09-16 10:14:07', 0),
	(733, 91, NULL, 'Credit PL', 1.25, NULL, 'Auto updated by system admin', '2019-09-16 10:14:07', '2019-09-16 10:14:07', 0),
	(734, 91, NULL, 'Credit SL', 0.50, NULL, 'Auto updated by system admin', '2019-09-16 10:14:07', '2019-09-16 10:14:07', 0),
	(735, 92, NULL, 'Credit PL', 1.25, NULL, 'Auto updated by system admin', '2019-09-16 10:14:07', '2019-09-16 10:14:07', 0),
	(736, 92, NULL, 'Credit SL', 0.50, NULL, 'Auto updated by system admin', '2019-09-16 10:14:07', '2019-09-16 10:14:07', 0),
	(737, 93, NULL, 'Credit PL', 1.25, NULL, 'Auto updated by system admin', '2019-09-16 10:14:07', '2019-09-16 10:14:07', 0),
	(738, 93, NULL, 'Credit SL', 0.50, NULL, 'Auto updated by system admin', '2019-09-16 10:14:07', '2019-09-16 10:14:07', 0),
	(739, 94, NULL, 'Credit PL', 1.25, NULL, 'Auto updated by system admin', '2019-09-16 10:14:07', '2019-09-16 10:14:07', 0),
	(740, 94, NULL, 'Credit SL', 0.50, NULL, 'Auto updated by system admin', '2019-09-16 10:14:07', '2019-09-16 10:14:07', 0),
	(741, 95, NULL, 'Credit PL', 1.25, NULL, 'Auto updated by system admin', '2019-09-16 10:14:07', '2019-09-16 10:14:07', 0),
	(742, 95, NULL, 'Credit SL', 0.50, NULL, 'Auto updated by system admin', '2019-09-16 10:14:08', '2019-09-16 10:14:08', 0),
	(743, 96, NULL, 'Credit PL', 1.25, NULL, 'Auto updated by system admin', '2019-09-16 10:14:08', '2019-09-16 10:14:08', 0),
	(744, 96, NULL, 'Credit SL', 0.50, NULL, 'Auto updated by system admin', '2019-09-16 10:14:08', '2019-09-16 10:14:08', 0),
	(745, 97, NULL, 'Credit PL', 1.25, NULL, 'Auto updated by system admin', '2019-09-16 10:14:08', '2019-09-16 10:14:08', 0),
	(746, 97, NULL, 'Credit SL', 0.50, NULL, 'Auto updated by system admin', '2019-09-16 10:14:08', '2019-09-16 10:14:08', 0),
	(747, 98, NULL, 'Credit PL', 1.25, NULL, 'Auto updated by system admin', '2019-09-16 10:14:08', '2019-09-16 10:14:08', 0),
	(748, 98, NULL, 'Credit SL', 0.50, NULL, 'Auto updated by system admin', '2019-09-16 10:14:09', '2019-09-16 10:14:09', 0),
	(749, 99, NULL, 'Credit PL', 1.25, NULL, 'Auto updated by system admin', '2019-09-16 10:14:09', '2019-09-16 10:14:09', 0),
	(750, 99, NULL, 'Credit SL', 0.50, NULL, 'Auto updated by system admin', '2019-09-16 10:14:09', '2019-09-16 10:14:09', 0),
	(751, 100, NULL, 'Credit PL', 1.25, NULL, 'Auto updated by system admin', '2019-09-16 10:14:09', '2019-09-16 10:14:09', 0),
	(752, 100, NULL, 'Credit SL', 0.50, NULL, 'Auto updated by system admin', '2019-09-16 10:14:09', '2019-09-16 10:14:09', 0),
	(753, 101, NULL, 'Credit PL', 1.25, NULL, 'Auto updated by system admin', '2019-09-16 10:14:09', '2019-09-16 10:14:09', 0),
	(754, 101, NULL, 'Credit SL', 0.50, NULL, 'Auto updated by system admin', '2019-09-16 10:14:09', '2019-09-16 10:14:09', 0),
	(755, 102, NULL, 'Credit PL', 1.25, NULL, 'Auto updated by system admin', '2019-09-16 10:14:09', '2019-09-16 10:14:09', 0),
	(756, 102, NULL, 'Credit SL', 0.50, NULL, 'Auto updated by system admin', '2019-09-16 10:14:09', '2019-09-16 10:14:09', 0),
	(757, 103, NULL, 'Credit PL', 1.25, NULL, 'Auto updated by system admin', '2019-09-16 10:14:09', '2019-09-16 10:14:09', 0),
	(758, 103, NULL, 'Credit SL', 0.50, NULL, 'Auto updated by system admin', '2019-09-16 10:14:09', '2019-09-16 10:14:09', 0),
	(759, 104, NULL, 'Credit PL', 1.25, NULL, 'Auto updated by system admin', '2019-09-16 10:14:09', '2019-09-16 10:14:09', 0),
	(760, 104, NULL, 'Credit SL', 0.50, NULL, 'Auto updated by system admin', '2019-09-16 10:14:10', '2019-09-16 10:14:10', 0),
	(761, 105, NULL, 'Credit PL', 1.25, NULL, 'Auto updated by system admin', '2019-09-16 10:14:10', '2019-09-16 10:14:10', 0),
	(762, 105, NULL, 'Credit SL', 0.50, NULL, 'Auto updated by system admin', '2019-09-16 10:14:10', '2019-09-16 10:14:10', 0),
	(763, 106, NULL, 'Credit PL', 1.25, NULL, 'Auto updated by system admin', '2019-09-16 10:14:10', '2019-09-16 10:14:10', 0),
	(764, 106, NULL, 'Credit SL', 0.50, NULL, 'Auto updated by system admin', '2019-09-16 10:14:10', '2019-09-16 10:14:10', 0),
	(765, 107, NULL, 'Credit PL', 1.25, NULL, 'Auto updated by system admin', '2019-09-16 10:14:10', '2019-09-16 10:14:10', 0),
	(766, 107, NULL, 'Credit SL', 0.50, NULL, 'Auto updated by system admin', '2019-09-16 10:14:10', '2019-09-16 10:14:10', 0),
	(767, 108, NULL, 'Credit PL', 1.25, NULL, 'Auto updated by system admin', '2019-09-16 10:14:10', '2019-09-16 10:14:10', 0),
	(768, 108, NULL, 'Credit SL', 0.50, NULL, 'Auto updated by system admin', '2019-09-16 10:14:10', '2019-09-16 10:14:10', 0),
	(769, 109, NULL, 'Credit PL', 1.25, NULL, 'Auto updated by system admin', '2019-09-16 10:14:10', '2019-09-16 10:14:10', 0),
	(770, 109, NULL, 'Credit SL', 0.50, NULL, 'Auto updated by system admin', '2019-09-16 10:14:11', '2019-09-16 10:14:11', 0),
	(771, 110, NULL, 'Credit PL', 1.25, NULL, 'Auto updated by system admin', '2019-09-16 10:14:11', '2019-09-16 10:14:11', 0),
	(772, 110, NULL, 'Credit SL', 0.50, NULL, 'Auto updated by system admin', '2019-09-16 10:14:11', '2019-09-16 10:14:11', 0),
	(773, 111, NULL, 'Credit PL', 1.25, NULL, 'Auto updated by system admin', '2019-09-16 10:14:11', '2019-09-16 10:14:11', 0),
	(774, 111, NULL, 'Credit SL', 0.50, NULL, 'Auto updated by system admin', '2019-09-16 10:14:11', '2019-09-16 10:14:11', 0),
	(775, 112, NULL, 'Credit PL', 1.25, NULL, 'Auto updated by system admin', '2019-09-16 10:14:11', '2019-09-16 10:14:11', 0),
	(776, 112, NULL, 'Credit SL', 0.50, NULL, 'Auto updated by system admin', '2019-09-16 10:14:11', '2019-09-16 10:14:11', 0),
	(777, 113, NULL, 'Credit PL', 1.25, NULL, 'Auto updated by system admin', '2019-09-16 10:14:11', '2019-09-16 10:14:11', 0),
	(778, 113, NULL, 'Credit SL', 0.50, NULL, 'Auto updated by system admin', '2019-09-16 10:14:11', '2019-09-16 10:14:11', 0),
	(779, 114, NULL, 'Credit PL', 1.25, NULL, 'Auto updated by system admin', '2019-09-16 10:14:11', '2019-09-16 10:14:11', 0),
	(780, 114, NULL, 'Credit SL', 0.50, NULL, 'Auto updated by system admin', '2019-09-16 10:14:11', '2019-09-16 10:14:11', 0),
	(781, 115, NULL, 'Credit PL', 1.25, NULL, 'Auto updated by system admin', '2019-09-16 10:14:11', '2019-09-16 10:14:11', 0),
	(782, 115, NULL, 'Credit SL', 0.50, NULL, 'Auto updated by system admin', '2019-09-16 10:14:12', '2019-09-16 10:14:12', 0),
	(783, 116, NULL, 'Credit PL', 1.25, NULL, 'Auto updated by system admin', '2019-09-16 10:14:12', '2019-09-16 10:14:12', 0),
	(784, 116, NULL, 'Credit SL', 0.50, NULL, 'Auto updated by system admin', '2019-09-16 10:14:12', '2019-09-16 10:14:12', 0),
	(785, 117, NULL, 'Credit PL', 1.25, NULL, 'Auto updated by system admin', '2019-09-16 10:14:12', '2019-09-16 10:14:12', 0),
	(786, 117, NULL, 'Credit SL', 0.50, NULL, 'Auto updated by system admin', '2019-09-16 10:14:12', '2019-09-16 10:14:12', 0),
	(787, 118, NULL, 'Credit PL', 1.25, NULL, 'Auto updated by system admin', '2019-09-16 10:14:12', '2019-09-16 10:14:12', 0),
	(788, 118, NULL, 'Credit SL', 0.50, NULL, 'Auto updated by system admin', '2019-09-16 10:14:12', '2019-09-16 10:14:12', 0),
	(789, 119, NULL, 'Credit PL', 1.25, NULL, 'Auto updated by system admin', '2019-09-16 10:14:13', '2019-09-16 10:14:13', 0),
	(790, 119, NULL, 'Credit SL', 0.50, NULL, 'Auto updated by system admin', '2019-09-16 10:14:13', '2019-09-16 10:14:13', 0),
	(791, 120, NULL, 'Credit PL', 1.25, NULL, 'Auto updated by system admin', '2019-09-16 10:14:13', '2019-09-16 10:14:13', 0),
	(792, 120, NULL, 'Credit SL', 0.50, NULL, 'Auto updated by system admin', '2019-09-16 10:14:13', '2019-09-16 10:14:13', 0),
	(793, 121, NULL, 'Credit PL', 1.25, NULL, 'Auto updated by system admin', '2019-09-16 10:14:13', '2019-09-16 10:14:13', 0),
	(794, 121, NULL, 'Credit SL', 0.50, NULL, 'Auto updated by system admin', '2019-09-16 10:14:13', '2019-09-16 10:14:13', 0),
	(795, 122, NULL, 'Credit PL', 1.25, NULL, 'Auto updated by system admin', '2019-09-16 10:14:13', '2019-09-16 10:14:13', 0),
	(796, 122, NULL, 'Credit SL', 0.50, NULL, 'Auto updated by system admin', '2019-09-16 10:14:13', '2019-09-16 10:14:13', 0),
	(797, 123, NULL, 'Credit PL', 1.25, NULL, 'Auto updated by system admin', '2019-09-16 10:14:13', '2019-09-16 10:14:13', 0),
	(798, 123, NULL, 'Credit SL', 0.50, NULL, 'Auto updated by system admin', '2019-09-16 10:14:13', '2019-09-16 10:14:13', 0),
	(799, 124, NULL, 'Credit PL', 1.25, NULL, 'Auto updated by system admin', '2019-09-16 10:14:14', '2019-09-16 10:14:14', 0),
	(800, 124, NULL, 'Credit SL', 0.50, NULL, 'Auto updated by system admin', '2019-09-16 10:14:14', '2019-09-16 10:14:14', 0),
	(801, 125, NULL, 'Credit PL', 1.25, NULL, 'Auto updated by system admin', '2019-09-16 10:14:14', '2019-09-16 10:14:14', 0),
	(802, 125, NULL, 'Credit SL', 0.50, NULL, 'Auto updated by system admin', '2019-09-16 10:14:14', '2019-09-16 10:14:14', 0),
	(803, 126, NULL, 'Credit PL', 1.25, NULL, 'Auto updated by system admin', '2019-09-16 10:14:14', '2019-09-16 10:14:14', 0),
	(804, 126, NULL, 'Credit SL', 0.50, NULL, 'Auto updated by system admin', '2019-09-16 10:14:14', '2019-09-16 10:14:14', 0),
	(805, 127, NULL, 'Credit PL', 1.25, NULL, 'Auto updated by system admin', '2019-09-16 10:14:14', '2019-09-16 10:14:14', 0),
	(806, 127, NULL, 'Credit SL', 0.50, NULL, 'Auto updated by system admin', '2019-09-16 10:14:14', '2019-09-16 10:14:14', 0),
	(807, 128, NULL, 'Credit PL', 1.25, NULL, 'Auto updated by system admin', '2019-09-16 10:14:15', '2019-09-16 10:14:15', 0),
	(808, 128, NULL, 'Credit SL', 0.50, NULL, 'Auto updated by system admin', '2019-09-16 10:14:15', '2019-09-16 10:14:15', 0),
	(809, 129, NULL, 'Credit PL', 1.25, NULL, 'Auto updated by system admin', '2019-09-16 10:14:15', '2019-09-16 10:14:15', 0),
	(810, 129, NULL, 'Credit SL', 0.50, NULL, 'Auto updated by system admin', '2019-09-16 10:14:15', '2019-09-16 10:14:15', 0),
	(811, 130, NULL, 'Credit PL', 1.25, NULL, 'Auto updated by system admin', '2019-09-16 10:14:15', '2019-09-16 10:14:15', 0),
	(812, 130, NULL, 'Credit SL', 0.50, NULL, 'Auto updated by system admin', '2019-09-16 10:14:15', '2019-09-16 10:14:15', 0),
	(813, 1, NULL, 'Credit PL', 1.25, NULL, 'Auto updated by system admin', '2019-09-16 10:15:11', '2019-09-16 10:15:11', 0),
	(814, 1, NULL, 'Credit SL', 0.50, NULL, 'Auto updated by system admin', '2019-09-16 10:15:11', '2019-09-16 10:15:11', 0),
	(815, 2, NULL, 'Credit PL', 1.25, NULL, 'Auto updated by system admin', '2019-09-16 10:15:11', '2019-09-16 10:15:11', 0),
	(816, 2, NULL, 'Credit SL', 0.50, NULL, 'Auto updated by system admin', '2019-09-16 10:15:11', '2019-09-16 10:15:11', 0),
	(817, 3, NULL, 'Credit PL', 1.25, NULL, 'Auto updated by system admin', '2019-09-16 10:15:12', '2019-09-16 10:15:12', 0),
	(818, 3, NULL, 'Credit SL', 0.50, NULL, 'Auto updated by system admin', '2019-09-16 10:15:12', '2019-09-16 10:15:12', 0),
	(819, 4, NULL, 'Credit PL', 1.25, NULL, 'Auto updated by system admin', '2019-09-16 10:15:12', '2019-09-16 10:15:12', 0),
	(820, 4, NULL, 'Credit SL', 0.50, NULL, 'Auto updated by system admin', '2019-09-16 10:15:12', '2019-09-16 10:15:12', 0),
	(821, 5, NULL, 'Credit PL', 1.25, NULL, 'Auto updated by system admin', '2019-09-16 10:15:12', '2019-09-16 10:15:12', 0),
	(822, 5, NULL, 'Credit SL', 0.50, NULL, 'Auto updated by system admin', '2019-09-16 10:15:12', '2019-09-16 10:15:12', 0),
	(823, 6, NULL, 'Credit PL', 1.25, NULL, 'Auto updated by system admin', '2019-09-16 10:15:12', '2019-09-16 10:15:12', 0),
	(824, 6, NULL, 'Credit SL', 0.50, NULL, 'Auto updated by system admin', '2019-09-16 10:15:12', '2019-09-16 10:15:12', 0),
	(825, 7, NULL, 'Credit PL', 1.25, NULL, 'Auto updated by system admin', '2019-09-16 10:15:12', '2019-09-16 10:15:12', 0),
	(826, 7, NULL, 'Credit SL', 0.50, NULL, 'Auto updated by system admin', '2019-09-16 10:15:12', '2019-09-16 10:15:12', 0),
	(827, 8, NULL, 'Credit PL', 1.25, NULL, 'Auto updated by system admin', '2019-09-16 10:15:12', '2019-09-16 10:15:12', 0),
	(828, 8, NULL, 'Credit SL', 0.50, NULL, 'Auto updated by system admin', '2019-09-16 10:15:12', '2019-09-16 10:15:12', 0),
	(829, 9, NULL, 'Credit PL', 1.25, NULL, 'Auto updated by system admin', '2019-09-16 10:15:13', '2019-09-16 10:15:13', 0),
	(830, 9, NULL, 'Credit SL', 0.50, NULL, 'Auto updated by system admin', '2019-09-16 10:15:13', '2019-09-16 10:15:13', 0),
	(831, 10, NULL, 'Credit PL', 1.25, NULL, 'Auto updated by system admin', '2019-09-16 10:15:13', '2019-09-16 10:15:13', 0),
	(832, 10, NULL, 'Credit SL', 0.50, NULL, 'Auto updated by system admin', '2019-09-16 10:15:13', '2019-09-16 10:15:13', 0),
	(833, 11, NULL, 'Credit PL', 1.25, NULL, 'Auto updated by system admin', '2019-09-16 10:15:13', '2019-09-16 10:15:13', 0),
	(834, 11, NULL, 'Credit SL', 0.50, NULL, 'Auto updated by system admin', '2019-09-16 10:15:13', '2019-09-16 10:15:13', 0),
	(835, 12, NULL, 'Credit PL', 1.25, NULL, 'Auto updated by system admin', '2019-09-16 10:15:13', '2019-09-16 10:15:13', 0),
	(836, 12, NULL, 'Credit SL', 0.50, NULL, 'Auto updated by system admin', '2019-09-16 10:15:14', '2019-09-16 10:15:14', 0),
	(837, 13, NULL, 'Credit PL', 1.25, NULL, 'Auto updated by system admin', '2019-09-16 10:15:14', '2019-09-16 10:15:14', 0),
	(838, 13, NULL, 'Credit SL', 0.50, NULL, 'Auto updated by system admin', '2019-09-16 10:15:14', '2019-09-16 10:15:14', 0),
	(839, 14, NULL, 'Credit PL', 1.25, NULL, 'Auto updated by system admin', '2019-09-16 10:15:14', '2019-09-16 10:15:14', 0),
	(840, 14, NULL, 'Credit SL', 0.50, NULL, 'Auto updated by system admin', '2019-09-16 10:15:14', '2019-09-16 10:15:14', 0),
	(841, 15, NULL, 'Credit PL', 1.25, NULL, 'Auto updated by system admin', '2019-09-16 10:15:14', '2019-09-16 10:15:14', 0),
	(842, 15, NULL, 'Credit SL', 0.50, NULL, 'Auto updated by system admin', '2019-09-16 10:15:14', '2019-09-16 10:15:14', 0),
	(843, 16, NULL, 'Credit PL', 1.25, NULL, 'Auto updated by system admin', '2019-09-16 10:15:15', '2019-09-16 10:15:15', 0),
	(844, 16, NULL, 'Credit SL', 0.50, NULL, 'Auto updated by system admin', '2019-09-16 10:15:15', '2019-09-16 10:15:15', 0),
	(845, 17, NULL, 'Credit PL', 1.25, NULL, 'Auto updated by system admin', '2019-09-16 10:15:15', '2019-09-16 10:15:15', 0),
	(846, 17, NULL, 'Credit SL', 0.50, NULL, 'Auto updated by system admin', '2019-09-16 10:15:15', '2019-09-16 10:15:15', 0),
	(847, 18, NULL, 'Credit PL', 1.25, NULL, 'Auto updated by system admin', '2019-09-16 10:15:15', '2019-09-16 10:15:15', 0),
	(848, 18, NULL, 'Credit SL', 0.50, NULL, 'Auto updated by system admin', '2019-09-16 10:15:15', '2019-09-16 10:15:15', 0),
	(849, 19, NULL, 'Credit PL', 1.25, NULL, 'Auto updated by system admin', '2019-09-16 10:15:16', '2019-09-16 10:15:16', 0),
	(850, 19, NULL, 'Credit SL', 0.50, NULL, 'Auto updated by system admin', '2019-09-16 10:15:16', '2019-09-16 10:15:16', 0),
	(851, 20, NULL, 'Credit PL', 1.25, NULL, 'Auto updated by system admin', '2019-09-16 10:15:16', '2019-09-16 10:15:16', 0),
	(852, 20, NULL, 'Credit SL', 0.50, NULL, 'Auto updated by system admin', '2019-09-16 10:15:16', '2019-09-16 10:15:16', 0),
	(853, 21, NULL, 'Credit PL', 1.25, NULL, 'Auto updated by system admin', '2019-09-16 10:15:16', '2019-09-16 10:15:16', 0),
	(854, 21, NULL, 'Credit SL', 0.50, NULL, 'Auto updated by system admin', '2019-09-16 10:15:17', '2019-09-16 10:15:17', 0),
	(855, 22, NULL, 'Credit PL', 1.25, NULL, 'Auto updated by system admin', '2019-09-16 10:15:17', '2019-09-16 10:15:17', 0),
	(856, 22, NULL, 'Credit SL', 0.50, NULL, 'Auto updated by system admin', '2019-09-16 10:15:17', '2019-09-16 10:15:17', 0),
	(857, 23, NULL, 'Credit PL', 1.25, NULL, 'Auto updated by system admin', '2019-09-16 10:15:17', '2019-09-16 10:15:17', 0),
	(858, 23, NULL, 'Credit SL', 0.50, NULL, 'Auto updated by system admin', '2019-09-16 10:15:17', '2019-09-16 10:15:17', 0),
	(859, 24, NULL, 'Credit PL', 1.25, NULL, 'Auto updated by system admin', '2019-09-16 10:15:18', '2019-09-16 10:15:18', 0),
	(860, 24, NULL, 'Credit SL', 0.50, NULL, 'Auto updated by system admin', '2019-09-16 10:15:18', '2019-09-16 10:15:18', 0),
	(861, 25, NULL, 'Credit PL', 1.25, NULL, 'Auto updated by system admin', '2019-09-16 10:15:18', '2019-09-16 10:15:18', 0),
	(862, 25, NULL, 'Credit SL', 0.50, NULL, 'Auto updated by system admin', '2019-09-16 10:15:18', '2019-09-16 10:15:18', 0),
	(863, 26, NULL, 'Credit PL', 1.25, NULL, 'Auto updated by system admin', '2019-09-16 10:15:18', '2019-09-16 10:15:18', 0),
	(864, 26, NULL, 'Credit SL', 0.50, NULL, 'Auto updated by system admin', '2019-09-16 10:15:18', '2019-09-16 10:15:18', 0),
	(865, 27, NULL, 'Credit PL', 1.25, NULL, 'Auto updated by system admin', '2019-09-16 10:15:18', '2019-09-16 10:15:18', 0),
	(866, 27, NULL, 'Credit SL', 0.50, NULL, 'Auto updated by system admin', '2019-09-16 10:15:18', '2019-09-16 10:15:18', 0),
	(867, 28, NULL, 'Credit PL', 1.25, NULL, 'Auto updated by system admin', '2019-09-16 10:15:19', '2019-09-16 10:15:19', 0),
	(868, 28, NULL, 'Credit SL', 0.50, NULL, 'Auto updated by system admin', '2019-09-16 10:15:19', '2019-09-16 10:15:19', 0),
	(869, 29, NULL, 'Credit PL', 1.25, NULL, 'Auto updated by system admin', '2019-09-16 10:15:19', '2019-09-16 10:15:19', 0),
	(870, 29, NULL, 'Credit SL', 0.50, NULL, 'Auto updated by system admin', '2019-09-16 10:15:19', '2019-09-16 10:15:19', 0),
	(871, 30, NULL, 'Credit PL', 1.25, NULL, 'Auto updated by system admin', '2019-09-16 10:15:19', '2019-09-16 10:15:19', 0),
	(872, 30, NULL, 'Credit SL', 0.50, NULL, 'Auto updated by system admin', '2019-09-16 10:15:19', '2019-09-16 10:15:19', 0),
	(873, 31, NULL, 'Credit PL', 1.25, NULL, 'Auto updated by system admin', '2019-09-16 10:15:19', '2019-09-16 10:15:19', 0),
	(874, 31, NULL, 'Credit SL', 0.50, NULL, 'Auto updated by system admin', '2019-09-16 10:15:19', '2019-09-16 10:15:19', 0),
	(875, 32, NULL, 'Credit PL', 1.25, NULL, 'Auto updated by system admin', '2019-09-16 10:15:20', '2019-09-16 10:15:20', 0),
	(876, 32, NULL, 'Credit SL', 0.50, NULL, 'Auto updated by system admin', '2019-09-16 10:15:20', '2019-09-16 10:15:20', 0),
	(877, 33, NULL, 'Credit PL', 1.25, NULL, 'Auto updated by system admin', '2019-09-16 10:15:20', '2019-09-16 10:15:20', 0),
	(878, 33, NULL, 'Credit SL', 0.50, NULL, 'Auto updated by system admin', '2019-09-16 10:15:20', '2019-09-16 10:15:20', 0),
	(879, 34, NULL, 'Credit PL', 1.25, NULL, 'Auto updated by system admin', '2019-09-16 10:15:21', '2019-09-16 10:15:21', 0),
	(880, 34, NULL, 'Credit SL', 0.50, NULL, 'Auto updated by system admin', '2019-09-16 10:15:21', '2019-09-16 10:15:21', 0),
	(881, 35, NULL, 'Credit PL', 1.25, NULL, 'Auto updated by system admin', '2019-09-16 10:15:21', '2019-09-16 10:15:21', 0),
	(882, 35, NULL, 'Credit SL', 0.50, NULL, 'Auto updated by system admin', '2019-09-16 10:15:21', '2019-09-16 10:15:21', 0),
	(883, 36, NULL, 'Credit PL', 1.25, NULL, 'Auto updated by system admin', '2019-09-16 10:15:21', '2019-09-16 10:15:21', 0),
	(884, 36, NULL, 'Credit SL', 0.50, NULL, 'Auto updated by system admin', '2019-09-16 10:15:21', '2019-09-16 10:15:21', 0),
	(885, 37, NULL, 'Credit PL', 1.25, NULL, 'Auto updated by system admin', '2019-09-16 10:15:22', '2019-09-16 10:15:22', 0),
	(886, 37, NULL, 'Credit SL', 0.50, NULL, 'Auto updated by system admin', '2019-09-16 10:15:22', '2019-09-16 10:15:22', 0),
	(887, 38, NULL, 'Credit PL', 1.25, NULL, 'Auto updated by system admin', '2019-09-16 10:15:22', '2019-09-16 10:15:22', 0),
	(888, 38, NULL, 'Credit SL', 0.50, NULL, 'Auto updated by system admin', '2019-09-16 10:15:22', '2019-09-16 10:15:22', 0),
	(889, 39, NULL, 'Credit PL', 1.25, NULL, 'Auto updated by system admin', '2019-09-16 10:15:22', '2019-09-16 10:15:22', 0),
	(890, 39, NULL, 'Credit SL', 0.50, NULL, 'Auto updated by system admin', '2019-09-16 10:15:22', '2019-09-16 10:15:22', 0),
	(891, 40, NULL, 'Credit PL', 1.25, NULL, 'Auto updated by system admin', '2019-09-16 10:15:22', '2019-09-16 10:15:22', 0),
	(892, 40, NULL, 'Credit SL', 0.50, NULL, 'Auto updated by system admin', '2019-09-16 10:15:22', '2019-09-16 10:15:22', 0),
	(893, 41, NULL, 'Credit PL', 1.25, NULL, 'Auto updated by system admin', '2019-09-16 10:15:23', '2019-09-16 10:15:23', 0),
	(894, 41, NULL, 'Credit SL', 0.50, NULL, 'Auto updated by system admin', '2019-09-16 10:15:23', '2019-09-16 10:15:23', 0),
	(895, 42, NULL, 'Credit PL', 1.25, NULL, 'Auto updated by system admin', '2019-09-16 10:15:23', '2019-09-16 10:15:23', 0),
	(896, 42, NULL, 'Credit SL', 0.50, NULL, 'Auto updated by system admin', '2019-09-16 10:15:23', '2019-09-16 10:15:23', 0),
	(897, 43, NULL, 'Credit PL', 1.25, NULL, 'Auto updated by system admin', '2019-09-16 10:15:23', '2019-09-16 10:15:23', 0),
	(898, 43, NULL, 'Credit SL', 0.50, NULL, 'Auto updated by system admin', '2019-09-16 10:15:23', '2019-09-16 10:15:23', 0),
	(899, 44, NULL, 'Credit PL', 1.25, NULL, 'Auto updated by system admin', '2019-09-16 10:15:23', '2019-09-16 10:15:23', 0),
	(900, 44, NULL, 'Credit SL', 0.50, NULL, 'Auto updated by system admin', '2019-09-16 10:15:24', '2019-09-16 10:15:24', 0),
	(901, 45, NULL, 'Credit PL', 1.25, NULL, 'Auto updated by system admin', '2019-09-16 10:15:24', '2019-09-16 10:15:24', 0),
	(902, 45, NULL, 'Credit SL', 0.50, NULL, 'Auto updated by system admin', '2019-09-16 10:15:24', '2019-09-16 10:15:24', 0),
	(903, 46, NULL, 'Credit PL', 1.25, NULL, 'Auto updated by system admin', '2019-09-16 10:15:24', '2019-09-16 10:15:24', 0),
	(904, 46, NULL, 'Credit SL', 0.50, NULL, 'Auto updated by system admin', '2019-09-16 10:15:24', '2019-09-16 10:15:24', 0),
	(905, 47, NULL, 'Credit PL', 1.25, NULL, 'Auto updated by system admin', '2019-09-16 10:15:24', '2019-09-16 10:15:24', 0),
	(906, 47, NULL, 'Credit SL', 0.50, NULL, 'Auto updated by system admin', '2019-09-16 10:15:24', '2019-09-16 10:15:24', 0),
	(907, 48, NULL, 'Credit PL', 1.25, NULL, 'Auto updated by system admin', '2019-09-16 10:15:24', '2019-09-16 10:15:24', 0),
	(908, 48, NULL, 'Credit SL', 0.50, NULL, 'Auto updated by system admin', '2019-09-16 10:15:24', '2019-09-16 10:15:24', 0),
	(909, 49, NULL, 'Credit PL', 1.25, NULL, 'Auto updated by system admin', '2019-09-16 10:15:25', '2019-09-16 10:15:25', 0),
	(910, 49, NULL, 'Credit SL', 0.50, NULL, 'Auto updated by system admin', '2019-09-16 10:15:25', '2019-09-16 10:15:25', 0),
	(911, 50, NULL, 'Credit PL', 1.25, NULL, 'Auto updated by system admin', '2019-09-16 10:15:25', '2019-09-16 10:15:25', 0),
	(912, 50, NULL, 'Credit SL', 0.50, NULL, 'Auto updated by system admin', '2019-09-16 10:15:25', '2019-09-16 10:15:25', 0),
	(913, 51, NULL, 'Credit PL', 1.25, NULL, 'Auto updated by system admin', '2019-09-16 10:15:25', '2019-09-16 10:15:25', 0),
	(914, 51, NULL, 'Credit SL', 0.50, NULL, 'Auto updated by system admin', '2019-09-16 10:15:25', '2019-09-16 10:15:25', 0),
	(915, 52, NULL, 'Credit PL', 1.25, NULL, 'Auto updated by system admin', '2019-09-16 10:15:26', '2019-09-16 10:15:26', 0),
	(916, 52, NULL, 'Credit SL', 0.50, NULL, 'Auto updated by system admin', '2019-09-16 10:15:26', '2019-09-16 10:15:26', 0),
	(917, 53, NULL, 'Credit PL', 1.25, NULL, 'Auto updated by system admin', '2019-09-16 10:15:26', '2019-09-16 10:15:26', 0),
	(918, 53, NULL, 'Credit SL', 0.50, NULL, 'Auto updated by system admin', '2019-09-16 10:15:26', '2019-09-16 10:15:26', 0),
	(919, 54, NULL, 'Credit PL', 1.25, NULL, 'Auto updated by system admin', '2019-09-16 10:15:26', '2019-09-16 10:15:26', 0),
	(920, 54, NULL, 'Credit SL', 0.50, NULL, 'Auto updated by system admin', '2019-09-16 10:15:26', '2019-09-16 10:15:26', 0),
	(921, 55, NULL, 'Credit PL', 1.25, NULL, 'Auto updated by system admin', '2019-09-16 10:15:26', '2019-09-16 10:15:26', 0),
	(922, 55, NULL, 'Credit SL', 0.50, NULL, 'Auto updated by system admin', '2019-09-16 10:15:26', '2019-09-16 10:15:26', 0),
	(923, 56, NULL, 'Credit PL', 1.25, NULL, 'Auto updated by system admin', '2019-09-16 10:15:27', '2019-09-16 10:15:27', 0),
	(924, 56, NULL, 'Credit SL', 0.50, NULL, 'Auto updated by system admin', '2019-09-16 10:15:27', '2019-09-16 10:15:27', 0),
	(925, 57, NULL, 'Credit PL', 1.25, NULL, 'Auto updated by system admin', '2019-09-16 10:15:27', '2019-09-16 10:15:27', 0),
	(926, 57, NULL, 'Credit SL', 0.50, NULL, 'Auto updated by system admin', '2019-09-16 10:15:27', '2019-09-16 10:15:27', 0),
	(927, 58, NULL, 'Credit PL', 1.25, NULL, 'Auto updated by system admin', '2019-09-16 10:15:27', '2019-09-16 10:15:27', 0),
	(928, 58, NULL, 'Credit SL', 0.50, NULL, 'Auto updated by system admin', '2019-09-16 10:15:27', '2019-09-16 10:15:27', 0),
	(929, 59, NULL, 'Credit PL', 1.25, NULL, 'Auto updated by system admin', '2019-09-16 10:15:27', '2019-09-16 10:15:27', 0),
	(930, 59, NULL, 'Credit SL', 0.50, NULL, 'Auto updated by system admin', '2019-09-16 10:15:28', '2019-09-16 10:15:28', 0),
	(931, 60, NULL, 'Credit PL', 1.25, NULL, 'Auto updated by system admin', '2019-09-16 10:15:28', '2019-09-16 10:15:28', 0),
	(932, 60, NULL, 'Credit SL', 0.50, NULL, 'Auto updated by system admin', '2019-09-16 10:15:28', '2019-09-16 10:15:28', 0),
	(933, 61, NULL, 'Credit PL', 1.25, NULL, 'Auto updated by system admin', '2019-09-16 10:15:28', '2019-09-16 10:15:28', 0),
	(934, 61, NULL, 'Credit SL', 0.50, NULL, 'Auto updated by system admin', '2019-09-16 10:15:28', '2019-09-16 10:15:28', 0),
	(935, 62, NULL, 'Credit PL', 1.25, NULL, 'Auto updated by system admin', '2019-09-16 10:15:28', '2019-09-16 10:15:28', 0),
	(936, 62, NULL, 'Credit SL', 0.50, NULL, 'Auto updated by system admin', '2019-09-16 10:15:28', '2019-09-16 10:15:28', 0),
	(937, 63, NULL, 'Credit PL', 1.25, NULL, 'Auto updated by system admin', '2019-09-16 10:15:28', '2019-09-16 10:15:28', 0),
	(938, 63, NULL, 'Credit SL', 0.50, NULL, 'Auto updated by system admin', '2019-09-16 10:15:29', '2019-09-16 10:15:29', 0),
	(939, 64, NULL, 'Credit PL', 1.25, NULL, 'Auto updated by system admin', '2019-09-16 10:15:29', '2019-09-16 10:15:29', 0),
	(940, 64, NULL, 'Credit SL', 0.50, NULL, 'Auto updated by system admin', '2019-09-16 10:15:29', '2019-09-16 10:15:29', 0),
	(941, 65, NULL, 'Credit PL', 1.25, NULL, 'Auto updated by system admin', '2019-09-16 10:15:29', '2019-09-16 10:15:29', 0),
	(942, 65, NULL, 'Credit SL', 0.50, NULL, 'Auto updated by system admin', '2019-09-16 10:15:29', '2019-09-16 10:15:29', 0),
	(943, 66, NULL, 'Credit PL', 1.25, NULL, 'Auto updated by system admin', '2019-09-16 10:15:29', '2019-09-16 10:15:29', 0),
	(944, 66, NULL, 'Credit SL', 0.50, NULL, 'Auto updated by system admin', '2019-09-16 10:15:29', '2019-09-16 10:15:29', 0),
	(945, 67, NULL, 'Credit PL', 1.25, NULL, 'Auto updated by system admin', '2019-09-16 10:15:29', '2019-09-16 10:15:29', 0),
	(946, 67, NULL, 'Credit SL', 0.50, NULL, 'Auto updated by system admin', '2019-09-16 10:15:29', '2019-09-16 10:15:29', 0),
	(947, 68, NULL, 'Credit PL', 1.25, NULL, 'Auto updated by system admin', '2019-09-16 10:15:30', '2019-09-16 10:15:30', 0),
	(948, 68, NULL, 'Credit SL', 0.50, NULL, 'Auto updated by system admin', '2019-09-16 10:15:30', '2019-09-16 10:15:30', 0),
	(949, 69, NULL, 'Credit PL', 1.25, NULL, 'Auto updated by system admin', '2019-09-16 10:15:30', '2019-09-16 10:15:30', 0),
	(950, 69, NULL, 'Credit SL', 0.50, NULL, 'Auto updated by system admin', '2019-09-16 10:15:30', '2019-09-16 10:15:30', 0),
	(951, 70, NULL, 'Credit PL', 1.25, NULL, 'Auto updated by system admin', '2019-09-16 10:15:30', '2019-09-16 10:15:30', 0),
	(952, 70, NULL, 'Credit SL', 0.50, NULL, 'Auto updated by system admin', '2019-09-16 10:15:30', '2019-09-16 10:15:30', 0),
	(953, 71, NULL, 'Credit PL', 1.25, NULL, 'Auto updated by system admin', '2019-09-16 10:15:30', '2019-09-16 10:15:30', 0),
	(954, 71, NULL, 'Credit SL', 0.50, NULL, 'Auto updated by system admin', '2019-09-16 10:15:30', '2019-09-16 10:15:30', 0),
	(955, 72, NULL, 'Credit PL', 1.25, NULL, 'Auto updated by system admin', '2019-09-16 10:15:30', '2019-09-16 10:15:30', 0),
	(956, 72, NULL, 'Credit SL', 0.50, NULL, 'Auto updated by system admin', '2019-09-16 10:15:30', '2019-09-16 10:15:30', 0),
	(957, 73, NULL, 'Credit PL', 1.25, NULL, 'Auto updated by system admin', '2019-09-16 10:15:30', '2019-09-16 10:15:30', 0),
	(958, 73, NULL, 'Credit SL', 0.50, NULL, 'Auto updated by system admin', '2019-09-16 10:15:30', '2019-09-16 10:15:30', 0),
	(959, 74, NULL, 'Credit PL', 1.25, NULL, 'Auto updated by system admin', '2019-09-16 10:15:31', '2019-09-16 10:15:31', 0),
	(960, 74, NULL, 'Credit SL', 0.50, NULL, 'Auto updated by system admin', '2019-09-16 10:15:31', '2019-09-16 10:15:31', 0),
	(961, 75, NULL, 'Credit PL', 1.25, NULL, 'Auto updated by system admin', '2019-09-16 10:15:31', '2019-09-16 10:15:31', 0),
	(962, 75, NULL, 'Credit SL', 0.50, NULL, 'Auto updated by system admin', '2019-09-16 10:15:31', '2019-09-16 10:15:31', 0),
	(963, 76, NULL, 'Credit PL', 1.25, NULL, 'Auto updated by system admin', '2019-09-16 10:15:31', '2019-09-16 10:15:31', 0),
	(964, 76, NULL, 'Credit SL', 0.50, NULL, 'Auto updated by system admin', '2019-09-16 10:15:31', '2019-09-16 10:15:31', 0),
	(965, 77, NULL, 'Credit PL', 1.25, NULL, 'Auto updated by system admin', '2019-09-16 10:15:31', '2019-09-16 10:15:31', 0),
	(966, 77, NULL, 'Credit SL', 0.50, NULL, 'Auto updated by system admin', '2019-09-16 10:15:31', '2019-09-16 10:15:31', 0),
	(967, 78, NULL, 'Credit PL', 1.25, NULL, 'Auto updated by system admin', '2019-09-16 10:15:31', '2019-09-16 10:15:31', 0),
	(968, 78, NULL, 'Credit SL', 0.50, NULL, 'Auto updated by system admin', '2019-09-16 10:15:31', '2019-09-16 10:15:31', 0),
	(969, 79, NULL, 'Credit PL', 1.25, NULL, 'Auto updated by system admin', '2019-09-16 10:15:32', '2019-09-16 10:15:32', 0),
	(970, 79, NULL, 'Credit SL', 0.50, NULL, 'Auto updated by system admin', '2019-09-16 10:15:32', '2019-09-16 10:15:32', 0),
	(971, 80, NULL, 'Credit PL', 1.25, NULL, 'Auto updated by system admin', '2019-09-16 10:15:32', '2019-09-16 10:15:32', 0),
	(972, 80, NULL, 'Credit SL', 0.50, NULL, 'Auto updated by system admin', '2019-09-16 10:15:32', '2019-09-16 10:15:32', 0),
	(973, 81, NULL, 'Credit PL', 1.25, NULL, 'Auto updated by system admin', '2019-09-16 10:15:32', '2019-09-16 10:15:32', 0),
	(974, 81, NULL, 'Credit SL', 0.50, NULL, 'Auto updated by system admin', '2019-09-16 10:15:32', '2019-09-16 10:15:32', 0),
	(975, 82, NULL, 'Credit PL', 1.25, NULL, 'Auto updated by system admin', '2019-09-16 10:15:32', '2019-09-16 10:15:32', 0),
	(976, 82, NULL, 'Credit SL', 0.50, NULL, 'Auto updated by system admin', '2019-09-16 10:15:32', '2019-09-16 10:15:32', 0),
	(977, 83, NULL, 'Credit PL', 1.25, NULL, 'Auto updated by system admin', '2019-09-16 10:15:32', '2019-09-16 10:15:32', 0),
	(978, 83, NULL, 'Credit SL', 0.50, NULL, 'Auto updated by system admin', '2019-09-16 10:15:32', '2019-09-16 10:15:32', 0),
	(979, 84, NULL, 'Credit PL', 1.25, NULL, 'Auto updated by system admin', '2019-09-16 10:15:33', '2019-09-16 10:15:33', 0),
	(980, 84, NULL, 'Credit SL', 0.50, NULL, 'Auto updated by system admin', '2019-09-16 10:15:33', '2019-09-16 10:15:33', 0),
	(981, 85, NULL, 'Credit PL', 1.25, NULL, 'Auto updated by system admin', '2019-09-16 10:15:33', '2019-09-16 10:15:33', 0),
	(982, 85, NULL, 'Credit SL', 0.50, NULL, 'Auto updated by system admin', '2019-09-16 10:15:33', '2019-09-16 10:15:33', 0),
	(983, 86, NULL, 'Credit PL', 1.25, NULL, 'Auto updated by system admin', '2019-09-16 10:15:33', '2019-09-16 10:15:33', 0),
	(984, 86, NULL, 'Credit SL', 0.50, NULL, 'Auto updated by system admin', '2019-09-16 10:15:33', '2019-09-16 10:15:33', 0),
	(985, 87, NULL, 'Credit PL', 1.25, NULL, 'Auto updated by system admin', '2019-09-16 10:15:33', '2019-09-16 10:15:33', 0),
	(986, 87, NULL, 'Credit SL', 0.50, NULL, 'Auto updated by system admin', '2019-09-16 10:15:33', '2019-09-16 10:15:33', 0),
	(987, 88, NULL, 'Credit PL', 1.25, NULL, 'Auto updated by system admin', '2019-09-16 10:15:33', '2019-09-16 10:15:33', 0),
	(988, 88, NULL, 'Credit SL', 0.50, NULL, 'Auto updated by system admin', '2019-09-16 10:15:33', '2019-09-16 10:15:33', 0),
	(989, 89, NULL, 'Credit PL', 1.25, NULL, 'Auto updated by system admin', '2019-09-16 10:15:34', '2019-09-16 10:15:34', 0),
	(990, 89, NULL, 'Credit SL', 0.50, NULL, 'Auto updated by system admin', '2019-09-16 10:15:34', '2019-09-16 10:15:34', 0),
	(991, 90, NULL, 'Credit PL', 1.25, NULL, 'Auto updated by system admin', '2019-09-16 10:15:34', '2019-09-16 10:15:34', 0),
	(992, 90, NULL, 'Credit SL', 0.50, NULL, 'Auto updated by system admin', '2019-09-16 10:15:34', '2019-09-16 10:15:34', 0),
	(993, 91, NULL, 'Credit PL', 1.25, NULL, 'Auto updated by system admin', '2019-09-16 10:15:34', '2019-09-16 10:15:34', 0),
	(994, 91, NULL, 'Credit SL', 0.50, NULL, 'Auto updated by system admin', '2019-09-16 10:15:34', '2019-09-16 10:15:34', 0),
	(995, 92, NULL, 'Credit PL', 1.25, NULL, 'Auto updated by system admin', '2019-09-16 10:15:34', '2019-09-16 10:15:34', 0),
	(996, 92, NULL, 'Credit SL', 0.50, NULL, 'Auto updated by system admin', '2019-09-16 10:15:34', '2019-09-16 10:15:34', 0),
	(997, 93, NULL, 'Credit PL', 1.25, NULL, 'Auto updated by system admin', '2019-09-16 10:15:34', '2019-09-16 10:15:34', 0),
	(998, 93, NULL, 'Credit SL', 0.50, NULL, 'Auto updated by system admin', '2019-09-16 10:15:34', '2019-09-16 10:15:34', 0),
	(999, 94, NULL, 'Credit PL', 1.25, NULL, 'Auto updated by system admin', '2019-09-16 10:15:34', '2019-09-16 10:15:34', 0),
	(1000, 94, NULL, 'Credit SL', 0.50, NULL, 'Auto updated by system admin', '2019-09-16 10:15:35', '2019-09-16 10:15:35', 0),
	(1001, 95, NULL, 'Credit PL', 1.25, NULL, 'Auto updated by system admin', '2019-09-16 10:15:35', '2019-09-16 10:15:35', 0),
	(1002, 95, NULL, 'Credit SL', 0.50, NULL, 'Auto updated by system admin', '2019-09-16 10:15:35', '2019-09-16 10:15:35', 0),
	(1003, 96, NULL, 'Credit PL', 1.25, NULL, 'Auto updated by system admin', '2019-09-16 10:15:35', '2019-09-16 10:15:35', 0),
	(1004, 96, NULL, 'Credit SL', 0.50, NULL, 'Auto updated by system admin', '2019-09-16 10:15:35', '2019-09-16 10:15:35', 0),
	(1005, 97, NULL, 'Credit PL', 1.25, NULL, 'Auto updated by system admin', '2019-09-16 10:15:35', '2019-09-16 10:15:35', 0),
	(1006, 97, NULL, 'Credit SL', 0.50, NULL, 'Auto updated by system admin', '2019-09-16 10:15:35', '2019-09-16 10:15:35', 0),
	(1007, 98, NULL, 'Credit PL', 1.25, NULL, 'Auto updated by system admin', '2019-09-16 10:15:35', '2019-09-16 10:15:35', 0),
	(1008, 98, NULL, 'Credit SL', 0.50, NULL, 'Auto updated by system admin', '2019-09-16 10:15:35', '2019-09-16 10:15:35', 0),
	(1009, 99, NULL, 'Credit PL', 1.25, NULL, 'Auto updated by system admin', '2019-09-16 10:15:35', '2019-09-16 10:15:35', 0),
	(1010, 99, NULL, 'Credit SL', 0.50, NULL, 'Auto updated by system admin', '2019-09-16 10:15:35', '2019-09-16 10:15:35', 0),
	(1011, 100, NULL, 'Credit PL', 1.25, NULL, 'Auto updated by system admin', '2019-09-16 10:15:36', '2019-09-16 10:15:36', 0),
	(1012, 100, NULL, 'Credit SL', 0.50, NULL, 'Auto updated by system admin', '2019-09-16 10:15:36', '2019-09-16 10:15:36', 0),
	(1013, 101, NULL, 'Credit PL', 1.25, NULL, 'Auto updated by system admin', '2019-09-16 10:15:36', '2019-09-16 10:15:36', 0),
	(1014, 101, NULL, 'Credit SL', 0.50, NULL, 'Auto updated by system admin', '2019-09-16 10:15:36', '2019-09-16 10:15:36', 0),
	(1015, 102, NULL, 'Credit PL', 1.25, NULL, 'Auto updated by system admin', '2019-09-16 10:15:36', '2019-09-16 10:15:36', 0),
	(1016, 102, NULL, 'Credit SL', 0.50, NULL, 'Auto updated by system admin', '2019-09-16 10:15:36', '2019-09-16 10:15:36', 0),
	(1017, 103, NULL, 'Credit PL', 1.25, NULL, 'Auto updated by system admin', '2019-09-16 10:15:36', '2019-09-16 10:15:36', 0),
	(1018, 103, NULL, 'Credit SL', 0.50, NULL, 'Auto updated by system admin', '2019-09-16 10:15:36', '2019-09-16 10:15:36', 0),
	(1019, 104, NULL, 'Credit PL', 1.25, NULL, 'Auto updated by system admin', '2019-09-16 10:15:36', '2019-09-16 10:15:36', 0),
	(1020, 104, NULL, 'Credit SL', 0.50, NULL, 'Auto updated by system admin', '2019-09-16 10:15:36', '2019-09-16 10:15:36', 0),
	(1021, 105, NULL, 'Credit PL', 1.25, NULL, 'Auto updated by system admin', '2019-09-16 10:15:36', '2019-09-16 10:15:36', 0),
	(1022, 105, NULL, 'Credit SL', 0.50, NULL, 'Auto updated by system admin', '2019-09-16 10:15:36', '2019-09-16 10:15:36', 0),
	(1023, 106, NULL, 'Credit PL', 1.25, NULL, 'Auto updated by system admin', '2019-09-16 10:15:36', '2019-09-16 10:15:36', 0),
	(1024, 106, NULL, 'Credit SL', 0.50, NULL, 'Auto updated by system admin', '2019-09-16 10:15:37', '2019-09-16 10:15:37', 0),
	(1025, 107, NULL, 'Credit PL', 1.25, NULL, 'Auto updated by system admin', '2019-09-16 10:15:37', '2019-09-16 10:15:37', 0),
	(1026, 107, NULL, 'Credit SL', 0.50, NULL, 'Auto updated by system admin', '2019-09-16 10:15:37', '2019-09-16 10:15:37', 0),
	(1027, 108, NULL, 'Credit PL', 1.25, NULL, 'Auto updated by system admin', '2019-09-16 10:15:37', '2019-09-16 10:15:37', 0),
	(1028, 108, NULL, 'Credit SL', 0.50, NULL, 'Auto updated by system admin', '2019-09-16 10:15:37', '2019-09-16 10:15:37', 0),
	(1029, 109, NULL, 'Credit PL', 1.25, NULL, 'Auto updated by system admin', '2019-09-16 10:15:37', '2019-09-16 10:15:37', 0),
	(1030, 109, NULL, 'Credit SL', 0.50, NULL, 'Auto updated by system admin', '2019-09-16 10:15:37', '2019-09-16 10:15:37', 0),
	(1031, 110, NULL, 'Credit PL', 1.25, NULL, 'Auto updated by system admin', '2019-09-16 10:15:37', '2019-09-16 10:15:37', 0),
	(1032, 110, NULL, 'Credit SL', 0.50, NULL, 'Auto updated by system admin', '2019-09-16 10:15:37', '2019-09-16 10:15:37', 0),
	(1033, 111, NULL, 'Credit PL', 1.25, NULL, 'Auto updated by system admin', '2019-09-16 10:15:37', '2019-09-16 10:15:37', 0),
	(1034, 111, NULL, 'Credit SL', 0.50, NULL, 'Auto updated by system admin', '2019-09-16 10:15:38', '2019-09-16 10:15:38', 0),
	(1035, 112, NULL, 'Credit PL', 1.25, NULL, 'Auto updated by system admin', '2019-09-16 10:15:38', '2019-09-16 10:15:38', 0),
	(1036, 112, NULL, 'Credit SL', 0.50, NULL, 'Auto updated by system admin', '2019-09-16 10:15:38', '2019-09-16 10:15:38', 0),
	(1037, 113, NULL, 'Credit PL', 1.25, NULL, 'Auto updated by system admin', '2019-09-16 10:15:38', '2019-09-16 10:15:38', 0),
	(1038, 113, NULL, 'Credit SL', 0.50, NULL, 'Auto updated by system admin', '2019-09-16 10:15:38', '2019-09-16 10:15:38', 0),
	(1039, 114, NULL, 'Credit PL', 1.25, NULL, 'Auto updated by system admin', '2019-09-16 10:15:38', '2019-09-16 10:15:38', 0),
	(1040, 114, NULL, 'Credit SL', 0.50, NULL, 'Auto updated by system admin', '2019-09-16 10:15:38', '2019-09-16 10:15:38', 0),
	(1041, 115, NULL, 'Credit PL', 1.25, NULL, 'Auto updated by system admin', '2019-09-16 10:15:38', '2019-09-16 10:15:38', 0),
	(1042, 115, NULL, 'Credit SL', 0.50, NULL, 'Auto updated by system admin', '2019-09-16 10:15:38', '2019-09-16 10:15:38', 0),
	(1043, 116, NULL, 'Credit PL', 1.25, NULL, 'Auto updated by system admin', '2019-09-16 10:15:38', '2019-09-16 10:15:38', 0),
	(1044, 116, NULL, 'Credit SL', 0.50, NULL, 'Auto updated by system admin', '2019-09-16 10:15:38', '2019-09-16 10:15:38', 0),
	(1045, 117, NULL, 'Credit PL', 1.25, NULL, 'Auto updated by system admin', '2019-09-16 10:15:39', '2019-09-16 10:15:39', 0),
	(1046, 117, NULL, 'Credit SL', 0.50, NULL, 'Auto updated by system admin', '2019-09-16 10:15:39', '2019-09-16 10:15:39', 0),
	(1047, 118, NULL, 'Credit PL', 1.25, NULL, 'Auto updated by system admin', '2019-09-16 10:15:39', '2019-09-16 10:15:39', 0),
	(1048, 118, NULL, 'Credit SL', 0.50, NULL, 'Auto updated by system admin', '2019-09-16 10:15:39', '2019-09-16 10:15:39', 0),
	(1049, 119, NULL, 'Credit PL', 1.25, NULL, 'Auto updated by system admin', '2019-09-16 10:15:39', '2019-09-16 10:15:39', 0),
	(1050, 119, NULL, 'Credit SL', 0.50, NULL, 'Auto updated by system admin', '2019-09-16 10:15:39', '2019-09-16 10:15:39', 0),
	(1051, 120, NULL, 'Credit PL', 1.25, NULL, 'Auto updated by system admin', '2019-09-16 10:15:39', '2019-09-16 10:15:39', 0),
	(1052, 120, NULL, 'Credit SL', 0.50, NULL, 'Auto updated by system admin', '2019-09-16 10:15:39', '2019-09-16 10:15:39', 0),
	(1053, 121, NULL, 'Credit PL', 1.25, NULL, 'Auto updated by system admin', '2019-09-16 10:15:40', '2019-09-16 10:15:40', 0),
	(1054, 121, NULL, 'Credit SL', 0.50, NULL, 'Auto updated by system admin', '2019-09-16 10:15:40', '2019-09-16 10:15:40', 0),
	(1055, 122, NULL, 'Credit PL', 1.25, NULL, 'Auto updated by system admin', '2019-09-16 10:15:40', '2019-09-16 10:15:40', 0),
	(1056, 122, NULL, 'Credit SL', 0.50, NULL, 'Auto updated by system admin', '2019-09-16 10:15:40', '2019-09-16 10:15:40', 0),
	(1057, 123, NULL, 'Credit PL', 1.25, NULL, 'Auto updated by system admin', '2019-09-16 10:15:40', '2019-09-16 10:15:40', 0),
	(1058, 123, NULL, 'Credit SL', 0.50, NULL, 'Auto updated by system admin', '2019-09-16 10:15:40', '2019-09-16 10:15:40', 0),
	(1059, 124, NULL, 'Credit PL', 1.25, NULL, 'Auto updated by system admin', '2019-09-16 10:15:40', '2019-09-16 10:15:40', 0),
	(1060, 124, NULL, 'Credit SL', 0.50, NULL, 'Auto updated by system admin', '2019-09-16 10:15:40', '2019-09-16 10:15:40', 0),
	(1061, 125, NULL, 'Credit PL', 1.25, NULL, 'Auto updated by system admin', '2019-09-16 10:15:41', '2019-09-16 10:15:41', 0),
	(1062, 125, NULL, 'Credit SL', 0.50, NULL, 'Auto updated by system admin', '2019-09-16 10:15:41', '2019-09-16 10:15:41', 0),
	(1063, 126, NULL, 'Credit PL', 1.25, NULL, 'Auto updated by system admin', '2019-09-16 10:15:41', '2019-09-16 10:15:41', 0),
	(1064, 126, NULL, 'Credit SL', 0.50, NULL, 'Auto updated by system admin', '2019-09-16 10:15:41', '2019-09-16 10:15:41', 0),
	(1065, 127, NULL, 'Credit PL', 1.25, NULL, 'Auto updated by system admin', '2019-09-16 10:15:41', '2019-09-16 10:15:41', 0),
	(1066, 127, NULL, 'Credit SL', 0.50, NULL, 'Auto updated by system admin', '2019-09-16 10:15:41', '2019-09-16 10:15:41', 0),
	(1067, 1, NULL, 'Credit PL', 1.25, NULL, 'Auto updated by system admin', '2019-09-16 10:38:04', '2019-09-16 10:38:04', 0),
	(1068, 1, NULL, 'Credit SL', 0.50, NULL, 'Auto updated by system admin', '2019-09-16 10:38:04', '2019-09-16 10:38:04', 0),
	(1069, 2, NULL, 'Credit PL', 1.25, NULL, 'Auto updated by system admin', '2019-09-16 10:38:04', '2019-09-16 10:38:04', 0),
	(1070, 2, NULL, 'Credit SL', 0.50, NULL, 'Auto updated by system admin', '2019-09-16 10:38:04', '2019-09-16 10:38:04', 0),
	(1071, 3, NULL, 'Credit PL', 1.25, NULL, 'Auto updated by system admin', '2019-09-16 10:38:04', '2019-09-16 10:38:04', 0),
	(1072, 3, NULL, 'Credit SL', 0.50, NULL, 'Auto updated by system admin', '2019-09-16 10:38:04', '2019-09-16 10:38:04', 0),
	(1073, 4, NULL, 'Credit PL', 1.25, NULL, 'Auto updated by system admin', '2019-09-16 10:38:04', '2019-09-16 10:38:04', 0),
	(1074, 4, NULL, 'Credit SL', 0.50, NULL, 'Auto updated by system admin', '2019-09-16 10:38:04', '2019-09-16 10:38:04', 0),
	(1075, 5, NULL, 'Credit PL', 1.25, NULL, 'Auto updated by system admin', '2019-09-16 10:38:04', '2019-09-16 10:38:04', 0),
	(1076, 5, NULL, 'Credit SL', 0.50, NULL, 'Auto updated by system admin', '2019-09-16 10:38:05', '2019-09-16 10:38:05', 0),
	(1077, 6, NULL, 'Credit PL', 1.25, NULL, 'Auto updated by system admin', '2019-09-16 10:38:05', '2019-09-16 10:38:05', 0),
	(1078, 6, NULL, 'Credit SL', 0.50, NULL, 'Auto updated by system admin', '2019-09-16 10:38:05', '2019-09-16 10:38:05', 0),
	(1079, 7, NULL, 'Credit PL', 1.25, NULL, 'Auto updated by system admin', '2019-09-16 10:38:05', '2019-09-16 10:38:05', 0),
	(1080, 7, NULL, 'Credit SL', 0.50, NULL, 'Auto updated by system admin', '2019-09-16 10:38:05', '2019-09-16 10:38:05', 0),
	(1081, 8, NULL, 'Credit PL', 1.25, NULL, 'Auto updated by system admin', '2019-09-16 10:38:05', '2019-09-16 10:38:05', 0),
	(1082, 8, NULL, 'Credit SL', 0.50, NULL, 'Auto updated by system admin', '2019-09-16 10:38:05', '2019-09-16 10:38:05', 0),
	(1083, 9, NULL, 'Credit PL', 1.25, NULL, 'Auto updated by system admin', '2019-09-16 10:38:05', '2019-09-16 10:38:05', 0),
	(1084, 9, NULL, 'Credit SL', 0.50, NULL, 'Auto updated by system admin', '2019-09-16 10:38:05', '2019-09-16 10:38:05', 0),
	(1085, 10, NULL, 'Credit PL', 1.25, NULL, 'Auto updated by system admin', '2019-09-16 10:38:05', '2019-09-16 10:38:05', 0),
	(1086, 10, NULL, 'Credit SL', 0.50, NULL, 'Auto updated by system admin', '2019-09-16 10:38:05', '2019-09-16 10:38:05', 0),
	(1087, 11, NULL, 'Credit PL', 1.25, NULL, 'Auto updated by system admin', '2019-09-16 10:38:05', '2019-09-16 10:38:05', 0),
	(1088, 11, NULL, 'Credit SL', 0.50, NULL, 'Auto updated by system admin', '2019-09-16 10:38:05', '2019-09-16 10:38:05', 0),
	(1089, 12, NULL, 'Credit PL', 1.25, NULL, 'Auto updated by system admin', '2019-09-16 10:38:05', '2019-09-16 10:38:05', 0),
	(1090, 12, NULL, 'Credit SL', 0.50, NULL, 'Auto updated by system admin', '2019-09-16 10:38:06', '2019-09-16 10:38:06', 0),
	(1091, 13, NULL, 'Credit PL', 1.25, NULL, 'Auto updated by system admin', '2019-09-16 10:38:06', '2019-09-16 10:38:06', 0),
	(1092, 13, NULL, 'Credit SL', 0.50, NULL, 'Auto updated by system admin', '2019-09-16 10:38:06', '2019-09-16 10:38:06', 0),
	(1093, 14, NULL, 'Credit PL', 1.25, NULL, 'Auto updated by system admin', '2019-09-16 10:38:06', '2019-09-16 10:38:06', 0),
	(1094, 14, NULL, 'Credit SL', 0.50, NULL, 'Auto updated by system admin', '2019-09-16 10:38:06', '2019-09-16 10:38:06', 0),
	(1095, 15, NULL, 'Credit PL', 1.25, NULL, 'Auto updated by system admin', '2019-09-16 10:38:06', '2019-09-16 10:38:06', 0),
	(1096, 15, NULL, 'Credit SL', 0.50, NULL, 'Auto updated by system admin', '2019-09-16 10:38:06', '2019-09-16 10:38:06', 0),
	(1097, 16, NULL, 'Credit PL', 1.25, NULL, 'Auto updated by system admin', '2019-09-16 10:38:06', '2019-09-16 10:38:06', 0),
	(1098, 16, NULL, 'Credit SL', 0.50, NULL, 'Auto updated by system admin', '2019-09-16 10:38:06', '2019-09-16 10:38:06', 0),
	(1099, 17, NULL, 'Credit PL', 1.25, NULL, 'Auto updated by system admin', '2019-09-16 10:38:06', '2019-09-16 10:38:06', 0),
	(1100, 17, NULL, 'Credit SL', 0.50, NULL, 'Auto updated by system admin', '2019-09-16 10:38:06', '2019-09-16 10:38:06', 0),
	(1101, 18, NULL, 'Credit PL', 1.25, NULL, 'Auto updated by system admin', '2019-09-16 10:38:06', '2019-09-16 10:38:06', 0),
	(1102, 18, NULL, 'Credit SL', 0.50, NULL, 'Auto updated by system admin', '2019-09-16 10:38:06', '2019-09-16 10:38:06', 0),
	(1103, 19, NULL, 'Credit PL', 1.25, NULL, 'Auto updated by system admin', '2019-09-16 10:38:06', '2019-09-16 10:38:06', 0),
	(1104, 19, NULL, 'Credit SL', 0.50, NULL, 'Auto updated by system admin', '2019-09-16 10:38:06', '2019-09-16 10:38:06', 0),
	(1105, 20, NULL, 'Credit PL', 1.25, NULL, 'Auto updated by system admin', '2019-09-16 10:38:07', '2019-09-16 10:38:07', 0),
	(1106, 20, NULL, 'Credit SL', 0.50, NULL, 'Auto updated by system admin', '2019-09-16 10:38:07', '2019-09-16 10:38:07', 0),
	(1107, 21, NULL, 'Credit PL', 1.25, NULL, 'Auto updated by system admin', '2019-09-16 10:38:07', '2019-09-16 10:38:07', 0),
	(1108, 21, NULL, 'Credit SL', 0.50, NULL, 'Auto updated by system admin', '2019-09-16 10:38:07', '2019-09-16 10:38:07', 0),
	(1109, 22, NULL, 'Credit PL', 1.25, NULL, 'Auto updated by system admin', '2019-09-16 10:38:07', '2019-09-16 10:38:07', 0),
	(1110, 22, NULL, 'Credit SL', 0.50, NULL, 'Auto updated by system admin', '2019-09-16 10:38:07', '2019-09-16 10:38:07', 0),
	(1111, 23, NULL, 'Credit PL', 1.25, NULL, 'Auto updated by system admin', '2019-09-16 10:38:07', '2019-09-16 10:38:07', 0),
	(1112, 23, NULL, 'Credit SL', 0.50, NULL, 'Auto updated by system admin', '2019-09-16 10:38:07', '2019-09-16 10:38:07', 0),
	(1113, 24, NULL, 'Credit PL', 1.25, NULL, 'Auto updated by system admin', '2019-09-16 10:38:07', '2019-09-16 10:38:07', 0),
	(1114, 24, NULL, 'Credit SL', 0.50, NULL, 'Auto updated by system admin', '2019-09-16 10:38:07', '2019-09-16 10:38:07', 0),
	(1115, 25, NULL, 'Credit PL', 1.25, NULL, 'Auto updated by system admin', '2019-09-16 10:38:07', '2019-09-16 10:38:07', 0),
	(1116, 25, NULL, 'Credit SL', 0.50, NULL, 'Auto updated by system admin', '2019-09-16 10:38:07', '2019-09-16 10:38:07', 0),
	(1117, 26, NULL, 'Credit PL', 1.25, NULL, 'Auto updated by system admin', '2019-09-16 10:38:07', '2019-09-16 10:38:07', 0),
	(1118, 26, NULL, 'Credit SL', 0.50, NULL, 'Auto updated by system admin', '2019-09-16 10:38:08', '2019-09-16 10:38:08', 0),
	(1119, 27, NULL, 'Credit PL', 1.25, NULL, 'Auto updated by system admin', '2019-09-16 10:38:08', '2019-09-16 10:38:08', 0),
	(1120, 27, NULL, 'Credit SL', 0.50, NULL, 'Auto updated by system admin', '2019-09-16 10:38:08', '2019-09-16 10:38:08', 0),
	(1121, 28, NULL, 'Credit PL', 1.25, NULL, 'Auto updated by system admin', '2019-09-16 10:38:08', '2019-09-16 10:38:08', 0),
	(1122, 28, NULL, 'Credit SL', 0.50, NULL, 'Auto updated by system admin', '2019-09-16 10:38:08', '2019-09-16 10:38:08', 0),
	(1123, 29, NULL, 'Credit PL', 1.25, NULL, 'Auto updated by system admin', '2019-09-16 10:38:08', '2019-09-16 10:38:08', 0),
	(1124, 29, NULL, 'Credit SL', 0.50, NULL, 'Auto updated by system admin', '2019-09-16 10:38:08', '2019-09-16 10:38:08', 0),
	(1125, 30, NULL, 'Credit PL', 1.25, NULL, 'Auto updated by system admin', '2019-09-16 10:38:08', '2019-09-16 10:38:08', 0),
	(1126, 30, NULL, 'Credit SL', 0.50, NULL, 'Auto updated by system admin', '2019-09-16 10:38:08', '2019-09-16 10:38:08', 0),
	(1127, 31, NULL, 'Credit PL', 1.25, NULL, 'Auto updated by system admin', '2019-09-16 10:38:08', '2019-09-16 10:38:08', 0),
	(1128, 31, NULL, 'Credit SL', 0.50, NULL, 'Auto updated by system admin', '2019-09-16 10:38:08', '2019-09-16 10:38:08', 0),
	(1129, 32, NULL, 'Credit PL', 1.25, NULL, 'Auto updated by system admin', '2019-09-16 10:38:08', '2019-09-16 10:38:08', 0),
	(1130, 32, NULL, 'Credit SL', 0.50, NULL, 'Auto updated by system admin', '2019-09-16 10:38:08', '2019-09-16 10:38:08', 0),
	(1131, 33, NULL, 'Credit PL', 1.25, NULL, 'Auto updated by system admin', '2019-09-16 10:38:08', '2019-09-16 10:38:08', 0),
	(1132, 33, NULL, 'Credit SL', 0.50, NULL, 'Auto updated by system admin', '2019-09-16 10:38:08', '2019-09-16 10:38:08', 0),
	(1133, 34, NULL, 'Credit PL', 1.25, NULL, 'Auto updated by system admin', '2019-09-16 10:38:09', '2019-09-16 10:38:09', 0),
	(1134, 34, NULL, 'Credit SL', 0.50, NULL, 'Auto updated by system admin', '2019-09-16 10:38:09', '2019-09-16 10:38:09', 0),
	(1135, 35, NULL, 'Credit PL', 1.25, NULL, 'Auto updated by system admin', '2019-09-16 10:38:09', '2019-09-16 10:38:09', 0),
	(1136, 35, NULL, 'Credit SL', 0.50, NULL, 'Auto updated by system admin', '2019-09-16 10:38:09', '2019-09-16 10:38:09', 0),
	(1137, 36, NULL, 'Credit PL', 1.25, NULL, 'Auto updated by system admin', '2019-09-16 10:38:09', '2019-09-16 10:38:09', 0),
	(1138, 36, NULL, 'Credit SL', 0.50, NULL, 'Auto updated by system admin', '2019-09-16 10:38:09', '2019-09-16 10:38:09', 0),
	(1139, 37, NULL, 'Credit PL', 1.25, NULL, 'Auto updated by system admin', '2019-09-16 10:38:09', '2019-09-16 10:38:09', 0),
	(1140, 37, NULL, 'Credit SL', 0.50, NULL, 'Auto updated by system admin', '2019-09-16 10:38:09', '2019-09-16 10:38:09', 0),
	(1141, 38, NULL, 'Credit PL', 1.25, NULL, 'Auto updated by system admin', '2019-09-16 10:38:09', '2019-09-16 10:38:09', 0),
	(1142, 38, NULL, 'Credit SL', 0.50, NULL, 'Auto updated by system admin', '2019-09-16 10:38:09', '2019-09-16 10:38:09', 0),
	(1143, 39, NULL, 'Credit PL', 1.25, NULL, 'Auto updated by system admin', '2019-09-16 10:38:09', '2019-09-16 10:38:09', 0),
	(1144, 39, NULL, 'Credit SL', 0.50, NULL, 'Auto updated by system admin', '2019-09-16 10:38:10', '2019-09-16 10:38:10', 0),
	(1145, 40, NULL, 'Credit PL', 1.25, NULL, 'Auto updated by system admin', '2019-09-16 10:38:10', '2019-09-16 10:38:10', 0),
	(1146, 40, NULL, 'Credit SL', 0.50, NULL, 'Auto updated by system admin', '2019-09-16 10:38:10', '2019-09-16 10:38:10', 0),
	(1147, 41, NULL, 'Credit PL', 1.25, NULL, 'Auto updated by system admin', '2019-09-16 10:38:10', '2019-09-16 10:38:10', 0),
	(1148, 41, NULL, 'Credit SL', 0.50, NULL, 'Auto updated by system admin', '2019-09-16 10:38:10', '2019-09-16 10:38:10', 0),
	(1149, 42, NULL, 'Credit PL', 1.25, NULL, 'Auto updated by system admin', '2019-09-16 10:38:10', '2019-09-16 10:38:10', 0),
	(1150, 42, NULL, 'Credit SL', 0.50, NULL, 'Auto updated by system admin', '2019-09-16 10:38:10', '2019-09-16 10:38:10', 0),
	(1151, 43, NULL, 'Credit PL', 1.25, NULL, 'Auto updated by system admin', '2019-09-16 10:38:10', '2019-09-16 10:38:10', 0),
	(1152, 43, NULL, 'Credit SL', 0.50, NULL, 'Auto updated by system admin', '2019-09-16 10:38:10', '2019-09-16 10:38:10', 0),
	(1153, 44, NULL, 'Credit PL', 1.25, NULL, 'Auto updated by system admin', '2019-09-16 10:38:10', '2019-09-16 10:38:10', 0),
	(1154, 44, NULL, 'Credit SL', 0.50, NULL, 'Auto updated by system admin', '2019-09-16 10:38:10', '2019-09-16 10:38:10', 0),
	(1155, 45, NULL, 'Credit PL', 1.25, NULL, 'Auto updated by system admin', '2019-09-16 10:38:10', '2019-09-16 10:38:10', 0),
	(1156, 45, NULL, 'Credit SL', 0.50, NULL, 'Auto updated by system admin', '2019-09-16 10:38:10', '2019-09-16 10:38:10', 0),
	(1157, 46, NULL, 'Credit PL', 1.25, NULL, 'Auto updated by system admin', '2019-09-16 10:38:10', '2019-09-16 10:38:10', 0),
	(1158, 46, NULL, 'Credit SL', 0.50, NULL, 'Auto updated by system admin', '2019-09-16 10:38:11', '2019-09-16 10:38:11', 0),
	(1159, 47, NULL, 'Credit PL', 1.25, NULL, 'Auto updated by system admin', '2019-09-16 10:38:11', '2019-09-16 10:38:11', 0),
	(1160, 47, NULL, 'Credit SL', 0.50, NULL, 'Auto updated by system admin', '2019-09-16 10:38:11', '2019-09-16 10:38:11', 0),
	(1161, 48, NULL, 'Credit PL', 1.25, NULL, 'Auto updated by system admin', '2019-09-16 10:38:11', '2019-09-16 10:38:11', 0),
	(1162, 48, NULL, 'Credit SL', 0.50, NULL, 'Auto updated by system admin', '2019-09-16 10:38:11', '2019-09-16 10:38:11', 0),
	(1163, 49, NULL, 'Credit PL', 1.25, NULL, 'Auto updated by system admin', '2019-09-16 10:38:11', '2019-09-16 10:38:11', 0),
	(1164, 49, NULL, 'Credit SL', 0.50, NULL, 'Auto updated by system admin', '2019-09-16 10:38:11', '2019-09-16 10:38:11', 0),
	(1165, 50, NULL, 'Credit PL', 1.25, NULL, 'Auto updated by system admin', '2019-09-16 10:38:11', '2019-09-16 10:38:11', 0),
	(1166, 50, NULL, 'Credit SL', 0.50, NULL, 'Auto updated by system admin', '2019-09-16 10:38:11', '2019-09-16 10:38:11', 0),
	(1167, 51, NULL, 'Credit PL', 1.25, NULL, 'Auto updated by system admin', '2019-09-16 10:38:11', '2019-09-16 10:38:11', 0),
	(1168, 51, NULL, 'Credit SL', 0.50, NULL, 'Auto updated by system admin', '2019-09-16 10:38:12', '2019-09-16 10:38:12', 0),
	(1169, 52, NULL, 'Credit PL', 1.25, NULL, 'Auto updated by system admin', '2019-09-16 10:38:12', '2019-09-16 10:38:12', 0),
	(1170, 52, NULL, 'Credit SL', 0.50, NULL, 'Auto updated by system admin', '2019-09-16 10:38:12', '2019-09-16 10:38:12', 0),
	(1171, 53, NULL, 'Credit PL', 1.25, NULL, 'Auto updated by system admin', '2019-09-16 10:38:12', '2019-09-16 10:38:12', 0),
	(1172, 53, NULL, 'Credit SL', 0.50, NULL, 'Auto updated by system admin', '2019-09-16 10:38:12', '2019-09-16 10:38:12', 0),
	(1173, 54, NULL, 'Credit PL', 1.25, NULL, 'Auto updated by system admin', '2019-09-16 10:38:12', '2019-09-16 10:38:12', 0),
	(1174, 54, NULL, 'Credit SL', 0.50, NULL, 'Auto updated by system admin', '2019-09-16 10:38:12', '2019-09-16 10:38:12', 0),
	(1175, 55, NULL, 'Credit PL', 1.25, NULL, 'Auto updated by system admin', '2019-09-16 10:38:12', '2019-09-16 10:38:12', 0),
	(1176, 55, NULL, 'Credit SL', 0.50, NULL, 'Auto updated by system admin', '2019-09-16 10:38:12', '2019-09-16 10:38:12', 0),
	(1177, 56, NULL, 'Credit PL', 1.25, NULL, 'Auto updated by system admin', '2019-09-16 10:38:12', '2019-09-16 10:38:12', 0),
	(1178, 56, NULL, 'Credit SL', 0.50, NULL, 'Auto updated by system admin', '2019-09-16 10:38:12', '2019-09-16 10:38:12', 0),
	(1179, 57, NULL, 'Credit PL', 1.25, NULL, 'Auto updated by system admin', '2019-09-16 10:38:13', '2019-09-16 10:38:13', 0),
	(1180, 57, NULL, 'Credit SL', 0.50, NULL, 'Auto updated by system admin', '2019-09-16 10:38:13', '2019-09-16 10:38:13', 0),
	(1181, 58, NULL, 'Credit PL', 1.25, NULL, 'Auto updated by system admin', '2019-09-16 10:38:13', '2019-09-16 10:38:13', 0),
	(1182, 58, NULL, 'Credit SL', 0.50, NULL, 'Auto updated by system admin', '2019-09-16 10:38:13', '2019-09-16 10:38:13', 0),
	(1183, 59, NULL, 'Credit PL', 1.25, NULL, 'Auto updated by system admin', '2019-09-16 10:38:13', '2019-09-16 10:38:13', 0),
	(1184, 59, NULL, 'Credit SL', 0.50, NULL, 'Auto updated by system admin', '2019-09-16 10:38:13', '2019-09-16 10:38:13', 0),
	(1185, 60, NULL, 'Credit PL', 1.25, NULL, 'Auto updated by system admin', '2019-09-16 10:38:13', '2019-09-16 10:38:13', 0),
	(1186, 60, NULL, 'Credit SL', 0.50, NULL, 'Auto updated by system admin', '2019-09-16 10:38:13', '2019-09-16 10:38:13', 0),
	(1187, 61, NULL, 'Credit PL', 1.25, NULL, 'Auto updated by system admin', '2019-09-16 10:38:14', '2019-09-16 10:38:14', 0),
	(1188, 61, NULL, 'Credit SL', 0.50, NULL, 'Auto updated by system admin', '2019-09-16 10:38:14', '2019-09-16 10:38:14', 0),
	(1189, 62, NULL, 'Credit PL', 1.25, NULL, 'Auto updated by system admin', '2019-09-16 10:38:14', '2019-09-16 10:38:14', 0),
	(1190, 62, NULL, 'Credit SL', 0.50, NULL, 'Auto updated by system admin', '2019-09-16 10:38:14', '2019-09-16 10:38:14', 0),
	(1191, 63, NULL, 'Credit PL', 1.25, NULL, 'Auto updated by system admin', '2019-09-16 10:38:14', '2019-09-16 10:38:14', 0),
	(1192, 63, NULL, 'Credit SL', 0.50, NULL, 'Auto updated by system admin', '2019-09-16 10:38:14', '2019-09-16 10:38:14', 0),
	(1193, 64, NULL, 'Credit PL', 1.25, NULL, 'Auto updated by system admin', '2019-09-16 10:38:14', '2019-09-16 10:38:14', 0),
	(1194, 64, NULL, 'Credit SL', 0.50, NULL, 'Auto updated by system admin', '2019-09-16 10:38:14', '2019-09-16 10:38:14', 0),
	(1195, 65, NULL, 'Credit PL', 1.25, NULL, 'Auto updated by system admin', '2019-09-16 10:38:14', '2019-09-16 10:38:14', 0),
	(1196, 65, NULL, 'Credit SL', 0.50, NULL, 'Auto updated by system admin', '2019-09-16 10:38:14', '2019-09-16 10:38:14', 0),
	(1197, 66, NULL, 'Credit PL', 1.25, NULL, 'Auto updated by system admin', '2019-09-16 10:38:14', '2019-09-16 10:38:14', 0),
	(1198, 66, NULL, 'Credit SL', 0.50, NULL, 'Auto updated by system admin', '2019-09-16 10:38:14', '2019-09-16 10:38:14', 0),
	(1199, 67, NULL, 'Credit PL', 1.25, NULL, 'Auto updated by system admin', '2019-09-16 10:38:15', '2019-09-16 10:38:15', 0),
	(1200, 67, NULL, 'Credit SL', 0.50, NULL, 'Auto updated by system admin', '2019-09-16 10:38:15', '2019-09-16 10:38:15', 0),
	(1201, 68, NULL, 'Credit PL', 1.25, NULL, 'Auto updated by system admin', '2019-09-16 10:38:15', '2019-09-16 10:38:15', 0),
	(1202, 68, NULL, 'Credit SL', 0.50, NULL, 'Auto updated by system admin', '2019-09-16 10:38:15', '2019-09-16 10:38:15', 0),
	(1203, 69, NULL, 'Credit PL', 1.25, NULL, 'Auto updated by system admin', '2019-09-16 10:38:15', '2019-09-16 10:38:15', 0),
	(1204, 69, NULL, 'Credit SL', 0.50, NULL, 'Auto updated by system admin', '2019-09-16 10:38:15', '2019-09-16 10:38:15', 0),
	(1205, 70, NULL, 'Credit PL', 1.25, NULL, 'Auto updated by system admin', '2019-09-16 10:38:15', '2019-09-16 10:38:15', 0),
	(1206, 70, NULL, 'Credit SL', 0.50, NULL, 'Auto updated by system admin', '2019-09-16 10:38:15', '2019-09-16 10:38:15', 0),
	(1207, 71, NULL, 'Credit PL', 1.25, NULL, 'Auto updated by system admin', '2019-09-16 10:38:16', '2019-09-16 10:38:16', 0),
	(1208, 71, NULL, 'Credit SL', 0.50, NULL, 'Auto updated by system admin', '2019-09-16 10:38:16', '2019-09-16 10:38:16', 0),
	(1209, 72, NULL, 'Credit PL', 1.25, NULL, 'Auto updated by system admin', '2019-09-16 10:38:16', '2019-09-16 10:38:16', 0),
	(1210, 72, NULL, 'Credit SL', 0.50, NULL, 'Auto updated by system admin', '2019-09-16 10:38:16', '2019-09-16 10:38:16', 0),
	(1211, 73, NULL, 'Credit PL', 1.25, NULL, 'Auto updated by system admin', '2019-09-16 10:38:16', '2019-09-16 10:38:16', 0),
	(1212, 73, NULL, 'Credit SL', 0.50, NULL, 'Auto updated by system admin', '2019-09-16 10:38:16', '2019-09-16 10:38:16', 0),
	(1213, 74, NULL, 'Credit PL', 1.25, NULL, 'Auto updated by system admin', '2019-09-16 10:38:16', '2019-09-16 10:38:16', 0),
	(1214, 74, NULL, 'Credit SL', 0.50, NULL, 'Auto updated by system admin', '2019-09-16 10:38:16', '2019-09-16 10:38:16', 0),
	(1215, 75, NULL, 'Credit PL', 1.25, NULL, 'Auto updated by system admin', '2019-09-16 10:38:16', '2019-09-16 10:38:16', 0),
	(1216, 75, NULL, 'Credit SL', 0.50, NULL, 'Auto updated by system admin', '2019-09-16 10:38:16', '2019-09-16 10:38:16', 0),
	(1217, 76, NULL, 'Credit PL', 1.25, NULL, 'Auto updated by system admin', '2019-09-16 10:38:16', '2019-09-16 10:38:16', 0),
	(1218, 76, NULL, 'Credit SL', 0.50, NULL, 'Auto updated by system admin', '2019-09-16 10:38:16', '2019-09-16 10:38:16', 0),
	(1219, 77, NULL, 'Credit PL', 1.25, NULL, 'Auto updated by system admin', '2019-09-16 10:38:17', '2019-09-16 10:38:17', 0),
	(1220, 77, NULL, 'Credit SL', 0.50, NULL, 'Auto updated by system admin', '2019-09-16 10:38:17', '2019-09-16 10:38:17', 0),
	(1221, 78, NULL, 'Credit PL', 1.25, NULL, 'Auto updated by system admin', '2019-09-16 10:38:17', '2019-09-16 10:38:17', 0),
	(1222, 78, NULL, 'Credit SL', 0.50, NULL, 'Auto updated by system admin', '2019-09-16 10:38:17', '2019-09-16 10:38:17', 0),
	(1223, 79, NULL, 'Credit PL', 1.25, NULL, 'Auto updated by system admin', '2019-09-16 10:38:17', '2019-09-16 10:38:17', 0),
	(1224, 79, NULL, 'Credit SL', 0.50, NULL, 'Auto updated by system admin', '2019-09-16 10:38:17', '2019-09-16 10:38:17', 0),
	(1225, 80, NULL, 'Credit PL', 1.25, NULL, 'Auto updated by system admin', '2019-09-16 10:38:17', '2019-09-16 10:38:17', 0),
	(1226, 80, NULL, 'Credit SL', 0.50, NULL, 'Auto updated by system admin', '2019-09-16 10:38:17', '2019-09-16 10:38:17', 0),
	(1227, 81, NULL, 'Credit PL', 1.25, NULL, 'Auto updated by system admin', '2019-09-16 10:38:17', '2019-09-16 10:38:17', 0),
	(1228, 81, NULL, 'Credit SL', 0.50, NULL, 'Auto updated by system admin', '2019-09-16 10:38:17', '2019-09-16 10:38:17', 0),
	(1229, 82, NULL, 'Credit PL', 1.25, NULL, 'Auto updated by system admin', '2019-09-16 10:38:17', '2019-09-16 10:38:17', 0),
	(1230, 82, NULL, 'Credit SL', 0.50, NULL, 'Auto updated by system admin', '2019-09-16 10:38:17', '2019-09-16 10:38:17', 0),
	(1231, 83, NULL, 'Credit PL', 1.25, NULL, 'Auto updated by system admin', '2019-09-16 10:38:18', '2019-09-16 10:38:18', 0),
	(1232, 83, NULL, 'Credit SL', 0.50, NULL, 'Auto updated by system admin', '2019-09-16 10:38:18', '2019-09-16 10:38:18', 0),
	(1233, 84, NULL, 'Credit PL', 1.25, NULL, 'Auto updated by system admin', '2019-09-16 10:38:18', '2019-09-16 10:38:18', 0),
	(1234, 84, NULL, 'Credit SL', 0.50, NULL, 'Auto updated by system admin', '2019-09-16 10:38:18', '2019-09-16 10:38:18', 0),
	(1235, 85, NULL, 'Credit PL', 1.25, NULL, 'Auto updated by system admin', '2019-09-16 10:38:18', '2019-09-16 10:38:18', 0),
	(1236, 85, NULL, 'Credit SL', 0.50, NULL, 'Auto updated by system admin', '2019-09-16 10:38:18', '2019-09-16 10:38:18', 0),
	(1237, 86, NULL, 'Credit PL', 1.25, NULL, 'Auto updated by system admin', '2019-09-16 10:38:18', '2019-09-16 10:38:18', 0),
	(1238, 86, NULL, 'Credit SL', 0.50, NULL, 'Auto updated by system admin', '2019-09-16 10:38:18', '2019-09-16 10:38:18', 0),
	(1239, 87, NULL, 'Credit PL', 1.25, NULL, 'Auto updated by system admin', '2019-09-16 10:38:18', '2019-09-16 10:38:18', 0),
	(1240, 87, NULL, 'Credit SL', 0.50, NULL, 'Auto updated by system admin', '2019-09-16 10:38:18', '2019-09-16 10:38:18', 0),
	(1241, 88, NULL, 'Credit PL', 1.25, NULL, 'Auto updated by system admin', '2019-09-16 10:38:18', '2019-09-16 10:38:18', 0),
	(1242, 88, NULL, 'Credit SL', 0.50, NULL, 'Auto updated by system admin', '2019-09-16 10:38:18', '2019-09-16 10:38:18', 0),
	(1243, 89, NULL, 'Credit PL', 1.25, NULL, 'Auto updated by system admin', '2019-09-16 10:38:19', '2019-09-16 10:38:19', 0),
	(1244, 89, NULL, 'Credit SL', 0.50, NULL, 'Auto updated by system admin', '2019-09-16 10:38:19', '2019-09-16 10:38:19', 0),
	(1245, 90, NULL, 'Credit PL', 1.25, NULL, 'Auto updated by system admin', '2019-09-16 10:38:19', '2019-09-16 10:38:19', 0),
	(1246, 90, NULL, 'Credit SL', 0.50, NULL, 'Auto updated by system admin', '2019-09-16 10:38:19', '2019-09-16 10:38:19', 0),
	(1247, 91, NULL, 'Credit PL', 1.25, NULL, 'Auto updated by system admin', '2019-09-16 10:38:19', '2019-09-16 10:38:19', 0),
	(1248, 91, NULL, 'Credit SL', 0.50, NULL, 'Auto updated by system admin', '2019-09-16 10:38:19', '2019-09-16 10:38:19', 0),
	(1249, 92, NULL, 'Credit PL', 1.25, NULL, 'Auto updated by system admin', '2019-09-16 10:38:19', '2019-09-16 10:38:19', 0),
	(1250, 92, NULL, 'Credit SL', 0.50, NULL, 'Auto updated by system admin', '2019-09-16 10:38:19', '2019-09-16 10:38:19', 0),
	(1251, 93, NULL, 'Credit PL', 1.25, NULL, 'Auto updated by system admin', '2019-09-16 10:38:19', '2019-09-16 10:38:19', 0),
	(1252, 93, NULL, 'Credit SL', 0.50, NULL, 'Auto updated by system admin', '2019-09-16 10:38:19', '2019-09-16 10:38:19', 0),
	(1253, 94, NULL, 'Credit PL', 1.25, NULL, 'Auto updated by system admin', '2019-09-16 10:38:19', '2019-09-16 10:38:19', 0),
	(1254, 94, NULL, 'Credit SL', 0.50, NULL, 'Auto updated by system admin', '2019-09-16 10:38:19', '2019-09-16 10:38:19', 0),
	(1255, 95, NULL, 'Credit PL', 1.25, NULL, 'Auto updated by system admin', '2019-09-16 10:38:19', '2019-09-16 10:38:19', 0),
	(1256, 95, NULL, 'Credit SL', 0.50, NULL, 'Auto updated by system admin', '2019-09-16 10:38:19', '2019-09-16 10:38:19', 0),
	(1257, 96, NULL, 'Credit PL', 1.25, NULL, 'Auto updated by system admin', '2019-09-16 10:38:20', '2019-09-16 10:38:20', 0),
	(1258, 96, NULL, 'Credit SL', 0.50, NULL, 'Auto updated by system admin', '2019-09-16 10:38:20', '2019-09-16 10:38:20', 0),
	(1259, 97, NULL, 'Credit PL', 1.25, NULL, 'Auto updated by system admin', '2019-09-16 10:38:20', '2019-09-16 10:38:20', 0),
	(1260, 97, NULL, 'Credit SL', 0.50, NULL, 'Auto updated by system admin', '2019-09-16 10:38:20', '2019-09-16 10:38:20', 0),
	(1261, 98, NULL, 'Credit PL', 1.25, NULL, 'Auto updated by system admin', '2019-09-16 10:38:20', '2019-09-16 10:38:20', 0),
	(1262, 98, NULL, 'Credit SL', 0.50, NULL, 'Auto updated by system admin', '2019-09-16 10:38:20', '2019-09-16 10:38:20', 0),
	(1263, 99, NULL, 'Credit PL', 1.25, NULL, 'Auto updated by system admin', '2019-09-16 10:38:20', '2019-09-16 10:38:20', 0),
	(1264, 99, NULL, 'Credit SL', 0.50, NULL, 'Auto updated by system admin', '2019-09-16 10:38:20', '2019-09-16 10:38:20', 0),
	(1265, 100, NULL, 'Credit PL', 1.25, NULL, 'Auto updated by system admin', '2019-09-16 10:38:21', '2019-09-16 10:38:21', 0),
	(1266, 100, NULL, 'Credit SL', 0.50, NULL, 'Auto updated by system admin', '2019-09-16 10:38:21', '2019-09-16 10:38:21', 0),
	(1267, 101, NULL, 'Credit PL', 1.25, NULL, 'Auto updated by system admin', '2019-09-16 10:38:21', '2019-09-16 10:38:21', 0),
	(1268, 101, NULL, 'Credit SL', 0.50, NULL, 'Auto updated by system admin', '2019-09-16 10:38:21', '2019-09-16 10:38:21', 0),
	(1269, 102, NULL, 'Credit PL', 1.25, NULL, 'Auto updated by system admin', '2019-09-16 10:38:21', '2019-09-16 10:38:21', 0),
	(1270, 102, NULL, 'Credit SL', 0.50, NULL, 'Auto updated by system admin', '2019-09-16 10:38:21', '2019-09-16 10:38:21', 0),
	(1271, 103, NULL, 'Credit PL', 1.25, NULL, 'Auto updated by system admin', '2019-09-16 10:38:21', '2019-09-16 10:38:21', 0),
	(1272, 103, NULL, 'Credit SL', 0.50, NULL, 'Auto updated by system admin', '2019-09-16 10:38:21', '2019-09-16 10:38:21', 0),
	(1273, 104, NULL, 'Credit PL', 1.25, NULL, 'Auto updated by system admin', '2019-09-16 10:38:21', '2019-09-16 10:38:21', 0),
	(1274, 104, NULL, 'Credit SL', 0.50, NULL, 'Auto updated by system admin', '2019-09-16 10:38:21', '2019-09-16 10:38:21', 0),
	(1275, 105, NULL, 'Credit PL', 1.25, NULL, 'Auto updated by system admin', '2019-09-16 10:38:22', '2019-09-16 10:38:22', 0),
	(1276, 105, NULL, 'Credit SL', 0.50, NULL, 'Auto updated by system admin', '2019-09-16 10:38:22', '2019-09-16 10:38:22', 0),
	(1277, 106, NULL, 'Credit PL', 1.25, NULL, 'Auto updated by system admin', '2019-09-16 10:38:22', '2019-09-16 10:38:22', 0),
	(1278, 106, NULL, 'Credit SL', 0.50, NULL, 'Auto updated by system admin', '2019-09-16 10:38:22', '2019-09-16 10:38:22', 0),
	(1279, 107, NULL, 'Credit PL', 1.25, NULL, 'Auto updated by system admin', '2019-09-16 10:38:22', '2019-09-16 10:38:22', 0),
	(1280, 107, NULL, 'Credit SL', 0.50, NULL, 'Auto updated by system admin', '2019-09-16 10:38:22', '2019-09-16 10:38:22', 0),
	(1281, 108, NULL, 'Credit PL', 1.25, NULL, 'Auto updated by system admin', '2019-09-16 10:38:22', '2019-09-16 10:38:22', 0),
	(1282, 108, NULL, 'Credit SL', 0.50, NULL, 'Auto updated by system admin', '2019-09-16 10:38:22', '2019-09-16 10:38:22', 0),
	(1283, 109, NULL, 'Credit PL', 1.25, NULL, 'Auto updated by system admin', '2019-09-16 10:38:22', '2019-09-16 10:38:22', 0),
	(1284, 109, NULL, 'Credit SL', 0.50, NULL, 'Auto updated by system admin', '2019-09-16 10:38:22', '2019-09-16 10:38:22', 0),
	(1285, 110, NULL, 'Credit PL', 1.25, NULL, 'Auto updated by system admin', '2019-09-16 10:38:22', '2019-09-16 10:38:22', 0),
	(1286, 110, NULL, 'Credit SL', 0.50, NULL, 'Auto updated by system admin', '2019-09-16 10:38:22', '2019-09-16 10:38:22', 0),
	(1287, 111, NULL, 'Credit PL', 1.25, NULL, 'Auto updated by system admin', '2019-09-16 10:38:23', '2019-09-16 10:38:23', 0),
	(1288, 111, NULL, 'Credit SL', 0.50, NULL, 'Auto updated by system admin', '2019-09-16 10:38:23', '2019-09-16 10:38:23', 0),
	(1289, 112, NULL, 'Credit PL', 1.25, NULL, 'Auto updated by system admin', '2019-09-16 10:38:23', '2019-09-16 10:38:23', 0),
	(1290, 112, NULL, 'Credit SL', 0.50, NULL, 'Auto updated by system admin', '2019-09-16 10:38:23', '2019-09-16 10:38:23', 0),
	(1291, 113, NULL, 'Credit PL', 1.25, NULL, 'Auto updated by system admin', '2019-09-16 10:38:23', '2019-09-16 10:38:23', 0),
	(1292, 113, NULL, 'Credit SL', 0.50, NULL, 'Auto updated by system admin', '2019-09-16 10:38:23', '2019-09-16 10:38:23', 0),
	(1293, 114, NULL, 'Credit PL', 1.25, NULL, 'Auto updated by system admin', '2019-09-16 10:38:23', '2019-09-16 10:38:23', 0),
	(1294, 114, NULL, 'Credit SL', 0.50, NULL, 'Auto updated by system admin', '2019-09-16 10:38:23', '2019-09-16 10:38:23', 0),
	(1295, 115, NULL, 'Credit PL', 1.25, NULL, 'Auto updated by system admin', '2019-09-16 10:38:23', '2019-09-16 10:38:23', 0),
	(1296, 115, NULL, 'Credit SL', 0.50, NULL, 'Auto updated by system admin', '2019-09-16 10:38:23', '2019-09-16 10:38:23', 0),
	(1297, 116, NULL, 'Credit PL', 1.25, NULL, 'Auto updated by system admin', '2019-09-16 10:38:23', '2019-09-16 10:38:23', 0),
	(1298, 116, NULL, 'Credit SL', 0.50, NULL, 'Auto updated by system admin', '2019-09-16 10:38:23', '2019-09-16 10:38:23', 0),
	(1299, 117, NULL, 'Credit PL', 1.25, NULL, 'Auto updated by system admin', '2019-09-16 10:38:24', '2019-09-16 10:38:24', 0),
	(1300, 117, NULL, 'Credit SL', 0.50, NULL, 'Auto updated by system admin', '2019-09-16 10:38:24', '2019-09-16 10:38:24', 0),
	(1301, 118, NULL, 'Credit PL', 1.25, NULL, 'Auto updated by system admin', '2019-09-16 10:38:24', '2019-09-16 10:38:24', 0),
	(1302, 118, NULL, 'Credit SL', 0.50, NULL, 'Auto updated by system admin', '2019-09-16 10:38:24', '2019-09-16 10:38:24', 0),
	(1303, 119, NULL, 'Credit PL', 1.25, NULL, 'Auto updated by system admin', '2019-09-16 10:38:24', '2019-09-16 10:38:24', 0),
	(1304, 119, NULL, 'Credit SL', 0.50, NULL, 'Auto updated by system admin', '2019-09-16 10:38:24', '2019-09-16 10:38:24', 0),
	(1305, 120, NULL, 'Credit PL', 1.25, NULL, 'Auto updated by system admin', '2019-09-16 10:38:24', '2019-09-16 10:38:24', 0),
	(1306, 120, NULL, 'Credit SL', 0.50, NULL, 'Auto updated by system admin', '2019-09-16 10:38:24', '2019-09-16 10:38:24', 0),
	(1307, 121, NULL, 'Credit PL', 1.25, NULL, 'Auto updated by system admin', '2019-09-16 10:38:24', '2019-09-16 10:38:24', 0),
	(1308, 121, NULL, 'Credit SL', 0.50, NULL, 'Auto updated by system admin', '2019-09-16 10:38:24', '2019-09-16 10:38:24', 0),
	(1309, 122, NULL, 'Credit PL', 1.25, NULL, 'Auto updated by system admin', '2019-09-16 10:38:25', '2019-09-16 10:38:25', 0),
	(1310, 122, NULL, 'Credit SL', 0.50, NULL, 'Auto updated by system admin', '2019-09-16 10:38:25', '2019-09-16 10:38:25', 0),
	(1311, 123, NULL, 'Credit PL', 1.25, NULL, 'Auto updated by system admin', '2019-09-16 10:38:25', '2019-09-16 10:38:25', 0),
	(1312, 123, NULL, 'Credit SL', 0.50, NULL, 'Auto updated by system admin', '2019-09-16 10:38:25', '2019-09-16 10:38:25', 0),
	(1313, 124, NULL, 'Credit PL', 1.25, NULL, 'Auto updated by system admin', '2019-09-16 10:38:25', '2019-09-16 10:38:25', 0),
	(1314, 124, NULL, 'Credit SL', 0.50, NULL, 'Auto updated by system admin', '2019-09-16 10:38:25', '2019-09-16 10:38:25', 0),
	(1315, 125, NULL, 'Credit PL', 1.25, NULL, 'Auto updated by system admin', '2019-09-16 10:38:25', '2019-09-16 10:38:25', 0),
	(1316, 125, NULL, 'Credit SL', 0.50, NULL, 'Auto updated by system admin', '2019-09-16 10:38:25', '2019-09-16 10:38:25', 0),
	(1317, 126, NULL, 'Credit PL', 1.25, NULL, 'Auto updated by system admin', '2019-09-16 10:38:25', '2019-09-16 10:38:25', 0),
	(1318, 126, NULL, 'Credit SL', 0.50, NULL, 'Auto updated by system admin', '2019-09-16 10:38:25', '2019-09-16 10:38:25', 0),
	(1319, 127, NULL, 'Credit PL', 1.25, NULL, 'Auto updated by system admin', '2019-09-16 10:38:26', '2019-09-16 10:38:26', 0),
	(1320, 127, NULL, 'Credit SL', 0.50, NULL, 'Auto updated by system admin', '2019-09-16 10:38:26', '2019-09-16 10:38:26', 0),
	(1321, 128, NULL, 'Credit PL', 1.25, NULL, 'Auto updated by system admin', '2019-09-16 10:38:26', '2019-09-16 10:38:26', 0),
	(1322, 128, NULL, 'Credit SL', 0.50, NULL, 'Auto updated by system admin', '2019-09-16 10:38:26', '2019-09-16 10:38:26', 0),
	(1323, 129, NULL, 'Credit PL', 1.25, NULL, 'Auto updated by system admin', '2019-09-16 10:38:26', '2019-09-16 10:38:26', 0),
	(1324, 129, NULL, 'Credit SL', 0.50, NULL, 'Auto updated by system admin', '2019-09-16 10:38:26', '2019-09-16 10:38:26', 0),
	(1325, 130, NULL, 'Credit PL', 1.25, NULL, 'Auto updated by system admin', '2019-09-16 10:38:27', '2019-09-16 10:38:27', 0),
	(1326, 130, NULL, 'Credit SL', 0.50, NULL, 'Auto updated by system admin', '2019-09-16 10:38:27', '2019-09-16 10:38:27', 0),
	(1327, 1, NULL, 'Credit PL', 1.25, NULL, 'Auto updated by system admin', '2019-09-16 10:41:06', '2019-09-16 10:41:06', 0),
	(1328, 1, NULL, 'Credit SL', 0.50, NULL, 'Auto updated by system admin', '2019-09-16 10:41:06', '2019-09-16 10:41:06', 0),
	(1329, 2, NULL, 'Credit PL', 1.25, NULL, 'Auto updated by system admin', '2019-09-16 10:41:06', '2019-09-16 10:41:06', 0),
	(1330, 2, NULL, 'Credit SL', 0.50, NULL, 'Auto updated by system admin', '2019-09-16 10:41:06', '2019-09-16 10:41:06', 0),
	(1331, 3, NULL, 'Credit PL', 1.25, NULL, 'Auto updated by system admin', '2019-09-16 10:41:06', '2019-09-16 10:41:06', 0),
	(1332, 3, NULL, 'Credit SL', 0.50, NULL, 'Auto updated by system admin', '2019-09-16 10:41:06', '2019-09-16 10:41:06', 0),
	(1333, 4, NULL, 'Credit PL', 1.25, NULL, 'Auto updated by system admin', '2019-09-16 10:41:06', '2019-09-16 10:41:06', 0),
	(1334, 4, NULL, 'Credit SL', 0.50, NULL, 'Auto updated by system admin', '2019-09-16 10:41:06', '2019-09-16 10:41:06', 0),
	(1335, 5, NULL, 'Credit PL', 1.25, NULL, 'Auto updated by system admin', '2019-09-16 10:41:07', '2019-09-16 10:41:07', 0),
	(1336, 5, NULL, 'Credit SL', 0.50, NULL, 'Auto updated by system admin', '2019-09-16 10:41:07', '2019-09-16 10:41:07', 0),
	(1337, 6, NULL, 'Credit PL', 1.25, NULL, 'Auto updated by system admin', '2019-09-16 10:41:07', '2019-09-16 10:41:07', 0),
	(1338, 6, NULL, 'Credit SL', 0.50, NULL, 'Auto updated by system admin', '2019-09-16 10:41:07', '2019-09-16 10:41:07', 0),
	(1339, 7, NULL, 'Credit PL', 1.25, NULL, 'Auto updated by system admin', '2019-09-16 10:41:07', '2019-09-16 10:41:07', 0),
	(1340, 7, NULL, 'Credit SL', 0.50, NULL, 'Auto updated by system admin', '2019-09-16 10:41:07', '2019-09-16 10:41:07', 0),
	(1341, 8, NULL, 'Credit PL', 1.25, NULL, 'Auto updated by system admin', '2019-09-16 10:41:07', '2019-09-16 10:41:07', 0),
	(1342, 8, NULL, 'Credit SL', 0.50, NULL, 'Auto updated by system admin', '2019-09-16 10:41:07', '2019-09-16 10:41:07', 0),
	(1343, 9, NULL, 'Credit PL', 1.25, NULL, 'Auto updated by system admin', '2019-09-16 10:41:07', '2019-09-16 10:41:07', 0),
	(1344, 9, NULL, 'Credit SL', 0.50, NULL, 'Auto updated by system admin', '2019-09-16 10:41:07', '2019-09-16 10:41:07', 0),
	(1345, 10, NULL, 'Credit PL', 1.25, NULL, 'Auto updated by system admin', '2019-09-16 10:41:07', '2019-09-16 10:41:07', 0),
	(1346, 10, NULL, 'Credit SL', 0.50, NULL, 'Auto updated by system admin', '2019-09-16 10:41:07', '2019-09-16 10:41:07', 0),
	(1347, 11, NULL, 'Credit PL', 1.25, NULL, 'Auto updated by system admin', '2019-09-16 10:41:07', '2019-09-16 10:41:07', 0),
	(1348, 11, NULL, 'Credit SL', 0.50, NULL, 'Auto updated by system admin', '2019-09-16 10:41:07', '2019-09-16 10:41:07', 0),
	(1349, 12, NULL, 'Credit PL', 1.25, NULL, 'Auto updated by system admin', '2019-09-16 10:41:08', '2019-09-16 10:41:08', 0),
	(1350, 12, NULL, 'Credit SL', 0.50, NULL, 'Auto updated by system admin', '2019-09-16 10:41:08', '2019-09-16 10:41:08', 0),
	(1351, 13, NULL, 'Credit PL', 1.25, NULL, 'Auto updated by system admin', '2019-09-16 10:41:08', '2019-09-16 10:41:08', 0),
	(1352, 13, NULL, 'Credit SL', 0.50, NULL, 'Auto updated by system admin', '2019-09-16 10:41:08', '2019-09-16 10:41:08', 0),
	(1353, 14, NULL, 'Credit PL', 1.25, NULL, 'Auto updated by system admin', '2019-09-16 10:41:08', '2019-09-16 10:41:08', 0),
	(1354, 14, NULL, 'Credit SL', 0.50, NULL, 'Auto updated by system admin', '2019-09-16 10:41:08', '2019-09-16 10:41:08', 0),
	(1355, 15, NULL, 'Credit PL', 1.25, NULL, 'Auto updated by system admin', '2019-09-16 10:41:08', '2019-09-16 10:41:08', 0),
	(1356, 15, NULL, 'Credit SL', 0.50, NULL, 'Auto updated by system admin', '2019-09-16 10:41:08', '2019-09-16 10:41:08', 0),
	(1357, 16, NULL, 'Credit PL', 1.25, NULL, 'Auto updated by system admin', '2019-09-16 10:41:08', '2019-09-16 10:41:08', 0),
	(1358, 16, NULL, 'Credit SL', 0.50, NULL, 'Auto updated by system admin', '2019-09-16 10:41:08', '2019-09-16 10:41:08', 0),
	(1359, 17, NULL, 'Credit PL', 1.25, NULL, 'Auto updated by system admin', '2019-09-16 10:41:08', '2019-09-16 10:41:08', 0),
	(1360, 17, NULL, 'Credit SL', 0.50, NULL, 'Auto updated by system admin', '2019-09-16 10:41:08', '2019-09-16 10:41:08', 0),
	(1361, 18, NULL, 'Credit PL', 1.25, NULL, 'Auto updated by system admin', '2019-09-16 10:41:08', '2019-09-16 10:41:08', 0),
	(1362, 18, NULL, 'Credit SL', 0.50, NULL, 'Auto updated by system admin', '2019-09-16 10:41:08', '2019-09-16 10:41:08', 0),
	(1363, 19, NULL, 'Credit PL', 1.25, NULL, 'Auto updated by system admin', '2019-09-16 10:41:09', '2019-09-16 10:41:09', 0),
	(1364, 19, NULL, 'Credit SL', 0.50, NULL, 'Auto updated by system admin', '2019-09-16 10:41:09', '2019-09-16 10:41:09', 0),
	(1365, 20, NULL, 'Credit PL', 1.25, NULL, 'Auto updated by system admin', '2019-09-16 10:41:09', '2019-09-16 10:41:09', 0),
	(1366, 20, NULL, 'Credit SL', 0.50, NULL, 'Auto updated by system admin', '2019-09-16 10:41:09', '2019-09-16 10:41:09', 0),
	(1367, 21, NULL, 'Credit PL', 1.25, NULL, 'Auto updated by system admin', '2019-09-16 10:41:09', '2019-09-16 10:41:09', 0),
	(1368, 21, NULL, 'Credit SL', 0.50, NULL, 'Auto updated by system admin', '2019-09-16 10:41:09', '2019-09-16 10:41:09', 0),
	(1369, 22, NULL, 'Credit PL', 1.25, NULL, 'Auto updated by system admin', '2019-09-16 10:41:09', '2019-09-16 10:41:09', 0),
	(1370, 22, NULL, 'Credit SL', 0.50, NULL, 'Auto updated by system admin', '2019-09-16 10:41:09', '2019-09-16 10:41:09', 0),
	(1371, 23, NULL, 'Credit PL', 1.25, NULL, 'Auto updated by system admin', '2019-09-16 10:41:09', '2019-09-16 10:41:09', 0),
	(1372, 23, NULL, 'Credit SL', 0.50, NULL, 'Auto updated by system admin', '2019-09-16 10:41:09', '2019-09-16 10:41:09', 0),
	(1373, 24, NULL, 'Credit PL', 1.25, NULL, 'Auto updated by system admin', '2019-09-16 10:41:09', '2019-09-16 10:41:09', 0),
	(1374, 24, NULL, 'Credit SL', 0.50, NULL, 'Auto updated by system admin', '2019-09-16 10:41:09', '2019-09-16 10:41:09', 0),
	(1375, 25, NULL, 'Credit PL', 1.25, NULL, 'Auto updated by system admin', '2019-09-16 10:41:10', '2019-09-16 10:41:10', 0),
	(1376, 25, NULL, 'Credit SL', 0.50, NULL, 'Auto updated by system admin', '2019-09-16 10:41:10', '2019-09-16 10:41:10', 0),
	(1377, 26, NULL, 'Credit PL', 1.25, NULL, 'Auto updated by system admin', '2019-09-16 10:41:10', '2019-09-16 10:41:10', 0),
	(1378, 26, NULL, 'Credit SL', 0.50, NULL, 'Auto updated by system admin', '2019-09-16 10:41:10', '2019-09-16 10:41:10', 0),
	(1379, 27, NULL, 'Credit PL', 1.25, NULL, 'Auto updated by system admin', '2019-09-16 10:41:10', '2019-09-16 10:41:10', 0),
	(1380, 27, NULL, 'Credit SL', 0.50, NULL, 'Auto updated by system admin', '2019-09-16 10:41:10', '2019-09-16 10:41:10', 0),
	(1381, 28, NULL, 'Credit PL', 1.25, NULL, 'Auto updated by system admin', '2019-09-16 10:41:10', '2019-09-16 10:41:10', 0),
	(1382, 28, NULL, 'Credit SL', 0.50, NULL, 'Auto updated by system admin', '2019-09-16 10:41:10', '2019-09-16 10:41:10', 0),
	(1383, 29, NULL, 'Credit PL', 1.25, NULL, 'Auto updated by system admin', '2019-09-16 10:41:10', '2019-09-16 10:41:10', 0),
	(1384, 29, NULL, 'Credit SL', 0.50, NULL, 'Auto updated by system admin', '2019-09-16 10:41:10', '2019-09-16 10:41:10', 0),
	(1385, 30, NULL, 'Credit PL', 1.25, NULL, 'Auto updated by system admin', '2019-09-16 10:41:10', '2019-09-16 10:41:10', 0),
	(1386, 30, NULL, 'Credit SL', 0.50, NULL, 'Auto updated by system admin', '2019-09-16 10:41:10', '2019-09-16 10:41:10', 0),
	(1387, 31, NULL, 'Credit PL', 1.25, NULL, 'Auto updated by system admin', '2019-09-16 10:41:10', '2019-09-16 10:41:10', 0),
	(1388, 31, NULL, 'Credit SL', 0.50, NULL, 'Auto updated by system admin', '2019-09-16 10:41:10', '2019-09-16 10:41:10', 0),
	(1389, 32, NULL, 'Credit PL', 1.25, NULL, 'Auto updated by system admin', '2019-09-16 10:41:11', '2019-09-16 10:41:11', 0),
	(1390, 32, NULL, 'Credit SL', 0.50, NULL, 'Auto updated by system admin', '2019-09-16 10:41:11', '2019-09-16 10:41:11', 0),
	(1391, 33, NULL, 'Credit PL', 1.25, NULL, 'Auto updated by system admin', '2019-09-16 10:41:11', '2019-09-16 10:41:11', 0),
	(1392, 33, NULL, 'Credit SL', 0.50, NULL, 'Auto updated by system admin', '2019-09-16 10:41:11', '2019-09-16 10:41:11', 0),
	(1393, 34, NULL, 'Credit PL', 1.25, NULL, 'Auto updated by system admin', '2019-09-16 10:41:11', '2019-09-16 10:41:11', 0),
	(1394, 34, NULL, 'Credit SL', 0.50, NULL, 'Auto updated by system admin', '2019-09-16 10:41:11', '2019-09-16 10:41:11', 0),
	(1395, 35, NULL, 'Credit PL', 1.25, NULL, 'Auto updated by system admin', '2019-09-16 10:41:11', '2019-09-16 10:41:11', 0),
	(1396, 35, NULL, 'Credit SL', 0.50, NULL, 'Auto updated by system admin', '2019-09-16 10:41:11', '2019-09-16 10:41:11', 0),
	(1397, 36, NULL, 'Credit PL', 1.25, NULL, 'Auto updated by system admin', '2019-09-16 10:41:11', '2019-09-16 10:41:11', 0),
	(1398, 36, NULL, 'Credit SL', 0.50, NULL, 'Auto updated by system admin', '2019-09-16 10:41:11', '2019-09-16 10:41:11', 0),
	(1399, 37, NULL, 'Credit PL', 1.25, NULL, 'Auto updated by system admin', '2019-09-16 10:41:12', '2019-09-16 10:41:12', 0),
	(1400, 37, NULL, 'Credit SL', 0.50, NULL, 'Auto updated by system admin', '2019-09-16 10:41:12', '2019-09-16 10:41:12', 0),
	(1401, 38, NULL, 'Credit PL', 1.25, NULL, 'Auto updated by system admin', '2019-09-16 10:41:12', '2019-09-16 10:41:12', 0),
	(1402, 38, NULL, 'Credit SL', 0.50, NULL, 'Auto updated by system admin', '2019-09-16 10:41:12', '2019-09-16 10:41:12', 0),
	(1403, 39, NULL, 'Credit PL', 1.25, NULL, 'Auto updated by system admin', '2019-09-16 10:41:12', '2019-09-16 10:41:12', 0),
	(1404, 39, NULL, 'Credit SL', 0.50, NULL, 'Auto updated by system admin', '2019-09-16 10:41:12', '2019-09-16 10:41:12', 0),
	(1405, 40, NULL, 'Credit PL', 1.25, NULL, 'Auto updated by system admin', '2019-09-16 10:41:12', '2019-09-16 10:41:12', 0),
	(1406, 40, NULL, 'Credit SL', 0.50, NULL, 'Auto updated by system admin', '2019-09-16 10:41:12', '2019-09-16 10:41:12', 0),
	(1407, 41, NULL, 'Credit PL', 1.25, NULL, 'Auto updated by system admin', '2019-09-16 10:41:12', '2019-09-16 10:41:12', 0),
	(1408, 41, NULL, 'Credit SL', 0.50, NULL, 'Auto updated by system admin', '2019-09-16 10:41:12', '2019-09-16 10:41:12', 0),
	(1409, 42, NULL, 'Credit PL', 1.25, NULL, 'Auto updated by system admin', '2019-09-16 10:41:12', '2019-09-16 10:41:12', 0),
	(1410, 42, NULL, 'Credit SL', 0.50, NULL, 'Auto updated by system admin', '2019-09-16 10:41:12', '2019-09-16 10:41:12', 0),
	(1411, 43, NULL, 'Credit PL', 1.25, NULL, 'Auto updated by system admin', '2019-09-16 10:41:12', '2019-09-16 10:41:12', 0),
	(1412, 43, NULL, 'Credit SL', 0.50, NULL, 'Auto updated by system admin', '2019-09-16 10:41:12', '2019-09-16 10:41:12', 0),
	(1413, 44, NULL, 'Credit PL', 1.25, NULL, 'Auto updated by system admin', '2019-09-16 10:41:13', '2019-09-16 10:41:13', 0),
	(1414, 44, NULL, 'Credit SL', 0.50, NULL, 'Auto updated by system admin', '2019-09-16 10:41:13', '2019-09-16 10:41:13', 0),
	(1415, 45, NULL, 'Credit PL', 1.25, NULL, 'Auto updated by system admin', '2019-09-16 10:41:13', '2019-09-16 10:41:13', 0),
	(1416, 45, NULL, 'Credit SL', 0.50, NULL, 'Auto updated by system admin', '2019-09-16 10:41:13', '2019-09-16 10:41:13', 0),
	(1417, 46, NULL, 'Credit PL', 1.25, NULL, 'Auto updated by system admin', '2019-09-16 10:41:13', '2019-09-16 10:41:13', 0),
	(1418, 46, NULL, 'Credit SL', 0.50, NULL, 'Auto updated by system admin', '2019-09-16 10:41:13', '2019-09-16 10:41:13', 0),
	(1419, 47, NULL, 'Credit PL', 1.25, NULL, 'Auto updated by system admin', '2019-09-16 10:41:13', '2019-09-16 10:41:13', 0),
	(1420, 47, NULL, 'Credit SL', 0.50, NULL, 'Auto updated by system admin', '2019-09-16 10:41:13', '2019-09-16 10:41:13', 0),
	(1421, 48, NULL, 'Credit PL', 1.25, NULL, 'Auto updated by system admin', '2019-09-16 10:41:13', '2019-09-16 10:41:13', 0),
	(1422, 48, NULL, 'Credit SL', 0.50, NULL, 'Auto updated by system admin', '2019-09-16 10:41:13', '2019-09-16 10:41:13', 0),
	(1423, 49, NULL, 'Credit PL', 1.25, NULL, 'Auto updated by system admin', '2019-09-16 10:41:13', '2019-09-16 10:41:13', 0),
	(1424, 49, NULL, 'Credit SL', 0.50, NULL, 'Auto updated by system admin', '2019-09-16 10:41:13', '2019-09-16 10:41:13', 0),
	(1425, 50, NULL, 'Credit PL', 1.25, NULL, 'Auto updated by system admin', '2019-09-16 10:41:14', '2019-09-16 10:41:14', 0),
	(1426, 50, NULL, 'Credit SL', 0.50, NULL, 'Auto updated by system admin', '2019-09-16 10:41:14', '2019-09-16 10:41:14', 0),
	(1427, 51, NULL, 'Credit PL', 1.25, NULL, 'Auto updated by system admin', '2019-09-16 10:41:14', '2019-09-16 10:41:14', 0),
	(1428, 51, NULL, 'Credit SL', 0.50, NULL, 'Auto updated by system admin', '2019-09-16 10:41:14', '2019-09-16 10:41:14', 0),
	(1429, 52, NULL, 'Credit PL', 1.25, NULL, 'Auto updated by system admin', '2019-09-16 10:41:14', '2019-09-16 10:41:14', 0),
	(1430, 52, NULL, 'Credit SL', 0.50, NULL, 'Auto updated by system admin', '2019-09-16 10:41:14', '2019-09-16 10:41:14', 0),
	(1431, 53, NULL, 'Credit PL', 1.25, NULL, 'Auto updated by system admin', '2019-09-16 10:41:14', '2019-09-16 10:41:14', 0),
	(1432, 53, NULL, 'Credit SL', 0.50, NULL, 'Auto updated by system admin', '2019-09-16 10:41:14', '2019-09-16 10:41:14', 0),
	(1433, 54, NULL, 'Credit PL', 1.25, NULL, 'Auto updated by system admin', '2019-09-16 10:41:14', '2019-09-16 10:41:14', 0),
	(1434, 54, NULL, 'Credit SL', 0.50, NULL, 'Auto updated by system admin', '2019-09-16 10:41:14', '2019-09-16 10:41:14', 0),
	(1435, 55, NULL, 'Credit PL', 1.25, NULL, 'Auto updated by system admin', '2019-09-16 10:41:14', '2019-09-16 10:41:14', 0),
	(1436, 55, NULL, 'Credit SL', 0.50, NULL, 'Auto updated by system admin', '2019-09-16 10:41:15', '2019-09-16 10:41:15', 0),
	(1437, 56, NULL, 'Credit PL', 1.25, NULL, 'Auto updated by system admin', '2019-09-16 10:41:15', '2019-09-16 10:41:15', 0),
	(1438, 56, NULL, 'Credit SL', 0.50, NULL, 'Auto updated by system admin', '2019-09-16 10:41:15', '2019-09-16 10:41:15', 0),
	(1439, 57, NULL, 'Credit PL', 1.25, NULL, 'Auto updated by system admin', '2019-09-16 10:41:15', '2019-09-16 10:41:15', 0),
	(1440, 57, NULL, 'Credit SL', 0.50, NULL, 'Auto updated by system admin', '2019-09-16 10:41:15', '2019-09-16 10:41:15', 0),
	(1441, 58, NULL, 'Credit PL', 1.25, NULL, 'Auto updated by system admin', '2019-09-16 10:41:15', '2019-09-16 10:41:15', 0),
	(1442, 58, NULL, 'Credit SL', 0.50, NULL, 'Auto updated by system admin', '2019-09-16 10:41:15', '2019-09-16 10:41:15', 0),
	(1443, 59, NULL, 'Credit PL', 1.25, NULL, 'Auto updated by system admin', '2019-09-16 10:41:15', '2019-09-16 10:41:15', 0),
	(1444, 59, NULL, 'Credit SL', 0.50, NULL, 'Auto updated by system admin', '2019-09-16 10:41:15', '2019-09-16 10:41:15', 0),
	(1445, 60, NULL, 'Credit PL', 1.25, NULL, 'Auto updated by system admin', '2019-09-16 10:41:15', '2019-09-16 10:41:15', 0),
	(1446, 60, NULL, 'Credit SL', 0.50, NULL, 'Auto updated by system admin', '2019-09-16 10:41:15', '2019-09-16 10:41:15', 0),
	(1447, 61, NULL, 'Credit PL', 1.25, NULL, 'Auto updated by system admin', '2019-09-16 10:41:15', '2019-09-16 10:41:15', 0),
	(1448, 61, NULL, 'Credit SL', 0.50, NULL, 'Auto updated by system admin', '2019-09-16 10:41:15', '2019-09-16 10:41:15', 0),
	(1449, 62, NULL, 'Credit PL', 1.25, NULL, 'Auto updated by system admin', '2019-09-16 10:41:16', '2019-09-16 10:41:16', 0),
	(1450, 62, NULL, 'Credit SL', 0.50, NULL, 'Auto updated by system admin', '2019-09-16 10:41:16', '2019-09-16 10:41:16', 0),
	(1451, 63, NULL, 'Credit PL', 1.25, NULL, 'Auto updated by system admin', '2019-09-16 10:41:16', '2019-09-16 10:41:16', 0),
	(1452, 63, NULL, 'Credit SL', 0.50, NULL, 'Auto updated by system admin', '2019-09-16 10:41:16', '2019-09-16 10:41:16', 0),
	(1453, 64, NULL, 'Credit PL', 1.25, NULL, 'Auto updated by system admin', '2019-09-16 10:41:16', '2019-09-16 10:41:16', 0),
	(1454, 64, NULL, 'Credit SL', 0.50, NULL, 'Auto updated by system admin', '2019-09-16 10:41:16', '2019-09-16 10:41:16', 0),
	(1455, 65, NULL, 'Credit PL', 1.25, NULL, 'Auto updated by system admin', '2019-09-16 10:41:16', '2019-09-16 10:41:16', 0),
	(1456, 65, NULL, 'Credit SL', 0.50, NULL, 'Auto updated by system admin', '2019-09-16 10:41:16', '2019-09-16 10:41:16', 0),
	(1457, 66, NULL, 'Credit PL', 1.25, NULL, 'Auto updated by system admin', '2019-09-16 10:41:16', '2019-09-16 10:41:16', 0),
	(1458, 66, NULL, 'Credit SL', 0.50, NULL, 'Auto updated by system admin', '2019-09-16 10:41:17', '2019-09-16 10:41:17', 0),
	(1459, 67, NULL, 'Credit PL', 1.25, NULL, 'Auto updated by system admin', '2019-09-16 10:41:17', '2019-09-16 10:41:17', 0),
	(1460, 67, NULL, 'Credit SL', 0.50, NULL, 'Auto updated by system admin', '2019-09-16 10:41:17', '2019-09-16 10:41:17', 0),
	(1461, 68, NULL, 'Credit PL', 1.25, NULL, 'Auto updated by system admin', '2019-09-16 10:41:17', '2019-09-16 10:41:17', 0),
	(1462, 68, NULL, 'Credit SL', 0.50, NULL, 'Auto updated by system admin', '2019-09-16 10:41:17', '2019-09-16 10:41:17', 0),
	(1463, 69, NULL, 'Credit PL', 1.25, NULL, 'Auto updated by system admin', '2019-09-16 10:41:17', '2019-09-16 10:41:17', 0),
	(1464, 69, NULL, 'Credit SL', 0.50, NULL, 'Auto updated by system admin', '2019-09-16 10:41:17', '2019-09-16 10:41:17', 0),
	(1465, 70, NULL, 'Credit PL', 1.25, NULL, 'Auto updated by system admin', '2019-09-16 10:41:17', '2019-09-16 10:41:17', 0),
	(1466, 70, NULL, 'Credit SL', 0.50, NULL, 'Auto updated by system admin', '2019-09-16 10:41:17', '2019-09-16 10:41:17', 0),
	(1467, 71, NULL, 'Credit PL', 1.25, NULL, 'Auto updated by system admin', '2019-09-16 10:41:18', '2019-09-16 10:41:18', 0),
	(1468, 71, NULL, 'Credit SL', 0.50, NULL, 'Auto updated by system admin', '2019-09-16 10:41:18', '2019-09-16 10:41:18', 0),
	(1469, 72, NULL, 'Credit PL', 1.25, NULL, 'Auto updated by system admin', '2019-09-16 10:41:18', '2019-09-16 10:41:18', 0),
	(1470, 72, NULL, 'Credit SL', 0.50, NULL, 'Auto updated by system admin', '2019-09-16 10:41:18', '2019-09-16 10:41:18', 0),
	(1471, 73, NULL, 'Credit PL', 1.25, NULL, 'Auto updated by system admin', '2019-09-16 10:41:18', '2019-09-16 10:41:18', 0),
	(1472, 73, NULL, 'Credit SL', 0.50, NULL, 'Auto updated by system admin', '2019-09-16 10:41:19', '2019-09-16 10:41:19', 0),
	(1473, 74, NULL, 'Credit PL', 1.25, NULL, 'Auto updated by system admin', '2019-09-16 10:41:19', '2019-09-16 10:41:19', 0),
	(1474, 74, NULL, 'Credit SL', 0.50, NULL, 'Auto updated by system admin', '2019-09-16 10:41:19', '2019-09-16 10:41:19', 0),
	(1475, 75, NULL, 'Credit PL', 1.25, NULL, 'Auto updated by system admin', '2019-09-16 10:41:19', '2019-09-16 10:41:19', 0),
	(1476, 75, NULL, 'Credit SL', 0.50, NULL, 'Auto updated by system admin', '2019-09-16 10:41:19', '2019-09-16 10:41:19', 0),
	(1477, 76, NULL, 'Credit PL', 1.25, NULL, 'Auto updated by system admin', '2019-09-16 10:41:19', '2019-09-16 10:41:19', 0),
	(1478, 76, NULL, 'Credit SL', 0.50, NULL, 'Auto updated by system admin', '2019-09-16 10:41:19', '2019-09-16 10:41:19', 0),
	(1479, 77, NULL, 'Credit PL', 1.25, NULL, 'Auto updated by system admin', '2019-09-16 10:41:19', '2019-09-16 10:41:19', 0),
	(1480, 77, NULL, 'Credit SL', 0.50, NULL, 'Auto updated by system admin', '2019-09-16 10:41:19', '2019-09-16 10:41:19', 0),
	(1481, 78, NULL, 'Credit PL', 1.25, NULL, 'Auto updated by system admin', '2019-09-16 10:41:19', '2019-09-16 10:41:19', 0),
	(1482, 78, NULL, 'Credit SL', 0.50, NULL, 'Auto updated by system admin', '2019-09-16 10:41:19', '2019-09-16 10:41:19', 0),
	(1483, 79, NULL, 'Credit PL', 1.25, NULL, 'Auto updated by system admin', '2019-09-16 10:41:20', '2019-09-16 10:41:20', 0),
	(1484, 79, NULL, 'Credit SL', 0.50, NULL, 'Auto updated by system admin', '2019-09-16 10:41:20', '2019-09-16 10:41:20', 0),
	(1485, 80, NULL, 'Credit PL', 1.25, NULL, 'Auto updated by system admin', '2019-09-16 10:41:20', '2019-09-16 10:41:20', 0),
	(1486, 80, NULL, 'Credit SL', 0.50, NULL, 'Auto updated by system admin', '2019-09-16 10:41:20', '2019-09-16 10:41:20', 0),
	(1487, 81, NULL, 'Credit PL', 1.25, NULL, 'Auto updated by system admin', '2019-09-16 10:41:20', '2019-09-16 10:41:20', 0),
	(1488, 81, NULL, 'Credit SL', 0.50, NULL, 'Auto updated by system admin', '2019-09-16 10:41:20', '2019-09-16 10:41:20', 0),
	(1489, 82, NULL, 'Credit PL', 1.25, NULL, 'Auto updated by system admin', '2019-09-16 10:41:20', '2019-09-16 10:41:20', 0),
	(1490, 82, NULL, 'Credit SL', 0.50, NULL, 'Auto updated by system admin', '2019-09-16 10:41:20', '2019-09-16 10:41:20', 0),
	(1491, 83, NULL, 'Credit PL', 1.25, NULL, 'Auto updated by system admin', '2019-09-16 10:41:20', '2019-09-16 10:41:20', 0),
	(1492, 83, NULL, 'Credit SL', 0.50, NULL, 'Auto updated by system admin', '2019-09-16 10:41:20', '2019-09-16 10:41:20', 0),
	(1493, 84, NULL, 'Credit PL', 1.25, NULL, 'Auto updated by system admin', '2019-09-16 10:41:20', '2019-09-16 10:41:20', 0),
	(1494, 84, NULL, 'Credit SL', 0.50, NULL, 'Auto updated by system admin', '2019-09-16 10:41:20', '2019-09-16 10:41:20', 0),
	(1495, 85, NULL, 'Credit PL', 1.25, NULL, 'Auto updated by system admin', '2019-09-16 10:41:21', '2019-09-16 10:41:21', 0),
	(1496, 85, NULL, 'Credit SL', 0.50, NULL, 'Auto updated by system admin', '2019-09-16 10:41:21', '2019-09-16 10:41:21', 0),
	(1497, 86, NULL, 'Credit PL', 1.25, NULL, 'Auto updated by system admin', '2019-09-16 10:41:21', '2019-09-16 10:41:21', 0),
	(1498, 86, NULL, 'Credit SL', 0.50, NULL, 'Auto updated by system admin', '2019-09-16 10:41:21', '2019-09-16 10:41:21', 0),
	(1499, 87, NULL, 'Credit PL', 1.25, NULL, 'Auto updated by system admin', '2019-09-16 10:41:21', '2019-09-16 10:41:21', 0),
	(1500, 87, NULL, 'Credit SL', 0.50, NULL, 'Auto updated by system admin', '2019-09-16 10:41:21', '2019-09-16 10:41:21', 0),
	(1501, 88, NULL, 'Credit PL', 1.25, NULL, 'Auto updated by system admin', '2019-09-16 10:41:21', '2019-09-16 10:41:21', 0),
	(1502, 88, NULL, 'Credit SL', 0.50, NULL, 'Auto updated by system admin', '2019-09-16 10:41:21', '2019-09-16 10:41:21', 0),
	(1503, 89, NULL, 'Credit PL', 1.25, NULL, 'Auto updated by system admin', '2019-09-16 10:41:21', '2019-09-16 10:41:21', 0),
	(1504, 89, NULL, 'Credit SL', 0.50, NULL, 'Auto updated by system admin', '2019-09-16 10:41:21', '2019-09-16 10:41:21', 0),
	(1505, 90, NULL, 'Credit PL', 1.25, NULL, 'Auto updated by system admin', '2019-09-16 10:41:21', '2019-09-16 10:41:21', 0),
	(1506, 90, NULL, 'Credit SL', 0.50, NULL, 'Auto updated by system admin', '2019-09-16 10:41:21', '2019-09-16 10:41:21', 0),
	(1507, 91, NULL, 'Credit PL', 1.25, NULL, 'Auto updated by system admin', '2019-09-16 10:41:22', '2019-09-16 10:41:22', 0),
	(1508, 91, NULL, 'Credit SL', 0.50, NULL, 'Auto updated by system admin', '2019-09-16 10:41:22', '2019-09-16 10:41:22', 0),
	(1509, 92, NULL, 'Credit PL', 1.25, NULL, 'Auto updated by system admin', '2019-09-16 10:41:22', '2019-09-16 10:41:22', 0),
	(1510, 92, NULL, 'Credit SL', 0.50, NULL, 'Auto updated by system admin', '2019-09-16 10:41:22', '2019-09-16 10:41:22', 0),
	(1511, 93, NULL, 'Credit PL', 1.25, NULL, 'Auto updated by system admin', '2019-09-16 10:41:22', '2019-09-16 10:41:22', 0),
	(1512, 93, NULL, 'Credit SL', 0.50, NULL, 'Auto updated by system admin', '2019-09-16 10:41:22', '2019-09-16 10:41:22', 0),
	(1513, 94, NULL, 'Credit PL', 1.25, NULL, 'Auto updated by system admin', '2019-09-16 10:41:22', '2019-09-16 10:41:22', 0),
	(1514, 94, NULL, 'Credit SL', 0.50, NULL, 'Auto updated by system admin', '2019-09-16 10:41:22', '2019-09-16 10:41:22', 0),
	(1515, 95, NULL, 'Credit PL', 1.25, NULL, 'Auto updated by system admin', '2019-09-16 10:41:22', '2019-09-16 10:41:22', 0),
	(1516, 95, NULL, 'Credit SL', 0.50, NULL, 'Auto updated by system admin', '2019-09-16 10:41:22', '2019-09-16 10:41:22', 0),
	(1517, 96, NULL, 'Credit PL', 1.25, NULL, 'Auto updated by system admin', '2019-09-16 10:41:22', '2019-09-16 10:41:22', 0),
	(1518, 96, NULL, 'Credit SL', 0.50, NULL, 'Auto updated by system admin', '2019-09-16 10:41:22', '2019-09-16 10:41:22', 0),
	(1519, 97, NULL, 'Credit PL', 1.25, NULL, 'Auto updated by system admin', '2019-09-16 10:41:23', '2019-09-16 10:41:23', 0),
	(1520, 97, NULL, 'Credit SL', 0.50, NULL, 'Auto updated by system admin', '2019-09-16 10:41:23', '2019-09-16 10:41:23', 0),
	(1521, 98, NULL, 'Credit PL', 1.25, NULL, 'Auto updated by system admin', '2019-09-16 10:41:23', '2019-09-16 10:41:23', 0),
	(1522, 98, NULL, 'Credit SL', 0.50, NULL, 'Auto updated by system admin', '2019-09-16 10:41:23', '2019-09-16 10:41:23', 0),
	(1523, 99, NULL, 'Credit PL', 1.25, NULL, 'Auto updated by system admin', '2019-09-16 10:41:23', '2019-09-16 10:41:23', 0),
	(1524, 99, NULL, 'Credit SL', 0.50, NULL, 'Auto updated by system admin', '2019-09-16 10:41:23', '2019-09-16 10:41:23', 0),
	(1525, 100, NULL, 'Credit PL', 1.25, NULL, 'Auto updated by system admin', '2019-09-16 10:41:23', '2019-09-16 10:41:23', 0),
	(1526, 100, NULL, 'Credit SL', 0.50, NULL, 'Auto updated by system admin', '2019-09-16 10:41:23', '2019-09-16 10:41:23', 0),
	(1527, 101, NULL, 'Credit PL', 1.25, NULL, 'Auto updated by system admin', '2019-09-16 10:41:23', '2019-09-16 10:41:23', 0),
	(1528, 101, NULL, 'Credit SL', 0.50, NULL, 'Auto updated by system admin', '2019-09-16 10:41:23', '2019-09-16 10:41:23', 0),
	(1529, 102, NULL, 'Credit PL', 1.25, NULL, 'Auto updated by system admin', '2019-09-16 10:41:24', '2019-09-16 10:41:24', 0),
	(1530, 102, NULL, 'Credit SL', 0.50, NULL, 'Auto updated by system admin', '2019-09-16 10:41:24', '2019-09-16 10:41:24', 0),
	(1531, 103, NULL, 'Credit PL', 1.25, NULL, 'Auto updated by system admin', '2019-09-16 10:41:24', '2019-09-16 10:41:24', 0),
	(1532, 103, NULL, 'Credit SL', 0.50, NULL, 'Auto updated by system admin', '2019-09-16 10:41:24', '2019-09-16 10:41:24', 0),
	(1533, 104, NULL, 'Credit PL', 1.25, NULL, 'Auto updated by system admin', '2019-09-16 10:41:24', '2019-09-16 10:41:24', 0),
	(1534, 104, NULL, 'Credit SL', 0.50, NULL, 'Auto updated by system admin', '2019-09-16 10:41:24', '2019-09-16 10:41:24', 0),
	(1535, 105, NULL, 'Credit PL', 1.25, NULL, 'Auto updated by system admin', '2019-09-16 10:41:24', '2019-09-16 10:41:24', 0),
	(1536, 105, NULL, 'Credit SL', 0.50, NULL, 'Auto updated by system admin', '2019-09-16 10:41:24', '2019-09-16 10:41:24', 0),
	(1537, 106, NULL, 'Credit PL', 1.25, NULL, 'Auto updated by system admin', '2019-09-16 10:41:24', '2019-09-16 10:41:24', 0),
	(1538, 106, NULL, 'Credit SL', 0.50, NULL, 'Auto updated by system admin', '2019-09-16 10:41:24', '2019-09-16 10:41:24', 0),
	(1539, 107, NULL, 'Credit PL', 1.25, NULL, 'Auto updated by system admin', '2019-09-16 10:41:24', '2019-09-16 10:41:24', 0),
	(1540, 107, NULL, 'Credit SL', 0.50, NULL, 'Auto updated by system admin', '2019-09-16 10:41:24', '2019-09-16 10:41:24', 0),
	(1541, 108, NULL, 'Credit PL', 1.25, NULL, 'Auto updated by system admin', '2019-09-16 10:41:24', '2019-09-16 10:41:24', 0),
	(1542, 108, NULL, 'Credit SL', 0.50, NULL, 'Auto updated by system admin', '2019-09-16 10:41:24', '2019-09-16 10:41:24', 0),
	(1543, 109, NULL, 'Credit PL', 1.25, NULL, 'Auto updated by system admin', '2019-09-16 10:41:25', '2019-09-16 10:41:25', 0),
	(1544, 109, NULL, 'Credit SL', 0.50, NULL, 'Auto updated by system admin', '2019-09-16 10:41:25', '2019-09-16 10:41:25', 0),
	(1545, 110, NULL, 'Credit PL', 1.25, NULL, 'Auto updated by system admin', '2019-09-16 10:41:25', '2019-09-16 10:41:25', 0),
	(1546, 110, NULL, 'Credit SL', 0.50, NULL, 'Auto updated by system admin', '2019-09-16 10:41:25', '2019-09-16 10:41:25', 0),
	(1547, 111, NULL, 'Credit PL', 1.25, NULL, 'Auto updated by system admin', '2019-09-16 10:41:25', '2019-09-16 10:41:25', 0),
	(1548, 111, NULL, 'Credit SL', 0.50, NULL, 'Auto updated by system admin', '2019-09-16 10:41:25', '2019-09-16 10:41:25', 0),
	(1549, 112, NULL, 'Credit PL', 1.25, NULL, 'Auto updated by system admin', '2019-09-16 10:41:25', '2019-09-16 10:41:25', 0),
	(1550, 112, NULL, 'Credit SL', 0.50, NULL, 'Auto updated by system admin', '2019-09-16 10:41:25', '2019-09-16 10:41:25', 0),
	(1551, 113, NULL, 'Credit PL', 1.25, NULL, 'Auto updated by system admin', '2019-09-16 10:41:25', '2019-09-16 10:41:25', 0),
	(1552, 113, NULL, 'Credit SL', 0.50, NULL, 'Auto updated by system admin', '2019-09-16 10:41:25', '2019-09-16 10:41:25', 0),
	(1553, 114, NULL, 'Credit PL', 1.25, NULL, 'Auto updated by system admin', '2019-09-16 10:41:25', '2019-09-16 10:41:25', 0),
	(1554, 114, NULL, 'Credit SL', 0.50, NULL, 'Auto updated by system admin', '2019-09-16 10:41:25', '2019-09-16 10:41:25', 0),
	(1555, 115, NULL, 'Credit PL', 1.25, NULL, 'Auto updated by system admin', '2019-09-16 10:41:25', '2019-09-16 10:41:25', 0),
	(1556, 115, NULL, 'Credit SL', 0.50, NULL, 'Auto updated by system admin', '2019-09-16 10:41:25', '2019-09-16 10:41:25', 0),
	(1557, 116, NULL, 'Credit PL', 1.25, NULL, 'Auto updated by system admin', '2019-09-16 10:41:26', '2019-09-16 10:41:26', 0),
	(1558, 116, NULL, 'Credit SL', 0.50, NULL, 'Auto updated by system admin', '2019-09-16 10:41:26', '2019-09-16 10:41:26', 0),
	(1559, 117, NULL, 'Credit PL', 1.25, NULL, 'Auto updated by system admin', '2019-09-16 10:41:26', '2019-09-16 10:41:26', 0),
	(1560, 117, NULL, 'Credit SL', 0.50, NULL, 'Auto updated by system admin', '2019-09-16 10:41:26', '2019-09-16 10:41:26', 0),
	(1561, 118, NULL, 'Credit PL', 1.25, NULL, 'Auto updated by system admin', '2019-09-16 10:41:26', '2019-09-16 10:41:26', 0),
	(1562, 118, NULL, 'Credit SL', 0.50, NULL, 'Auto updated by system admin', '2019-09-16 10:41:26', '2019-09-16 10:41:26', 0),
	(1563, 119, NULL, 'Credit PL', 1.25, NULL, 'Auto updated by system admin', '2019-09-16 10:41:26', '2019-09-16 10:41:26', 0),
	(1564, 119, NULL, 'Credit SL', 0.50, NULL, 'Auto updated by system admin', '2019-09-16 10:41:26', '2019-09-16 10:41:26', 0),
	(1565, 120, NULL, 'Credit PL', 1.25, NULL, 'Auto updated by system admin', '2019-09-16 10:41:27', '2019-09-16 10:41:27', 0),
	(1566, 120, NULL, 'Credit SL', 0.50, NULL, 'Auto updated by system admin', '2019-09-16 10:41:27', '2019-09-16 10:41:27', 0),
	(1567, 121, NULL, 'Credit PL', 1.25, NULL, 'Auto updated by system admin', '2019-09-16 10:41:27', '2019-09-16 10:41:27', 0),
	(1568, 121, NULL, 'Credit SL', 0.50, NULL, 'Auto updated by system admin', '2019-09-16 10:41:27', '2019-09-16 10:41:27', 0),
	(1569, 122, NULL, 'Credit PL', 1.25, NULL, 'Auto updated by system admin', '2019-09-16 10:41:27', '2019-09-16 10:41:27', 0),
	(1570, 122, NULL, 'Credit SL', 0.50, NULL, 'Auto updated by system admin', '2019-09-16 10:41:27', '2019-09-16 10:41:27', 0),
	(1571, 123, NULL, 'Credit PL', 1.25, NULL, 'Auto updated by system admin', '2019-09-16 10:41:27', '2019-09-16 10:41:27', 0),
	(1572, 123, NULL, 'Credit SL', 0.50, NULL, 'Auto updated by system admin', '2019-09-16 10:41:27', '2019-09-16 10:41:27', 0),
	(1573, 124, NULL, 'Credit PL', 1.25, NULL, 'Auto updated by system admin', '2019-09-16 10:41:27', '2019-09-16 10:41:27', 0),
	(1574, 124, NULL, 'Credit SL', 0.50, NULL, 'Auto updated by system admin', '2019-09-16 10:41:27', '2019-09-16 10:41:27', 0),
	(1575, 125, NULL, 'Credit PL', 1.25, NULL, 'Auto updated by system admin', '2019-09-16 10:41:27', '2019-09-16 10:41:27', 0),
	(1576, 125, NULL, 'Credit SL', 0.50, NULL, 'Auto updated by system admin', '2019-09-16 10:41:28', '2019-09-16 10:41:28', 0),
	(1577, 126, NULL, 'Credit PL', 1.25, NULL, 'Auto updated by system admin', '2019-09-16 10:41:28', '2019-09-16 10:41:28', 0),
	(1578, 126, NULL, 'Credit SL', 0.50, NULL, 'Auto updated by system admin', '2019-09-16 10:41:28', '2019-09-16 10:41:28', 0),
	(1579, 127, NULL, 'Credit PL', 1.25, NULL, 'Auto updated by system admin', '2019-09-16 10:41:28', '2019-09-16 10:41:28', 0),
	(1580, 127, NULL, 'Credit SL', 0.50, NULL, 'Auto updated by system admin', '2019-09-16 10:41:28', '2019-09-16 10:41:28', 0),
	(1581, 128, NULL, 'Credit PL', 1.25, NULL, 'Auto updated by system admin', '2019-09-16 10:41:28', '2019-09-16 10:41:28', 0),
	(1582, 128, NULL, 'Credit SL', 0.50, NULL, 'Auto updated by system admin', '2019-09-16 10:41:28', '2019-09-16 10:41:28', 0),
	(1583, 129, NULL, 'Credit PL', 1.25, NULL, 'Auto updated by system admin', '2019-09-16 10:41:28', '2019-09-16 10:41:28', 0),
	(1584, 129, NULL, 'Credit SL', 0.50, NULL, 'Auto updated by system admin', '2019-09-16 10:41:28', '2019-09-16 10:41:28', 0),
	(1585, 130, NULL, 'Credit PL', 1.25, NULL, 'Auto updated by system admin', '2019-09-16 10:41:28', '2019-09-16 10:41:28', 0),
	(1586, 130, NULL, 'Credit SL', 0.50, NULL, 'Auto updated by system admin', '2019-09-16 10:41:28', '2019-09-16 10:41:28', 0),
	(1587, 23, NULL, 'Credit PL', 2.50, NULL, 'Test', '2019-09-16 11:50:35', '2019-09-16 11:50:35', 23),
	(1588, 23, 'TB9587346', 'Debit SL', NULL, 3.00, 'Ok, Granted.', '2019-09-18 11:45:51', '2019-09-18 11:45:51', 23);
/*!40000 ALTER TABLE `credit_debit_leaves` ENABLE KEYS */;

-- Dumping structure for table vts_db.cron_activity_log
CREATE TABLE IF NOT EXISTS `cron_activity_log` (
  `id` int(11) NOT NULL AUTO_INCREMENT,
  `user_id` int(11) DEFAULT NULL,
  `log` varchar(100) DEFAULT NULL,
  `activity` text,
  `created_at` timestamp NOT NULL DEFAULT CURRENT_TIMESTAMP,
  `updated_at` timestamp NOT NULL DEFAULT CURRENT_TIMESTAMP ON UPDATE CURRENT_TIMESTAMP,
  PRIMARY KEY (`id`)
) ENGINE=InnoDB AUTO_INCREMENT=3 DEFAULT CHARSET=latin1;

-- Dumping data for table vts_db.cron_activity_log: ~2 rows (approximately)
DELETE FROM `cron_activity_log`;
/*!40000 ALTER TABLE `cron_activity_log` DISABLE KEYS */;
INSERT INTO `cron_activity_log` (`id`, `user_id`, `log`, `activity`, `created_at`, `updated_at`) VALUES
	(1, 0, 'Cron Executed Successfully', 'Monthly leaves (PL & SL) credited on employees account', '2019-09-16 06:38:27', '2019-09-16 06:59:33'),
	(2, 0, 'Cron Executed Successfully', 'Monthly leaves (PL & SL) credited on employees account', '2019-09-16 06:41:28', '2019-09-16 06:41:28');
/*!40000 ALTER TABLE `cron_activity_log` ENABLE KEYS */;

-- Dumping structure for table vts_db.leave_details
CREATE TABLE IF NOT EXISTS `leave_details` (
  `id` int(11) NOT NULL AUTO_INCREMENT,
  `user_id` int(11) NOT NULL,
  `paid_leave` float(10,2) NOT NULL DEFAULT '0.00',
  `sick_leave` float(10,2) NOT NULL DEFAULT '0.00',
  `casual_leave` float(10,2) NOT NULL DEFAULT '0.00',
  `other_leave` float(10,2) NOT NULL DEFAULT '0.00',
  `created_at` timestamp NOT NULL DEFAULT CURRENT_TIMESTAMP,
  `updated_at` timestamp NOT NULL DEFAULT CURRENT_TIMESTAMP ON UPDATE CURRENT_TIMESTAMP,
  PRIMARY KEY (`id`),
  UNIQUE KEY `user_id` (`user_id`)
) ENGINE=InnoDB AUTO_INCREMENT=131 DEFAULT CHARSET=latin1;

-- Dumping data for table vts_db.leave_details: ~129 rows (approximately)
DELETE FROM `leave_details`;
/*!40000 ALTER TABLE `leave_details` DISABLE KEYS */;
INSERT INTO `leave_details` (`id`, `user_id`, `paid_leave`, `sick_leave`, `casual_leave`, `other_leave`, `created_at`, `updated_at`) VALUES
	(1, 2, 5.00, 2.00, 0.00, 0.00, '2019-09-10 09:47:55', '2019-09-16 06:41:06'),
	(2, 3, 5.00, 2.00, 0.00, 0.00, '2019-09-10 09:47:55', '2019-09-16 06:41:06'),
	(3, 4, 5.00, 2.00, 0.00, 0.00, '2019-09-10 09:47:55', '2019-09-16 06:41:06'),
	(4, 5, 5.00, 2.00, 0.00, 0.00, '2019-09-10 09:47:55', '2019-09-16 06:41:06'),
	(5, 1, 5.00, 2.00, 0.00, 0.00, '2019-09-10 09:47:55', '2019-09-16 06:41:06'),
	(6, 6, 5.00, 2.00, 0.00, 0.00, '2019-09-10 09:47:55', '2019-09-16 06:41:07'),
	(7, 7, 5.00, 2.00, 0.00, 0.00, '2019-09-10 09:47:55', '2019-09-16 06:41:07'),
	(8, 8, 5.00, 2.00, 0.00, 0.00, '2019-09-10 09:47:55', '2019-09-16 06:41:07'),
	(9, 9, 5.00, 2.00, 0.00, 0.00, '2019-09-10 09:47:55', '2019-09-16 06:41:07'),
	(10, 10, 5.00, 2.00, 0.00, 0.00, '2019-09-10 09:47:55', '2019-09-16 06:41:07'),
	(11, 11, 5.00, 2.00, 0.00, 0.00, '2019-09-10 09:47:55', '2019-09-16 06:41:07'),
	(12, 12, 5.00, 2.00, 0.00, 0.00, '2019-09-10 09:47:55', '2019-09-16 06:41:08'),
	(13, 13, 5.00, 2.00, 0.00, 0.00, '2019-09-10 09:47:55', '2019-09-16 06:41:08'),
	(14, 14, 5.00, 2.00, 0.00, 0.00, '2019-09-10 09:47:55', '2019-09-16 06:41:08'),
	(15, 15, 5.00, 2.00, 0.00, 0.00, '2019-09-10 09:47:55', '2019-09-16 06:41:08'),
	(16, 16, 5.00, 2.00, 0.00, 0.00, '2019-09-10 09:47:55', '2019-09-16 06:41:08'),
	(17, 17, 5.00, 2.00, 0.00, 0.00, '2019-09-10 09:47:55', '2019-09-16 06:41:08'),
	(18, 18, 5.00, 2.00, 0.00, 0.00, '2019-09-10 09:47:55', '2019-09-16 06:41:08'),
	(19, 19, 5.00, 2.00, 0.00, 0.00, '2019-09-10 09:47:55', '2019-09-16 06:41:09'),
	(20, 20, 5.00, 2.00, 0.00, 0.00, '2019-09-10 09:47:55', '2019-09-16 06:41:09'),
	(21, 21, 5.00, 2.00, 0.00, 0.00, '2019-09-10 09:47:55', '2019-09-16 06:41:09'),
	(22, 22, 5.00, 2.00, 0.00, 0.00, '2019-09-10 09:47:55', '2019-09-16 06:41:09'),
	(23, 23, 7.50, -1.00, 0.00, 0.00, '2019-09-10 09:47:55', '2019-09-18 07:45:51'),
	(24, 24, 5.00, 2.00, 0.00, 0.00, '2019-09-10 09:47:55', '2019-09-16 06:41:09'),
	(25, 25, 5.00, 2.00, 0.00, 0.00, '2019-09-10 09:47:55', '2019-09-16 06:41:10'),
	(26, 26, 5.00, 2.00, 0.00, 0.00, '2019-09-10 09:47:55', '2019-09-16 06:41:10'),
	(27, 27, 5.00, 2.00, 0.00, 0.00, '2019-09-10 09:47:55', '2019-09-16 06:41:10'),
	(28, 28, 5.00, 2.00, 0.00, 0.00, '2019-09-10 09:47:55', '2019-09-16 06:41:10'),
	(29, 29, 5.00, 2.00, 0.00, 0.00, '2019-09-10 09:47:55', '2019-09-16 06:41:10'),
	(30, 30, 5.00, 2.00, 0.00, 0.00, '2019-09-10 09:47:55', '2019-09-16 06:41:10'),
	(31, 31, 5.00, 2.00, 0.00, 0.00, '2019-09-10 09:47:55', '2019-09-16 06:41:10'),
	(32, 32, 5.00, 2.00, 0.00, 0.00, '2019-09-10 09:47:55', '2019-09-16 06:41:11'),
	(33, 33, 5.00, 2.00, 0.00, 0.00, '2019-09-10 09:47:55', '2019-09-16 06:41:11'),
	(34, 34, 5.00, 2.00, 0.00, 0.00, '2019-09-10 09:47:55', '2019-09-16 06:41:11'),
	(35, 35, 5.00, 2.00, 0.00, 0.00, '2019-09-10 09:47:55', '2019-09-16 06:41:11'),
	(36, 36, 5.00, 2.00, 0.00, 0.00, '2019-09-10 09:47:55', '2019-09-16 06:41:11'),
	(37, 37, 5.00, 2.00, 0.00, 0.00, '2019-09-10 09:47:55', '2019-09-16 06:41:12'),
	(38, 38, 5.00, 2.00, 0.00, 0.00, '2019-09-10 09:47:55', '2019-09-16 06:41:12'),
	(39, 39, 5.00, 2.00, 0.00, 0.00, '2019-09-10 09:47:55', '2019-09-16 06:41:12'),
	(40, 40, 5.00, 2.00, 0.00, 0.00, '2019-09-10 09:47:55', '2019-09-16 06:41:12'),
	(41, 41, 5.00, 2.00, 0.00, 0.00, '2019-09-10 09:47:55', '2019-09-16 06:41:12'),
	(42, 42, 5.00, 2.00, 0.00, 0.00, '2019-09-10 09:47:55', '2019-09-16 06:41:12'),
	(43, 43, 5.00, 2.00, 0.00, 0.00, '2019-09-10 09:47:55', '2019-09-16 06:41:12'),
	(44, 44, 5.00, 2.00, 0.00, 0.00, '2019-09-10 09:47:55', '2019-09-16 06:41:13'),
	(45, 45, 5.00, 2.00, 0.00, 0.00, '2019-09-10 09:47:55', '2019-09-16 06:41:13'),
	(46, 46, 5.00, 2.00, 0.00, 0.00, '2019-09-10 09:47:55', '2019-09-16 06:41:13'),
	(47, 47, 5.00, 2.00, 0.00, 0.00, '2019-09-10 09:47:55', '2019-09-16 06:41:13'),
	(48, 48, 5.00, 2.00, 0.00, 0.00, '2019-09-10 09:47:55', '2019-09-16 06:41:13'),
	(49, 49, 5.00, 2.00, 0.00, 0.00, '2019-09-10 09:47:55', '2019-09-16 06:41:13'),
	(50, 50, 5.00, 2.00, 0.00, 0.00, '2019-09-10 09:47:55', '2019-09-16 06:41:14'),
	(51, 51, 5.00, 2.00, 0.00, 0.00, '2019-09-10 09:47:55', '2019-09-16 06:41:14'),
	(52, 52, 5.00, 2.00, 0.00, 0.00, '2019-09-10 09:47:55', '2019-09-16 06:41:14'),
	(53, 53, 5.00, 2.00, 0.00, 0.00, '2019-09-10 09:47:55', '2019-09-16 06:41:14'),
	(54, 54, 5.00, 2.00, 0.00, 0.00, '2019-09-10 09:47:55', '2019-09-16 06:41:14'),
	(55, 64, 5.00, 2.00, 0.00, 0.00, '2019-09-10 09:47:55', '2019-09-16 06:41:16'),
	(56, 55, 5.00, 2.00, 0.00, 0.00, '2019-09-10 09:47:55', '2019-09-16 06:41:14'),
	(57, 74, 5.00, 2.00, 0.00, 0.00, '2019-09-10 09:47:55', '2019-09-16 06:41:19'),
	(58, 56, 5.00, 2.00, 0.00, 0.00, '2019-09-10 09:47:55', '2019-09-16 06:41:15'),
	(59, 57, 5.00, 2.00, 0.00, 0.00, '2019-09-10 09:47:55', '2019-09-16 06:41:15'),
	(60, 58, 5.00, 2.00, 0.00, 0.00, '2019-09-10 09:47:55', '2019-09-16 06:41:15'),
	(61, 59, 5.00, 2.00, 0.00, 0.00, '2019-09-10 09:47:55', '2019-09-16 06:41:15'),
	(62, 60, 5.00, 2.00, 0.00, 0.00, '2019-09-10 09:47:55', '2019-09-16 06:41:15'),
	(63, 61, 5.00, 2.00, 0.00, 0.00, '2019-09-10 09:47:55', '2019-09-16 06:41:15'),
	(64, 62, 5.00, 2.00, 0.00, 0.00, '2019-09-10 09:47:55', '2019-09-16 06:41:15'),
	(65, 63, 5.00, 2.00, 0.00, 0.00, '2019-09-10 09:47:55', '2019-09-16 06:41:16'),
	(66, 65, 5.00, 2.00, 0.00, 0.00, '2019-09-10 09:47:55', '2019-09-16 06:41:16'),
	(67, 66, 5.00, 2.00, 0.00, 0.00, '2019-09-10 09:47:55', '2019-09-16 06:41:16'),
	(68, 67, 5.00, 2.00, 0.00, 0.00, '2019-09-10 09:47:55', '2019-09-16 06:41:17'),
	(69, 68, 5.00, 2.00, 0.00, 0.00, '2019-09-10 09:47:55', '2019-09-16 06:41:17'),
	(70, 69, 5.00, 2.00, 0.00, 0.00, '2019-09-10 09:47:55', '2019-09-16 06:41:17'),
	(71, 70, 5.00, 2.00, 0.00, 0.00, '2019-09-10 09:47:55', '2019-09-16 06:41:17'),
	(72, 71, 5.00, 2.00, 0.00, 0.00, '2019-09-10 09:47:55', '2019-09-16 06:41:18'),
	(73, 72, 5.00, 2.00, 0.00, 0.00, '2019-09-10 09:47:55', '2019-09-16 06:41:18'),
	(74, 73, 5.00, 2.00, 0.00, 0.00, '2019-09-10 09:47:55', '2019-09-16 06:41:18'),
	(75, 75, 5.00, 2.00, 0.00, 0.00, '2019-09-10 09:47:55', '2019-09-16 06:41:19'),
	(76, 76, 5.00, 2.00, 0.00, 0.00, '2019-09-10 09:47:55', '2019-09-16 06:41:19'),
	(77, 77, 5.00, 2.00, 0.00, 0.00, '2019-09-10 09:47:55', '2019-09-16 06:41:19'),
	(78, 78, 5.00, 2.00, 0.00, 0.00, '2019-09-10 09:47:55', '2019-09-16 06:41:19'),
	(79, 79, 5.00, 2.00, 0.00, 0.00, '2019-09-10 09:47:55', '2019-09-16 06:41:20'),
	(80, 80, 5.00, 2.00, 0.00, 0.00, '2019-09-10 09:47:55', '2019-09-16 06:41:20'),
	(81, 81, 5.00, 2.00, 0.00, 0.00, '2019-09-10 09:47:55', '2019-09-16 06:41:20'),
	(82, 82, 5.00, 2.00, 0.00, 0.00, '2019-09-10 09:47:55', '2019-09-16 06:41:20'),
	(83, 83, 5.00, 2.00, 0.00, 0.00, '2019-09-10 09:47:55', '2019-09-16 06:41:20'),
	(84, 84, 5.00, 2.00, 0.00, 0.00, '2019-09-10 09:47:55', '2019-09-16 06:41:20'),
	(85, 85, 5.00, 2.00, 0.00, 0.00, '2019-09-10 09:47:55', '2019-09-16 06:41:21'),
	(86, 86, 5.00, 2.00, 0.00, 0.00, '2019-09-10 09:47:55', '2019-09-16 06:41:21'),
	(87, 87, 5.00, 2.00, 0.00, 0.00, '2019-09-10 09:47:55', '2019-09-16 06:41:21'),
	(88, 88, 5.00, 2.00, 0.00, 0.00, '2019-09-10 09:47:55', '2019-09-16 06:41:21'),
	(89, 90, 5.00, 2.00, 0.00, 0.00, '2019-09-10 09:47:55', '2019-09-16 06:41:21'),
	(90, 89, 5.00, 2.00, 0.00, 0.00, '2019-09-10 09:47:55', '2019-09-16 06:41:21'),
	(91, 91, 5.00, 2.00, 0.00, 0.00, '2019-09-10 09:47:55', '2019-09-16 06:41:22'),
	(92, 92, 5.00, 2.00, 0.00, 0.00, '2019-09-10 09:47:55', '2019-09-16 06:41:22'),
	(93, 93, 5.00, 2.00, 0.00, 0.00, '2019-09-10 09:47:55', '2019-09-16 06:41:22'),
	(94, 94, 5.00, 2.00, 0.00, 0.00, '2019-09-10 09:47:55', '2019-09-16 06:41:22'),
	(95, 95, 5.00, 2.00, 0.00, 0.00, '2019-09-10 09:47:55', '2019-09-16 06:41:22'),
	(96, 96, 5.00, 2.00, 0.00, 0.00, '2019-09-10 09:47:55', '2019-09-16 06:41:22'),
	(97, 97, 5.00, 2.00, 0.00, 0.00, '2019-09-10 09:47:55', '2019-09-16 06:41:23'),
	(98, 98, 5.00, 2.00, 0.00, 0.00, '2019-09-10 09:47:55', '2019-09-16 06:41:23'),
	(99, 99, 5.00, 2.00, 0.00, 0.00, '2019-09-10 09:47:55', '2019-09-16 06:41:23'),
	(100, 100, 5.00, 2.00, 0.00, 0.00, '2019-09-10 09:47:55', '2019-09-16 06:41:23'),
	(101, 101, 5.00, 2.00, 0.00, 0.00, '2019-09-10 09:47:55', '2019-09-16 06:41:23'),
	(102, 102, 5.00, 2.00, 0.00, 0.00, '2019-09-10 09:47:55', '2019-09-16 06:41:24'),
	(103, 103, 5.00, 2.00, 0.00, 0.00, '2019-09-10 09:47:55', '2019-09-16 06:41:24'),
	(104, 104, 5.00, 2.00, 0.00, 0.00, '2019-09-10 09:47:55', '2019-09-16 06:41:24'),
	(105, 105, 5.00, 2.00, 0.00, 0.00, '2019-09-10 09:47:55', '2019-09-16 06:41:24'),
	(106, 106, 5.00, 2.00, 0.00, 0.00, '2019-09-10 09:47:55', '2019-09-16 06:41:24'),
	(107, 107, 5.00, 2.00, 0.00, 0.00, '2019-09-10 09:47:55', '2019-09-16 06:41:24'),
	(108, 108, 5.00, 2.00, 0.00, 0.00, '2019-09-10 09:47:55', '2019-09-16 06:41:24'),
	(109, 109, 5.00, 2.00, 0.00, 0.00, '2019-09-10 09:47:55', '2019-09-16 06:41:25'),
	(110, 110, 5.00, 2.00, 0.00, 0.00, '2019-09-10 09:47:55', '2019-09-16 06:41:25'),
	(111, 111, 5.00, 2.00, 0.00, 0.00, '2019-09-10 09:47:55', '2019-09-16 06:41:25'),
	(112, 112, 5.00, 2.00, 0.00, 0.00, '2019-09-10 09:47:55', '2019-09-16 06:41:25'),
	(113, 113, 5.00, 2.00, 0.00, 0.00, '2019-09-10 09:47:55', '2019-09-16 06:41:25'),
	(114, 114, 5.00, 2.00, 0.00, 0.00, '2019-09-10 09:47:55', '2019-09-16 06:41:25'),
	(115, 115, 5.00, 2.00, 0.00, 0.00, '2019-09-10 09:47:55', '2019-09-16 06:41:25'),
	(116, 116, 5.00, 2.00, 0.00, 0.00, '2019-09-10 09:47:55', '2019-09-16 06:41:26'),
	(117, 117, 5.00, 2.00, 0.00, 0.00, '2019-09-10 09:47:55', '2019-09-16 06:41:26'),
	(118, 118, 5.00, 2.00, 0.00, 0.00, '2019-09-10 09:47:55', '2019-09-16 06:41:26'),
	(119, 119, 5.00, 2.00, 0.00, 0.00, '2019-09-10 09:47:55', '2019-09-16 06:41:26'),
	(120, 120, 5.00, 2.00, 0.00, 0.00, '2019-09-10 09:47:55', '2019-09-16 06:41:26'),
	(121, 121, 5.00, 2.00, 0.00, 0.00, '2019-09-10 09:47:55', '2019-09-16 06:41:27'),
	(122, 122, 5.00, 2.00, 0.00, 0.00, '2019-09-10 09:47:55', '2019-09-16 06:41:27'),
	(123, 123, 5.00, 2.00, 0.00, 0.00, '2019-09-10 09:47:55', '2019-09-16 06:41:27'),
	(124, 124, 5.00, 2.00, 0.00, 0.00, '2019-09-10 09:47:55', '2019-09-16 06:41:27'),
	(125, 125, 5.00, 2.00, 0.00, 0.00, '2019-09-10 09:47:55', '2019-09-16 06:41:27'),
	(126, 126, 5.00, 2.00, 0.00, 0.00, '2019-09-10 09:47:55', '2019-09-16 06:41:28'),
	(127, 127, 5.00, 2.00, 0.00, 0.00, '2019-09-10 09:47:55', '2019-09-16 06:41:28'),
	(128, 128, 3.75, 1.50, 0.00, 0.00, '2019-09-10 09:47:55', '2019-09-16 06:41:28'),
	(129, 129, 3.75, 1.50, 0.00, 0.00, '2019-09-10 09:47:55', '2019-09-16 06:41:28'),
	(130, 130, 3.75, 1.50, 0.00, 0.00, '2019-09-13 08:32:01', '2019-09-16 06:41:28');
/*!40000 ALTER TABLE `leave_details` ENABLE KEYS */;

-- Dumping structure for table vts_db.password_resets
CREATE TABLE IF NOT EXISTS `password_resets` (
  `id` int(11) NOT NULL AUTO_INCREMENT,
  `email` varchar(255) NOT NULL,
  `token` varchar(255) NOT NULL,
  `created_at` timestamp NOT NULL DEFAULT CURRENT_TIMESTAMP,
  PRIMARY KEY (`id`)
) ENGINE=InnoDB AUTO_INCREMENT=2 DEFAULT CHARSET=latin1;

-- Dumping data for table vts_db.password_resets: ~0 rows (approximately)
DELETE FROM `password_resets`;
/*!40000 ALTER TABLE `password_resets` DISABLE KEYS */;
INSERT INTO `password_resets` (`id`, `email`, `token`, `created_at`) VALUES
	(1, 'arvind.singh@talentburst.com', '$2y$10$62tDWrcSQdn5/gmEHWBBd.h6bv/5/MrJkb3rRx2PAhM7VrSQ7H/Um', '2019-09-10 10:13:47');
/*!40000 ALTER TABLE `password_resets` ENABLE KEYS */;

-- Dumping structure for table vts_db.status
CREATE TABLE IF NOT EXISTS `status` (
  `id` int(11) NOT NULL AUTO_INCREMENT,
  `status_name` varchar(100) DEFAULT NULL,
  `created_at` timestamp NOT NULL DEFAULT CURRENT_TIMESTAMP,
  `updated_at` timestamp NOT NULL DEFAULT CURRENT_TIMESTAMP ON UPDATE CURRENT_TIMESTAMP,
  `is_active` tinyint(1) NOT NULL DEFAULT '1',
  `is_visible` tinyint(1) NOT NULL DEFAULT '1',
  PRIMARY KEY (`id`)
) ENGINE=InnoDB AUTO_INCREMENT=8 DEFAULT CHARSET=latin1;

-- Dumping data for table vts_db.status: ~6 rows (approximately)
DELETE FROM `status`;
/*!40000 ALTER TABLE `status` DISABLE KEYS */;
INSERT INTO `status` (`id`, `status_name`, `created_at`, `updated_at`, `is_active`, `is_visible`) VALUES
	(1, 'Pending', '2019-08-27 06:28:04', '2019-08-27 06:59:59', 1, 0),
	(2, 'Approved with PL', '2019-08-27 06:29:28', '2019-08-29 04:13:03', 1, 1),
	(3, 'Approved with SL', '2019-08-27 06:29:40', '2019-08-29 04:12:58', 1, 1),
	(4, 'Approved with LWP', '2019-08-27 06:29:51', '2019-08-29 04:12:50', 1, 1),
	(5, 'On-Hold', '2019-08-27 06:30:47', '2019-08-29 04:13:28', 1, 1),
	(6, 'Rejected', '2019-08-27 06:30:47', '2019-08-29 04:13:29', 1, 1),
	(7, 'Deleted', '2019-08-27 06:30:47', '2019-08-29 04:11:36', 1, 0);
/*!40000 ALTER TABLE `status` ENABLE KEYS */;

-- Dumping structure for table vts_db.ticket_details
CREATE TABLE IF NOT EXISTS `ticket_details` (
  `id` int(11) NOT NULL AUTO_INCREMENT,
  `user_id` int(11) NOT NULL,
  `ticket_id` varchar(100) NOT NULL,
  `subject` varchar(150) NOT NULL,
  `leave_no` float(10,2) DEFAULT NULL,
  `from_date` date DEFAULT NULL,
  `message` text NOT NULL,
  `remark` text NOT NULL,
  `mark_to` int(11) DEFAULT NULL,
  `responce` text,
  `responce_by` int(11) DEFAULT NULL,
  `responce_at` timestamp NULL DEFAULT NULL,
  `created_at` timestamp NULL DEFAULT CURRENT_TIMESTAMP,
  `updated_at` timestamp NULL DEFAULT CURRENT_TIMESTAMP ON UPDATE CURRENT_TIMESTAMP,
  `deleted_at` timestamp NULL DEFAULT NULL,
  `status` tinyint(1) NOT NULL DEFAULT '1',
  PRIMARY KEY (`id`),
  UNIQUE KEY `ticket_id` (`ticket_id`)
) ENGINE=InnoDB AUTO_INCREMENT=20 DEFAULT CHARSET=latin1;

-- Dumping data for table vts_db.ticket_details: ~17 rows (approximately)
DELETE FROM `ticket_details`;
/*!40000 ALTER TABLE `ticket_details` DISABLE KEYS */;
INSERT INTO `ticket_details` (`id`, `user_id`, `ticket_id`, `subject`, `leave_no`, `from_date`, `message`, `remark`, `mark_to`, `responce`, `responce_by`, `responce_at`, `created_at`, `updated_at`, `deleted_at`, `status`) VALUES
	(1, 23, 'TB577780', 'Application for SL', 2.00, NULL, 'I want 2-3 days leave to attend my family function \r\nThanks.', 'Ok, No comment.', 0, 'Ok, Reply you soon. Ok, Reply you soon.', 1, '2019-08-27 08:49:29', '2019-07-31 14:16:11', '2019-09-18 04:34:14', NULL, 2),
	(2, 11, 'TB577782', 'Application for PL', 2.00, NULL, 'Please Provide me PL of 2.5 days', '', 0, '', NULL, '2019-08-20 04:44:53', '2019-07-31 14:30:59', '2019-09-18 04:34:27', NULL, 1),
	(4, 11, 'TB577783', 'Application for PL', 2.00, NULL, 'I want 2-3 days leave to attend my family function \r\nThanks.', '', 0, '', NULL, '2019-08-20 04:44:53', '2019-07-31 14:35:57', '2019-09-18 04:34:09', NULL, 1),
	(5, 23, 'TB577784', 'Application for PL', 2.50, NULL, 'Please Provide me PL of 2.5 days', 'I want 2-3 days leave to attend my family function \r\nThanks.', 0, 'ok, Granted.', 1, '2019-08-29 14:06:29', '2019-08-08 11:07:10', '2019-09-18 04:34:25', '2019-08-29 13:02:10', 3),
	(6, 23, 'TB577785', 'Application for SL', 2.00, NULL, 'I want 2-3 days leave to attend my family function \r\nThanks.', '', 0, 'Ok, Granted.', 1, '2019-08-29 12:19:44', '2019-08-08 13:17:17', '2019-09-18 04:34:20', '2019-08-21 06:58:58', 3),
	(7, 11, 'TB577786', 'Application for SL', 1.00, NULL, 'Please Provide me PL of 2.5 days', 'Application for SL', NULL, 'Ok, Granted', 1, '2019-08-29 11:27:10', '2019-08-20 12:31:49', '2019-09-18 04:34:24', NULL, 2),
	(8, 23, 'TB988708', 'Application for PL', 2.00, NULL, 'Please Provide me PL of 2.5 days', 'Please Provide me PL of 2.5 days', NULL, 'Test Test Test Test Test Test Test Test', 1, '2019-08-28 14:00:50', '2019-08-20 13:13:57', '2019-09-18 04:34:55', '2019-08-21 06:58:47', 3),
	(9, 23, 'TB201486', 'Application for SL', 1.50, NULL, 'Please Provide me PL of 2.5 days', 'Please Provide me PL of 2.5 days', NULL, 'Ok, You can go', 1, '2019-09-05 14:22:29', '2019-08-20 14:27:02', '2019-09-18 04:34:50', '2019-08-21 07:02:29', 4),
	(10, 11, 'TB975866', 'Application for PL', 2.00, NULL, 'I want 3 days leave to attend my family function \r\nThanks.', 'No Remarks', NULL, 'Granted.\r\nYou can go.\r\nAll the best.', 1, '2019-08-27 11:41:16', '2019-08-27 11:25:06', '2019-09-10 09:51:06', NULL, 2),
	(11, 38, 'TB975806', 'Application for PL', 1.50, NULL, 'I want 3 days leave to attend my family function \r\nThanks.', 'No Remarks', NULL, 'Granted.\r\nYou can go.\r\nAll the best.', 1, '2019-08-27 11:41:16', '2019-08-27 11:25:06', '2019-09-10 09:51:33', NULL, 2),
	(12, 11, 'TB975878', 'Application for PL', 3.00, NULL, 'Please Provide me PL of 2.5 days', 'No Remarks', NULL, 'Granted.\r\nYou can go.\r\nAll the best.', 1, '2019-08-27 11:41:16', '2019-08-27 11:25:06', '2019-09-18 04:34:30', NULL, 2),
	(13, 38, 'TB9758545', 'Application for PL', 1.50, NULL, 'I want 3 days leave to attend my family function \r\nThanks.', 'No Remarks', NULL, 'Granted.\r\nYou can go.\r\nAll the best.', 1, '2019-08-27 11:41:16', '2019-08-27 11:25:06', '2019-09-10 09:51:33', NULL, 2),
	(14, 23, 'TB857570', 'Application for PL', 2.50, NULL, 'Application for PL Application for PL', 'No Remark', NULL, 'Ok Granted. You can go', 1, '2019-08-29 11:04:36', '2019-08-29 09:05:15', '2019-09-10 09:50:45', NULL, 2),
	(15, 23, 'TB5722684', 'Application for SL', 2.50, NULL, 'I want 3 days I want 3 days I want 3 days', 'I want 3 days', NULL, 'Ok, Granted.', 1, '2019-08-30 08:05:59', '2019-08-29 14:07:52', '2019-09-10 09:50:45', NULL, 4),
	(16, 23, 'TB3099029', 'Application for PL', 3.00, NULL, 'Please provide me 3 days PL instead of 2.50 days', 'Please provide me 3 days PL instead of 2.50 days', NULL, 'ok ok ok ok ok', 1, '2019-09-09 14:25:06', '2019-09-06 06:15:53', '2019-09-10 09:50:45', NULL, 6),
	(17, 23, 'TB1796513', 'Application for PL', 2.50, '2019-10-25', 'Please Provide me PL of 2.5 days', 'Please Provide me PL of 2.5 days', NULL, 'OK, Granted.', 23, '2019-09-11 13:45:43', '2019-09-11 13:34:11', '2019-09-18 10:31:42', NULL, 1),
	(18, 23, 'TB5602059', 'Application for PL', 2.50, '2019-10-27', 'Please Provide me PL of 2.5 days', 'Test Test Test Test TestTest Test Test Test Test', NULL, 'Ok, Granted.', 23, '2019-09-11 14:28:23', '2019-09-11 14:26:53', '2019-09-18 06:36:22', NULL, 1),
	(19, 23, 'TB9587346', 'Application for SL', 3.00, '2019-10-20', 'Please provide me 3 days SL instead of 2 days', 'Please provide me 3 days SL instead of 2 days', NULL, 'Ok, Granted.', 23, '2019-09-18 11:45:51', '2019-09-18 11:40:36', '2019-09-18 11:45:51', NULL, 3);
/*!40000 ALTER TABLE `ticket_details` ENABLE KEYS */;

-- Dumping structure for table vts_db.users
CREATE TABLE IF NOT EXISTS `users` (
  `id` int(11) NOT NULL AUTO_INCREMENT,
  `name` varchar(150) DEFAULT NULL,
  `email` varchar(150) NOT NULL,
  `phone_number` varchar(150) NOT NULL,
  `password` text,
  `remember_token` text,
  `status` tinyint(1) NOT NULL DEFAULT '1' COMMENT '0=Deactiveted, 1= Activeted, 2=Deteted',
  `created_at` timestamp NOT NULL DEFAULT CURRENT_TIMESTAMP,
  `updated_at` timestamp NOT NULL DEFAULT CURRENT_TIMESTAMP ON UPDATE CURRENT_TIMESTAMP,
  `deleted_at` timestamp NULL DEFAULT NULL,
  `last_login` timestamp NULL DEFAULT NULL,
  `profile_image` varchar(250) DEFAULT NULL,
  `is_id_proof` tinyint(1) NOT NULL DEFAULT '0',
  `is_profile` tinyint(1) NOT NULL DEFAULT '0',
  `is_address` tinyint(1) NOT NULL DEFAULT '0',
  PRIMARY KEY (`id`),
  UNIQUE KEY `email` (`email`)
) ENGINE=InnoDB AUTO_INCREMENT=131 DEFAULT CHARSET=latin1;

-- Dumping data for table vts_db.users: ~129 rows (approximately)
DELETE FROM `users`;
/*!40000 ALTER TABLE `users` DISABLE KEYS */;
INSERT INTO `users` (`id`, `name`, `email`, `phone_number`, `password`, `remember_token`, `status`, `created_at`, `updated_at`, `deleted_at`, `last_login`, `profile_image`, `is_id_proof`, `is_profile`, `is_address`) VALUES
	(1, ' Akash Mehra', 'akash.mehra@talentburst.com', '', '$2y$10$6MTSymfvDRfkWtSxNwkeFu9zH35l4K1FzatpDprskcsKJgIodwfkS', NULL, 1, '2019-09-10 09:41:42', '2019-09-11 12:41:58', '2019-09-11 12:29:48', NULL, NULL, 0, 0, 0),
	(2, 'Abhijeet Mishra', 'abhijeet.mishra@talentburst.com', '', '$2y$10$6MTSymfvDRfkWtSxNwkeFu9zH35l4K1FzatpDprskcsKJgIodwfkS', NULL, 1, '2019-09-10 09:41:42', '2019-09-11 12:41:54', '2019-09-11 12:28:43', NULL, NULL, 0, 0, 0),
	(3, 'Abhishek Jha', 'abhishek.jha@talentburst.com', '', '$2y$10$6MTSymfvDRfkWtSxNwkeFu9zH35l4K1FzatpDprskcsKJgIodwfkS', NULL, 1, '2019-09-10 09:41:42', '2019-09-10 09:43:13', NULL, NULL, NULL, 0, 0, 0),
	(4, 'Abhishek Singh', 'Abhishek.singh@talentburst.com', '', '$2y$10$6MTSymfvDRfkWtSxNwkeFu9zH35l4K1FzatpDprskcsKJgIodwfkS', NULL, 1, '2019-09-10 09:41:42', '2019-09-10 09:43:13', NULL, NULL, NULL, 0, 0, 0),
	(5, 'Aftab Imam', 'aftab.imam@talentburst.com', '', '$2y$10$6MTSymfvDRfkWtSxNwkeFu9zH35l4K1FzatpDprskcsKJgIodwfkS', NULL, 1, '2019-09-10 09:41:42', '2019-09-10 09:43:13', NULL, NULL, NULL, 0, 0, 0),
	(6, 'Akshat Singh', 'Akshat.singh@talentburst.com', '', '$2y$10$6MTSymfvDRfkWtSxNwkeFu9zH35l4K1FzatpDprskcsKJgIodwfkS', NULL, 1, '2019-09-10 09:41:42', '2019-09-10 09:43:13', NULL, NULL, NULL, 0, 0, 0),
	(7, 'Alan Kumar', 'alan.kumar@talentburst.com', '', '$2y$10$6MTSymfvDRfkWtSxNwkeFu9zH35l4K1FzatpDprskcsKJgIodwfkS', NULL, 1, '2019-09-10 09:41:42', '2019-09-10 09:43:13', NULL, NULL, NULL, 0, 0, 0),
	(8, 'Aman Khurana', 'aman.khurana@talentburst.com', '', '$2y$10$6MTSymfvDRfkWtSxNwkeFu9zH35l4K1FzatpDprskcsKJgIodwfkS', NULL, 1, '2019-09-10 09:41:42', '2019-09-10 09:43:13', NULL, NULL, NULL, 0, 0, 0),
	(9, 'Aman Singh', 'aman.singh@talentburst.com', '', '$2y$10$6MTSymfvDRfkWtSxNwkeFu9zH35l4K1FzatpDprskcsKJgIodwfkS', NULL, 1, '2019-09-10 09:41:42', '2019-09-10 09:43:13', NULL, NULL, NULL, 0, 0, 0),
	(10, 'Amit Kumar', 'amit.kumar@talentburst.com', '', '$2y$10$6MTSymfvDRfkWtSxNwkeFu9zH35l4K1FzatpDprskcsKJgIodwfkS', NULL, 1, '2019-09-10 09:41:42', '2019-09-10 09:43:13', NULL, NULL, NULL, 0, 0, 0),
	(11, 'Amit Malik', 'Amit.malik@talentburst.com', '', '$2y$10$6MTSymfvDRfkWtSxNwkeFu9zH35l4K1FzatpDprskcsKJgIodwfkS', NULL, 1, '2019-09-10 09:41:42', '2019-09-10 09:43:13', NULL, NULL, NULL, 0, 0, 0),
	(12, 'Amit Sharma', 'amit.sharma@talentburst.com', '', '$2y$10$6MTSymfvDRfkWtSxNwkeFu9zH35l4K1FzatpDprskcsKJgIodwfkS', NULL, 1, '2019-09-10 09:41:42', '2019-09-10 09:43:13', NULL, NULL, NULL, 0, 0, 0),
	(13, 'Amit Singh', 'amit.singh@talentburst.com', '', '$2y$10$6MTSymfvDRfkWtSxNwkeFu9zH35l4K1FzatpDprskcsKJgIodwfkS', NULL, 1, '2019-09-10 09:41:42', '2019-09-10 09:43:13', NULL, NULL, NULL, 0, 0, 0),
	(14, 'Anil Sharma', 'anil.sharma@talentburst.com', '', '$2y$10$6MTSymfvDRfkWtSxNwkeFu9zH35l4K1FzatpDprskcsKJgIodwfkS', NULL, 1, '2019-09-10 09:41:42', '2019-09-10 09:43:13', NULL, NULL, NULL, 0, 0, 0),
	(15, 'Ankit Arora', 'ankit.arora@talentburst.com', '', '$2y$10$6MTSymfvDRfkWtSxNwkeFu9zH35l4K1FzatpDprskcsKJgIodwfkS', NULL, 1, '2019-09-10 09:41:42', '2019-09-10 09:43:13', NULL, NULL, NULL, 0, 0, 0),
	(16, 'Ankita Gupta', 'Ankita.gupta@talentburst.com', '', '$2y$10$6MTSymfvDRfkWtSxNwkeFu9zH35l4K1FzatpDprskcsKJgIodwfkS', NULL, 1, '2019-09-10 09:41:42', '2019-09-10 09:43:13', NULL, NULL, NULL, 0, 0, 0),
	(17, 'Ankita Passi', 'Ankita.passi@talentburst.com', '', '$2y$10$6MTSymfvDRfkWtSxNwkeFu9zH35l4K1FzatpDprskcsKJgIodwfkS', NULL, 1, '2019-09-10 09:41:42', '2019-09-10 09:43:13', NULL, NULL, NULL, 0, 0, 0),
	(18, 'Anmol Kumar', 'Anmol.kumar@talentburst.com', '', '$2y$10$6MTSymfvDRfkWtSxNwkeFu9zH35l4K1FzatpDprskcsKJgIodwfkS', NULL, 1, '2019-09-10 09:41:42', '2019-09-10 09:43:13', NULL, NULL, NULL, 0, 0, 0),
	(19, 'Anshu Santra', 'anshu.santra@talentburst.com', '', '$2y$10$6MTSymfvDRfkWtSxNwkeFu9zH35l4K1FzatpDprskcsKJgIodwfkS', NULL, 1, '2019-09-10 09:41:42', '2019-09-10 09:43:13', NULL, NULL, NULL, 0, 0, 0),
	(20, 'Anuj Mehta', 'anuj.mehta@talentburst.com', '', '$2y$10$6MTSymfvDRfkWtSxNwkeFu9zH35l4K1FzatpDprskcsKJgIodwfkS', NULL, 1, '2019-09-10 09:41:42', '2019-09-10 09:43:13', NULL, NULL, NULL, 0, 0, 0),
	(21, 'Anuj Rana', 'anuj.rana@talentburst.com', '', '$2y$10$6MTSymfvDRfkWtSxNwkeFu9zH35l4K1FzatpDprskcsKJgIodwfkS', NULL, 1, '2019-09-10 09:41:42', '2019-09-10 09:43:13', NULL, NULL, NULL, 0, 0, 0),
	(22, 'Apaar Raj', 'apaar.raj@talentburst.com', '', '$2y$10$6MTSymfvDRfkWtSxNwkeFu9zH35l4K1FzatpDprskcsKJgIodwfkS', NULL, 1, '2019-09-10 09:41:42', '2019-09-10 09:43:13', NULL, NULL, NULL, 0, 0, 0),
	(23, 'Arvind Singh', 'Arvind.singh@talentburst.com', '8802411053', '$2y$10$PgmlNpJUtSx.Glq/HugnJu6KIcvHYI5yOOe3X8SlCTHWfV198ZA7q', '8Bbh9dynxlwuJwubKbWRKSSHlePG3azkCtAmIPySClJ5N0tyR1kcAJMT6Ukj', 1, '2019-09-10 09:41:42', '2019-09-18 04:30:45', NULL, '2019-09-18 08:30:45', '20190916064518.png', 1, 1, 1),
	(24, 'Ashish Gupta', 'ashish.gupta@talentburst.com', '', '$2y$10$6MTSymfvDRfkWtSxNwkeFu9zH35l4K1FzatpDprskcsKJgIodwfkS', NULL, 1, '2019-09-10 09:41:42', '2019-09-10 09:43:13', NULL, NULL, NULL, 0, 0, 0),
	(25, 'Ashish Kumar', 'ashish.kumar@talentburst.com', '', '$2y$10$6MTSymfvDRfkWtSxNwkeFu9zH35l4K1FzatpDprskcsKJgIodwfkS', NULL, 1, '2019-09-10 09:41:42', '2019-09-10 09:43:13', NULL, NULL, NULL, 0, 0, 0),
	(26, 'Ashish Negi', 'ashish.negi@talentburst.com', '', '$2y$10$6MTSymfvDRfkWtSxNwkeFu9zH35l4K1FzatpDprskcsKJgIodwfkS', NULL, 1, '2019-09-10 09:41:42', '2019-09-10 09:43:13', NULL, NULL, NULL, 0, 0, 0),
	(27, 'Balpreet Singh', 'balpreet.singh@talentburst.com', '', '$2y$10$6MTSymfvDRfkWtSxNwkeFu9zH35l4K1FzatpDprskcsKJgIodwfkS', NULL, 1, '2019-09-10 09:41:42', '2019-09-10 09:43:13', NULL, NULL, NULL, 0, 0, 0),
	(28, 'Bhavesh Chaudhary', 'Bhavesh.chaudhary@talentburst.com', '', '$2y$10$6MTSymfvDRfkWtSxNwkeFu9zH35l4K1FzatpDprskcsKJgIodwfkS', NULL, 1, '2019-09-10 09:41:42', '2019-09-10 09:43:13', NULL, NULL, NULL, 0, 0, 0),
	(29, 'Bhavna Yadav', 'Bhavna.yadav@talentburst.com', '', '$2y$10$6MTSymfvDRfkWtSxNwkeFu9zH35l4K1FzatpDprskcsKJgIodwfkS', NULL, 1, '2019-09-10 09:41:42', '2019-09-10 09:43:13', NULL, NULL, NULL, 0, 0, 0),
	(30, 'Bhavneet Vashishth', 'bhavneet.vashishth@talentburst.com', '', '$2y$10$6MTSymfvDRfkWtSxNwkeFu9zH35l4K1FzatpDprskcsKJgIodwfkS', NULL, 1, '2019-09-10 09:41:42', '2019-09-10 09:43:13', NULL, NULL, NULL, 0, 0, 0),
	(31, 'Bhawna Jatana', 'bhawna.jatana@talentburst.com', '', '$2y$10$6MTSymfvDRfkWtSxNwkeFu9zH35l4K1FzatpDprskcsKJgIodwfkS', NULL, 1, '2019-09-10 09:41:42', '2019-09-10 09:43:13', NULL, NULL, NULL, 0, 0, 0),
	(32, 'Bhawna Panwar', 'Bhawna.panwar@talentburst.com', '', '$2y$10$6MTSymfvDRfkWtSxNwkeFu9zH35l4K1FzatpDprskcsKJgIodwfkS', NULL, 1, '2019-09-10 09:41:42', '2019-09-10 09:43:13', NULL, NULL, NULL, 0, 0, 0),
	(33, 'Chandan Kumar', 'chandan.kumar@talentburst.com', '', '$2y$10$6MTSymfvDRfkWtSxNwkeFu9zH35l4K1FzatpDprskcsKJgIodwfkS', NULL, 1, '2019-09-10 09:41:42', '2019-09-10 09:43:13', NULL, NULL, NULL, 0, 0, 0),
	(34, 'Chetanya Chaurasia', 'Chetanya.chaurasia@talentburst.com', '', '$2y$10$6MTSymfvDRfkWtSxNwkeFu9zH35l4K1FzatpDprskcsKJgIodwfkS', NULL, 1, '2019-09-10 09:41:42', '2019-09-10 09:43:13', NULL, NULL, NULL, 0, 0, 0),
	(35, 'Debi Day', 'debi.day@talentburst.com', '', '$2y$10$6MTSymfvDRfkWtSxNwkeFu9zH35l4K1FzatpDprskcsKJgIodwfkS', NULL, 1, '2019-09-10 09:41:42', '2019-09-10 09:43:13', NULL, NULL, NULL, 0, 0, 0),
	(36, 'Deeksha Rawat', 'deeksha.rawat@talentburst.com', '', '$2y$10$6MTSymfvDRfkWtSxNwkeFu9zH35l4K1FzatpDprskcsKJgIodwfkS', NULL, 1, '2019-09-10 09:41:42', '2019-09-10 09:43:13', NULL, NULL, NULL, 0, 0, 0),
	(37, 'Deepak Uppal', 'deepak.uppal@talentburst.com', '', '$2y$10$6MTSymfvDRfkWtSxNwkeFu9zH35l4K1FzatpDprskcsKJgIodwfkS', NULL, 1, '2019-09-10 09:41:42', '2019-09-10 09:43:13', NULL, NULL, NULL, 0, 0, 0),
	(38, 'Ekta Mendiratta', 'ekta.mendiratta@talentburst.com', '', '$2y$10$6MTSymfvDRfkWtSxNwkeFu9zH35l4K1FzatpDprskcsKJgIodwfkS', NULL, 1, '2019-09-10 09:41:42', '2019-09-10 09:43:13', NULL, NULL, NULL, 0, 0, 0),
	(39, 'Ellina Dutta', 'Ellina.dutta@talentburst.com', '', '$2y$10$6MTSymfvDRfkWtSxNwkeFu9zH35l4K1FzatpDprskcsKJgIodwfkS', NULL, 1, '2019-09-10 09:41:42', '2019-09-10 09:43:13', NULL, NULL, NULL, 0, 0, 0),
	(40, 'Gaurav Bhardwaj', 'gaurav.bhardwaj@talentburst.com', '', '$2y$10$6MTSymfvDRfkWtSxNwkeFu9zH35l4K1FzatpDprskcsKJgIodwfkS', NULL, 1, '2019-09-10 09:41:42', '2019-09-10 09:43:13', NULL, NULL, NULL, 0, 0, 0),
	(41, 'Gaurav Choudhary', 'gaurav.choudhary@talentburst.com', '', '$2y$10$6MTSymfvDRfkWtSxNwkeFu9zH35l4K1FzatpDprskcsKJgIodwfkS', NULL, 1, '2019-09-10 09:41:42', '2019-09-10 09:43:13', NULL, NULL, NULL, 0, 0, 0),
	(42, 'Harsh Shukla', 'harsh.shukla@talentburst.com', '', '$2y$10$6MTSymfvDRfkWtSxNwkeFu9zH35l4K1FzatpDprskcsKJgIodwfkS', NULL, 1, '2019-09-10 09:41:42', '2019-09-10 09:43:13', NULL, NULL, NULL, 0, 0, 0),
	(43, 'Himanshu Jestha', 'Himanshu.jestha@talentburst.com', '', '$2y$10$6MTSymfvDRfkWtSxNwkeFu9zH35l4K1FzatpDprskcsKJgIodwfkS', NULL, 1, '2019-09-10 09:41:42', '2019-09-10 09:43:13', NULL, NULL, NULL, 0, 0, 0),
	(44, 'Himanshu Sharma', 'himanshu.sharma@talentburst.com', '', '$2y$10$6MTSymfvDRfkWtSxNwkeFu9zH35l4K1FzatpDprskcsKJgIodwfkS', NULL, 1, '2019-09-10 09:41:42', '2019-09-10 09:43:13', NULL, NULL, NULL, 0, 0, 0),
	(45, 'Himanshu Verma', 'himanshu.verma@talentburst.com', '', '$2y$10$6MTSymfvDRfkWtSxNwkeFu9zH35l4K1FzatpDprskcsKJgIodwfkS', NULL, 1, '2019-09-10 09:41:42', '2019-09-10 09:43:13', NULL, NULL, NULL, 0, 0, 0),
	(46, 'Iram Khan', 'Iram.khan@talentburst.com', '', '$2y$10$6MTSymfvDRfkWtSxNwkeFu9zH35l4K1FzatpDprskcsKJgIodwfkS', NULL, 1, '2019-09-10 09:41:42', '2019-09-10 09:43:13', NULL, NULL, NULL, 0, 0, 0),
	(47, 'Jitesh Gupta', 'jitesh.gupta@talentburst.com', '', '$2y$10$6MTSymfvDRfkWtSxNwkeFu9zH35l4K1FzatpDprskcsKJgIodwfkS', NULL, 1, '2019-09-10 09:41:42', '2019-09-10 09:43:13', NULL, NULL, NULL, 0, 0, 0),
	(48, 'Joy Roy', 'Joy.roy@talentburst.com', '', '$2y$10$6MTSymfvDRfkWtSxNwkeFu9zH35l4K1FzatpDprskcsKJgIodwfkS', NULL, 1, '2019-09-10 09:41:42', '2019-09-10 09:43:13', NULL, NULL, NULL, 0, 0, 0),
	(49, 'Jubin Singh', 'jubin.singh@talentburst.com', '', '$2y$10$6MTSymfvDRfkWtSxNwkeFu9zH35l4K1FzatpDprskcsKJgIodwfkS', NULL, 1, '2019-09-10 09:41:42', '2019-09-10 09:43:13', NULL, NULL, NULL, 0, 0, 0),
	(50, 'Jyoti Agnihotri', 'Jyoti.agnihotri@talentburst.com', '', '$2y$10$6MTSymfvDRfkWtSxNwkeFu9zH35l4K1FzatpDprskcsKJgIodwfkS', NULL, 1, '2019-09-10 09:41:42', '2019-09-10 09:43:13', NULL, NULL, NULL, 0, 0, 0),
	(51, 'Kamalesh Roy', 'kamalesh.roy@talentburst.com', '', '$2y$10$6MTSymfvDRfkWtSxNwkeFu9zH35l4K1FzatpDprskcsKJgIodwfkS', NULL, 1, '2019-09-10 09:41:42', '2019-09-10 09:43:13', NULL, NULL, NULL, 0, 0, 0),
	(52, 'Kapil Kajal', 'kapil.kajal@talentburst.com', '', '$2y$10$6MTSymfvDRfkWtSxNwkeFu9zH35l4K1FzatpDprskcsKJgIodwfkS', NULL, 1, '2019-09-10 09:41:42', '2019-09-10 09:43:13', NULL, NULL, NULL, 0, 0, 0),
	(53, 'Karmveer Gothwal', 'Karmveer.gothwal@talentburst.com', '', '$2y$10$6MTSymfvDRfkWtSxNwkeFu9zH35l4K1FzatpDprskcsKJgIodwfkS', NULL, 1, '2019-09-10 09:41:42', '2019-09-10 09:43:13', NULL, NULL, NULL, 0, 0, 0),
	(54, 'Kashif Abidi', 'kashif.abidi@talentburst.com', '', '$2y$10$6MTSymfvDRfkWtSxNwkeFu9zH35l4K1FzatpDprskcsKJgIodwfkS', NULL, 1, '2019-09-10 09:41:42', '2019-09-10 09:43:13', NULL, NULL, NULL, 0, 0, 0),
	(55, 'Ken Singh', 'ken.singh@talentburst.com', '', '$2y$10$6MTSymfvDRfkWtSxNwkeFu9zH35l4K1FzatpDprskcsKJgIodwfkS', NULL, 1, '2019-09-10 09:41:42', '2019-09-10 09:43:13', NULL, NULL, NULL, 0, 0, 0),
	(56, 'Khushaal Manchanda', 'Khushaal.manchanda@talentburst.com', '', '$2y$10$6MTSymfvDRfkWtSxNwkeFu9zH35l4K1FzatpDprskcsKJgIodwfkS', NULL, 1, '2019-09-10 09:41:42', '2019-09-10 09:43:13', NULL, NULL, NULL, 0, 0, 0),
	(57, 'Khushboo Srivastava', 'khushboo.srivastava@talentburst.com', '', '$2y$10$6MTSymfvDRfkWtSxNwkeFu9zH35l4K1FzatpDprskcsKJgIodwfkS', NULL, 1, '2019-09-10 09:41:42', '2019-09-10 09:43:13', NULL, NULL, NULL, 0, 0, 0),
	(58, 'Leena Singh', 'leena.singh@talentburst.com', '', '$2y$10$6MTSymfvDRfkWtSxNwkeFu9zH35l4K1FzatpDprskcsKJgIodwfkS', NULL, 1, '2019-09-10 09:41:42', '2019-09-10 09:43:13', NULL, NULL, NULL, 0, 0, 0),
	(59, 'Manish Kumar', 'Manish.kumar@talentburst.com', '', '$2y$10$6MTSymfvDRfkWtSxNwkeFu9zH35l4K1FzatpDprskcsKJgIodwfkS', NULL, 1, '2019-09-10 09:41:42', '2019-09-10 09:43:13', NULL, NULL, NULL, 0, 0, 0),
	(60, 'Manish Rai', 'manish.rai@talentburst.com', '', '$2y$10$6MTSymfvDRfkWtSxNwkeFu9zH35l4K1FzatpDprskcsKJgIodwfkS', NULL, 1, '2019-09-10 09:41:42', '2019-09-10 09:43:13', NULL, NULL, NULL, 0, 0, 0),
	(61, 'Manoj Gupta', 'manoj.gupta@talentburst.com', '', '$2y$10$6MTSymfvDRfkWtSxNwkeFu9zH35l4K1FzatpDprskcsKJgIodwfkS', NULL, 1, '2019-09-10 09:41:42', '2019-09-10 09:43:13', NULL, NULL, NULL, 0, 0, 0),
	(62, 'Margoov Ahmad', 'Margoov.ahmad@talentburst.com', '', '$2y$10$6MTSymfvDRfkWtSxNwkeFu9zH35l4K1FzatpDprskcsKJgIodwfkS', NULL, 1, '2019-09-10 09:41:42', '2019-09-10 09:43:13', NULL, NULL, NULL, 0, 0, 0),
	(63, 'Mehak Chugh', 'Mehak.chugh@talentburst.com', '', '$2y$10$6MTSymfvDRfkWtSxNwkeFu9zH35l4K1FzatpDprskcsKJgIodwfkS', NULL, 1, '2019-09-10 09:41:42', '2019-09-10 09:43:13', NULL, NULL, NULL, 0, 0, 0),
	(64, 'Kashif Meraj', 'kashif.meraj@talentburst.com', '', '$2y$10$6MTSymfvDRfkWtSxNwkeFu9zH35l4K1FzatpDprskcsKJgIodwfkS', NULL, 1, '2019-09-10 09:41:42', '2019-09-10 09:43:13', NULL, NULL, NULL, 0, 0, 0),
	(65, 'Mohit Kumar', 'mohit.kumar@talentburst.com', '', '$2y$10$6MTSymfvDRfkWtSxNwkeFu9zH35l4K1FzatpDprskcsKJgIodwfkS', NULL, 1, '2019-09-10 09:41:42', '2019-09-10 09:43:13', NULL, NULL, NULL, 0, 0, 0),
	(66, 'Monika Gupta', 'monika.gupta@talentburst.com', '', '$2y$10$6MTSymfvDRfkWtSxNwkeFu9zH35l4K1FzatpDprskcsKJgIodwfkS', NULL, 1, '2019-09-10 09:41:42', '2019-09-10 09:43:13', NULL, NULL, NULL, 0, 0, 0),
	(67, 'Monis Malik', 'monis.malik@talentburst.com', '', '$2y$10$6MTSymfvDRfkWtSxNwkeFu9zH35l4K1FzatpDprskcsKJgIodwfkS', NULL, 1, '2019-09-10 09:41:42', '2019-09-10 09:43:13', NULL, NULL, NULL, 0, 0, 0),
	(68, 'Mukesh Sachdeva', 'Mukesh.sachdeva@talentburst.com', '', '$2y$10$6MTSymfvDRfkWtSxNwkeFu9zH35l4K1FzatpDprskcsKJgIodwfkS', NULL, 1, '2019-09-10 09:41:42', '2019-09-10 09:43:13', NULL, NULL, NULL, 0, 0, 0),
	(69, 'Navdeep Singh', 'navdeep.singh@talentburst.com', '', '$2y$10$6MTSymfvDRfkWtSxNwkeFu9zH35l4K1FzatpDprskcsKJgIodwfkS', NULL, 1, '2019-09-10 09:41:42', '2019-09-10 09:43:13', NULL, NULL, NULL, 0, 0, 0),
	(70, 'Naveen Sharma', 'naveen.sharma@talentburst.com', '', '$2y$10$6MTSymfvDRfkWtSxNwkeFu9zH35l4K1FzatpDprskcsKJgIodwfkS', NULL, 1, '2019-09-10 09:41:42', '2019-09-10 09:43:13', NULL, NULL, NULL, 0, 0, 0),
	(71, 'Neeraj Joshi', 'neeraj.joshi@talentburst.com', '', '$2y$10$6MTSymfvDRfkWtSxNwkeFu9zH35l4K1FzatpDprskcsKJgIodwfkS', NULL, 1, '2019-09-10 09:41:42', '2019-09-10 09:43:13', NULL, NULL, NULL, 0, 0, 0),
	(72, 'Neha Gupta', 'neha.gupta@talentburst.coom', '', '$2y$10$6MTSymfvDRfkWtSxNwkeFu9zH35l4K1FzatpDprskcsKJgIodwfkS', NULL, 1, '2019-09-10 09:41:42', '2019-09-10 09:43:13', NULL, NULL, NULL, 0, 0, 0),
	(73, 'Neha Srivastava', 'Neha.srivastava@talentburst.com', '', '$2y$10$6MTSymfvDRfkWtSxNwkeFu9zH35l4K1FzatpDprskcsKJgIodwfkS', NULL, 1, '2019-09-10 09:41:42', '2019-09-10 09:43:13', NULL, NULL, NULL, 0, 0, 0),
	(74, 'Kevin Bansal', 'kevin.bansal@talentburst.com', '', '$2y$10$6MTSymfvDRfkWtSxNwkeFu9zH35l4K1FzatpDprskcsKJgIodwfkS', NULL, 1, '2019-09-10 09:41:42', '2019-09-10 09:43:13', NULL, NULL, NULL, 0, 0, 0),
	(75, 'Nirmal Sagar', 'nirmal.sagar@talentburst.com', '', '$2y$10$6MTSymfvDRfkWtSxNwkeFu9zH35l4K1FzatpDprskcsKJgIodwfkS', NULL, 1, '2019-09-10 09:41:42', '2019-09-10 09:43:13', NULL, NULL, NULL, 0, 0, 0),
	(76, 'Nishant Bishnoi', 'nishant.bishnoi@talentburst.com', '', '$2y$10$6MTSymfvDRfkWtSxNwkeFu9zH35l4K1FzatpDprskcsKJgIodwfkS', NULL, 1, '2019-09-10 09:41:42', '2019-09-10 09:43:13', NULL, NULL, NULL, 0, 0, 0),
	(77, 'Nitish Nanda', 'nitish.nanda@talentburst.com', '', '$2y$10$6MTSymfvDRfkWtSxNwkeFu9zH35l4K1FzatpDprskcsKJgIodwfkS', NULL, 1, '2019-09-10 09:41:42', '2019-09-10 09:43:13', NULL, NULL, NULL, 0, 0, 0),
	(78, 'Noor Baig', 'noor.baig@talentburst.com', '', '$2y$10$6MTSymfvDRfkWtSxNwkeFu9zH35l4K1FzatpDprskcsKJgIodwfkS', NULL, 1, '2019-09-10 09:41:42', '2019-09-10 09:43:13', NULL, NULL, NULL, 0, 0, 0),
	(79, 'Papul Chaudhary', 'papul.chaudhary@talentburst.com', '', '$2y$10$6MTSymfvDRfkWtSxNwkeFu9zH35l4K1FzatpDprskcsKJgIodwfkS', NULL, 1, '2019-09-10 09:41:42', '2019-09-10 09:43:13', NULL, NULL, NULL, 0, 0, 0),
	(80, 'Paridhi Agarwal', 'paridhi.agarwal@talentburst.com', '', '$2y$10$6MTSymfvDRfkWtSxNwkeFu9zH35l4K1FzatpDprskcsKJgIodwfkS', NULL, 1, '2019-09-10 09:41:42', '2019-09-10 09:43:13', NULL, NULL, NULL, 0, 0, 0),
	(81, 'Parth Garg', 'Parth.garg@talentburst.com', '', '$2y$10$6MTSymfvDRfkWtSxNwkeFu9zH35l4K1FzatpDprskcsKJgIodwfkS', NULL, 1, '2019-09-10 09:41:42', '2019-09-10 09:43:13', NULL, NULL, NULL, 0, 0, 0),
	(82, 'Pawan Kumar', 'pawan.kumar@talentburst.com', '', '$2y$10$6MTSymfvDRfkWtSxNwkeFu9zH35l4K1FzatpDprskcsKJgIodwfkS', NULL, 1, '2019-09-10 09:41:42', '2019-09-10 09:43:13', NULL, NULL, NULL, 0, 0, 0),
	(83, 'Piyush Anand', 'Piyush.anand@talentburst.com', '', '$2y$10$6MTSymfvDRfkWtSxNwkeFu9zH35l4K1FzatpDprskcsKJgIodwfkS', NULL, 1, '2019-09-10 09:41:42', '2019-09-10 09:43:13', NULL, NULL, NULL, 0, 0, 0),
	(84, 'Piyush Sahni', 'Piyush.sahni@talentburst.com', '', '$2y$10$6MTSymfvDRfkWtSxNwkeFu9zH35l4K1FzatpDprskcsKJgIodwfkS', NULL, 1, '2019-09-10 09:41:42', '2019-09-10 09:43:13', NULL, NULL, NULL, 0, 0, 0),
	(85, 'Pooja Joshi', 'pooja.joshi@talentburst.com', '', '$2y$10$6MTSymfvDRfkWtSxNwkeFu9zH35l4K1FzatpDprskcsKJgIodwfkS', NULL, 1, '2019-09-10 09:41:42', '2019-09-10 09:43:13', NULL, NULL, NULL, 0, 0, 0),
	(86, 'Prakash Kumar', 'prakash.kumar@talentburst.com', '', '$2y$10$6MTSymfvDRfkWtSxNwkeFu9zH35l4K1FzatpDprskcsKJgIodwfkS', NULL, 1, '2019-09-10 09:41:42', '2019-09-10 09:43:13', NULL, NULL, NULL, 0, 0, 0),
	(87, 'Pranjal Dubey', 'pranjal.dubey@talentburst.com', '', '$2y$10$6MTSymfvDRfkWtSxNwkeFu9zH35l4K1FzatpDprskcsKJgIodwfkS', NULL, 1, '2019-09-10 09:41:42', '2019-09-10 09:43:13', NULL, NULL, NULL, 0, 0, 0),
	(88, 'Prashant Sharma', 'prashant.sharma@talentburst.com', '', '$2y$10$6MTSymfvDRfkWtSxNwkeFu9zH35l4K1FzatpDprskcsKJgIodwfkS', NULL, 1, '2019-09-10 09:41:42', '2019-09-10 09:43:13', NULL, NULL, NULL, 0, 0, 0),
	(89, 'Priyanka Pathak', 'priyanka.pathak@talentburst.com', '', '$2y$10$6MTSymfvDRfkWtSxNwkeFu9zH35l4K1FzatpDprskcsKJgIodwfkS', NULL, 1, '2019-09-10 09:41:42', '2019-09-10 09:43:13', NULL, NULL, NULL, 0, 0, 0),
	(90, 'Priya Srivastava', 'Priya.Srivastava@talentburst.com', '', '$2y$10$6MTSymfvDRfkWtSxNwkeFu9zH35l4K1FzatpDprskcsKJgIodwfkS', NULL, 1, '2019-09-10 09:41:42', '2019-09-10 09:43:13', NULL, NULL, NULL, 0, 0, 0),
	(91, 'Purshotam Sharma ', 'Purshotam.sharma@talentburst.com', '', '$2y$10$6MTSymfvDRfkWtSxNwkeFu9zH35l4K1FzatpDprskcsKJgIodwfkS', NULL, 1, '2019-09-10 09:41:42', '2019-09-10 09:43:13', NULL, NULL, NULL, 0, 0, 0),
	(92, 'Rahul Goyal', 'Rahul.goyal@talentburst.com', '', '$2y$10$6MTSymfvDRfkWtSxNwkeFu9zH35l4K1FzatpDprskcsKJgIodwfkS', NULL, 1, '2019-09-10 09:41:42', '2019-09-10 09:43:13', NULL, NULL, NULL, 0, 0, 0),
	(93, 'Rahul Raina', 'Rahul.raina@talentburst.com', '', '$2y$10$6MTSymfvDRfkWtSxNwkeFu9zH35l4K1FzatpDprskcsKJgIodwfkS', NULL, 1, '2019-09-10 09:41:42', '2019-09-10 09:43:13', NULL, NULL, NULL, 0, 0, 0),
	(94, 'Rahul Singh', 'Rahul.singh@talentburst.com', '', '$2y$10$6MTSymfvDRfkWtSxNwkeFu9zH35l4K1FzatpDprskcsKJgIodwfkS', NULL, 1, '2019-09-10 09:41:42', '2019-09-10 09:43:13', NULL, NULL, NULL, 0, 0, 0),
	(95, 'Rahul Vyas', 'rahul.vyas@talentburst.com', '', '$2y$10$6MTSymfvDRfkWtSxNwkeFu9zH35l4K1FzatpDprskcsKJgIodwfkS', NULL, 1, '2019-09-10 09:41:42', '2019-09-10 09:43:13', NULL, NULL, NULL, 0, 0, 0),
	(96, 'Raja Newton', 'Raja.newton@talentburst.com', '', '$2y$10$6MTSymfvDRfkWtSxNwkeFu9zH35l4K1FzatpDprskcsKJgIodwfkS', NULL, 1, '2019-09-10 09:41:42', '2019-09-10 09:43:13', NULL, NULL, NULL, 0, 0, 0),
	(97, 'Rakesh Kumar', 'rakesh.kumar@talentburst.com', '', '$2y$10$6MTSymfvDRfkWtSxNwkeFu9zH35l4K1FzatpDprskcsKJgIodwfkS', NULL, 1, '2019-09-10 09:41:42', '2019-09-10 09:43:13', NULL, NULL, NULL, 0, 0, 0),
	(98, 'Ravinder Singh', 'ravinder.singh@talentburst.com', '', '$2y$10$6MTSymfvDRfkWtSxNwkeFu9zH35l4K1FzatpDprskcsKJgIodwfkS', NULL, 1, '2019-09-10 09:41:42', '2019-09-10 09:43:13', NULL, NULL, NULL, 0, 0, 0),
	(99, 'Rema Gupta', 'Rema.gupta@talentburst.com', '', '$2y$10$6MTSymfvDRfkWtSxNwkeFu9zH35l4K1FzatpDprskcsKJgIodwfkS', NULL, 1, '2019-09-10 09:41:42', '2019-09-10 09:43:13', NULL, NULL, NULL, 0, 0, 0),
	(100, 'Sahil Bhardwaj', 'sahil.bhardwaj@talentburst.com', '', '$2y$10$6MTSymfvDRfkWtSxNwkeFu9zH35l4K1FzatpDprskcsKJgIodwfkS', NULL, 1, '2019-09-10 09:41:42', '2019-09-10 09:43:13', NULL, NULL, NULL, 0, 0, 0),
	(101, 'Sana Mobin', 'Sana.mobin@talentburst.com', '', '$2y$10$6MTSymfvDRfkWtSxNwkeFu9zH35l4K1FzatpDprskcsKJgIodwfkS', NULL, 1, '2019-09-10 09:41:42', '2019-09-10 09:43:13', NULL, NULL, NULL, 0, 0, 0),
	(102, 'Santy Kumar', 'santy.kumar@talentburst.com', '', '$2y$10$6MTSymfvDRfkWtSxNwkeFu9zH35l4K1FzatpDprskcsKJgIodwfkS', NULL, 1, '2019-09-10 09:41:42', '2019-09-10 09:43:13', NULL, NULL, NULL, 0, 0, 0),
	(103, 'Satvinder Singh', 'satvinder.singh@talentburst.com', '', '$2y$10$6MTSymfvDRfkWtSxNwkeFu9zH35l4K1FzatpDprskcsKJgIodwfkS', NULL, 1, '2019-09-10 09:41:42', '2019-09-10 09:43:13', NULL, NULL, NULL, 0, 0, 0),
	(104, 'Savita Khashu', 'savita.khashu@talentburst.com', '', '$2y$10$6MTSymfvDRfkWtSxNwkeFu9zH35l4K1FzatpDprskcsKJgIodwfkS', NULL, 1, '2019-09-10 09:41:42', '2019-09-10 09:43:13', NULL, NULL, NULL, 0, 0, 0),
	(105, 'Shalleja Singla', 'Shalleja.singla@talentburst.com', '', '$2y$10$6MTSymfvDRfkWtSxNwkeFu9zH35l4K1FzatpDprskcsKJgIodwfkS', NULL, 1, '2019-09-10 09:41:42', '2019-09-10 09:43:13', NULL, NULL, NULL, 0, 0, 0),
	(106, 'Shaswati Chakraborty', 'Shaswati.chakraborty@talentburst.com', '', '$2y$10$6MTSymfvDRfkWtSxNwkeFu9zH35l4K1FzatpDprskcsKJgIodwfkS', NULL, 1, '2019-09-10 09:41:42', '2019-09-10 09:43:13', NULL, NULL, NULL, 0, 0, 0),
	(107, 'Shikha Mishra', 'shikha.mishra@talentburst.com', '', '$2y$10$6MTSymfvDRfkWtSxNwkeFu9zH35l4K1FzatpDprskcsKJgIodwfkS', NULL, 1, '2019-09-10 09:41:42', '2019-09-10 09:43:13', NULL, NULL, NULL, 0, 0, 0),
	(108, 'shri Bhagwan', 'shri.bhagwan@talentburst.com', '', '$2y$10$6MTSymfvDRfkWtSxNwkeFu9zH35l4K1FzatpDprskcsKJgIodwfkS', NULL, 1, '2019-09-10 09:41:42', '2019-09-10 09:43:13', NULL, NULL, NULL, 0, 0, 0),
	(109, 'Shruti Srivastava', 'shruti.srivastava@talentburst.com', '', '$2y$10$6MTSymfvDRfkWtSxNwkeFu9zH35l4K1FzatpDprskcsKJgIodwfkS', NULL, 1, '2019-09-10 09:41:42', '2019-09-10 09:43:13', NULL, NULL, NULL, 0, 0, 0),
	(110, 'Somya Roy', 'Somya.roy@talentburst.com', '', '$2y$10$6MTSymfvDRfkWtSxNwkeFu9zH35l4K1FzatpDprskcsKJgIodwfkS', NULL, 1, '2019-09-10 09:41:42', '2019-09-10 09:43:13', NULL, NULL, NULL, 0, 0, 0),
	(111, 'Sujeet Kumar', 'Sujeet.kumar@talentburst.com', '', '$2y$10$6MTSymfvDRfkWtSxNwkeFu9zH35l4K1FzatpDprskcsKJgIodwfkS', NULL, 1, '2019-09-10 09:41:42', '2019-09-10 09:43:13', NULL, NULL, NULL, 0, 0, 0),
	(112, 'Sukhpreet Basra', 'sukhpreet.basra@talentburst.com', '', '$2y$10$6MTSymfvDRfkWtSxNwkeFu9zH35l4K1FzatpDprskcsKJgIodwfkS', NULL, 1, '2019-09-10 09:41:42', '2019-09-10 09:43:13', NULL, NULL, NULL, 0, 0, 0),
	(113, 'Sushant Singh', 'sushant.singh@talentburst.com', '', '$2y$10$6MTSymfvDRfkWtSxNwkeFu9zH35l4K1FzatpDprskcsKJgIodwfkS', NULL, 1, '2019-09-10 09:41:42', '2019-09-10 09:43:13', NULL, NULL, NULL, 0, 0, 0),
	(114, 'Sushil Ray', 'Sushil.ray@talentburst.com', '', '$2y$10$6MTSymfvDRfkWtSxNwkeFu9zH35l4K1FzatpDprskcsKJgIodwfkS', NULL, 1, '2019-09-10 09:41:42', '2019-09-10 09:43:13', NULL, NULL, NULL, 0, 0, 0),
	(115, 'Swati Batra', 'swati.batra@talentburst.com', '', '$2y$10$6MTSymfvDRfkWtSxNwkeFu9zH35l4K1FzatpDprskcsKJgIodwfkS', NULL, 1, '2019-09-10 09:41:42', '2019-09-10 09:43:13', NULL, NULL, NULL, 0, 0, 0),
	(116, 'Tanvi Kharbanda', 'tanvi.kharbanda@talentburst.com', '', '$2y$10$6MTSymfvDRfkWtSxNwkeFu9zH35l4K1FzatpDprskcsKJgIodwfkS', NULL, 1, '2019-09-10 09:41:42', '2019-09-10 09:43:13', NULL, NULL, NULL, 0, 0, 0),
	(117, 'Tim Arora', 'tim.arora@talentburst.com', '', '$2y$10$6MTSymfvDRfkWtSxNwkeFu9zH35l4K1FzatpDprskcsKJgIodwfkS', NULL, 1, '2019-09-10 09:41:42', '2019-09-10 09:43:13', NULL, NULL, NULL, 0, 0, 0),
	(118, 'Tripurari Kumar', 'tripurari.kumar@talentburst.com', '', '$2y$10$6MTSymfvDRfkWtSxNwkeFu9zH35l4K1FzatpDprskcsKJgIodwfkS', NULL, 1, '2019-09-10 09:41:42', '2019-09-10 09:43:13', NULL, NULL, NULL, 0, 0, 0),
	(119, 'Tulika Pokariyal', 'Tulika.pokariyal@talentburst.com', '', '$2y$10$6MTSymfvDRfkWtSxNwkeFu9zH35l4K1FzatpDprskcsKJgIodwfkS', NULL, 1, '2019-09-10 09:41:42', '2019-09-10 09:43:13', NULL, NULL, NULL, 0, 0, 0),
	(120, 'Urnav Saikia', 'urnav.saikia@talentburst.com', '', '$2y$10$6MTSymfvDRfkWtSxNwkeFu9zH35l4K1FzatpDprskcsKJgIodwfkS', NULL, 1, '2019-09-10 09:41:42', '2019-09-10 09:43:13', NULL, NULL, NULL, 0, 0, 0),
	(121, 'Varun Bhattacharya', 'Varun.bhattacharya@talentburst.com', '', '$2y$10$6MTSymfvDRfkWtSxNwkeFu9zH35l4K1FzatpDprskcsKJgIodwfkS', NULL, 1, '2019-09-10 09:41:42', '2019-09-10 09:43:13', NULL, NULL, NULL, 0, 0, 0),
	(122, 'Varun Grover', 'varun.grover@talentburst.com', '', '$2y$10$6MTSymfvDRfkWtSxNwkeFu9zH35l4K1FzatpDprskcsKJgIodwfkS', NULL, 1, '2019-09-10 09:41:42', '2019-09-10 09:43:13', NULL, NULL, NULL, 0, 0, 0),
	(123, 'Varun Khandelwal', 'Varun.khandelwal@talentburst.com', '', '$2y$10$6MTSymfvDRfkWtSxNwkeFu9zH35l4K1FzatpDprskcsKJgIodwfkS', NULL, 1, '2019-09-10 09:41:42', '2019-09-10 09:43:13', NULL, NULL, NULL, 0, 0, 0),
	(124, 'Vikas Mann', 'vikas.mann@talentburst.com', '', '$2y$10$6MTSymfvDRfkWtSxNwkeFu9zH35l4K1FzatpDprskcsKJgIodwfkS', NULL, 1, '2019-09-10 09:41:42', '2019-09-10 09:43:13', NULL, NULL, NULL, 0, 0, 0),
	(125, 'Vikas Thapliyal', 'vikas.thapliyal@talentburst.com', '', '$2y$10$6MTSymfvDRfkWtSxNwkeFu9zH35l4K1FzatpDprskcsKJgIodwfkS', NULL, 1, '2019-09-10 09:41:42', '2019-09-10 09:43:13', NULL, NULL, NULL, 0, 0, 0),
	(126, 'Vinay Chandra', 'vinay.chandra@talentburst.com', '', '$2y$10$6MTSymfvDRfkWtSxNwkeFu9zH35l4K1FzatpDprskcsKJgIodwfkS', NULL, 1, '2019-09-10 09:41:42', '2019-09-10 09:43:13', NULL, NULL, NULL, 0, 0, 0),
	(127, 'Vineet dayal', 'vineet.dayal@talentburst.com', '', '$2y$10$6MTSymfvDRfkWtSxNwkeFu9zH35l4K1FzatpDprskcsKJgIodwfkS', NULL, 1, '2019-09-10 09:41:42', '2019-09-10 09:43:13', NULL, NULL, NULL, 0, 0, 0),
	(128, 'Vineet Sharma', 'vineet.sharma@talentburst.com', '', '$2y$10$6MTSymfvDRfkWtSxNwkeFu9zH35l4K1FzatpDprskcsKJgIodwfkS', NULL, 1, '2019-09-10 09:41:42', '2019-09-10 09:43:13', NULL, NULL, NULL, 0, 0, 0),
	(129, 'Zabeeh Ahmad', 'zabeeh.ahmad@talentburst.com', '', '$2y$10$6MTSymfvDRfkWtSxNwkeFu9zH35l4K1FzatpDprskcsKJgIodwfkS', NULL, 1, '2019-09-10 09:41:42', '2019-09-10 09:43:13', NULL, NULL, NULL, 0, 0, 0),
	(130, 'Arvind Singh', 'asarvindsingh1@gmail.com', '8802411055', '$2y$10$/nRqkdxobOskChRyL/sfie41hX7DMrb1NviqSJSfQSRG1vMpbc6kW', 'sfazL7aR4Ps42ghTIjWJ1LWMQ2duLS99sB2J5vTnSMrvvgMVUHklEwh68Fyf', 1, '2019-09-13 12:32:00', '2019-09-13 08:33:21', NULL, '2019-09-13 12:33:20', NULL, 0, 0, 0);
/*!40000 ALTER TABLE `users` ENABLE KEYS */;

-- Dumping structure for table vts_db.users_activity_log
CREATE TABLE IF NOT EXISTS `users_activity_log` (
  `id` int(11) NOT NULL AUTO_INCREMENT,
  `user_id` int(11) NOT NULL,
  `log` varchar(100) NOT NULL,
  `activity` text NOT NULL,
  `created_at` timestamp NOT NULL DEFAULT CURRENT_TIMESTAMP,
  `updated_at` timestamp NOT NULL DEFAULT CURRENT_TIMESTAMP ON UPDATE CURRENT_TIMESTAMP,
  PRIMARY KEY (`id`)
) ENGINE=InnoDB AUTO_INCREMENT=49 DEFAULT CHARSET=latin1;

-- Dumping data for table vts_db.users_activity_log: ~35 rows (approximately)
DELETE FROM `users_activity_log`;
/*!40000 ALTER TABLE `users_activity_log` DISABLE KEYS */;
INSERT INTO `users_activity_log` (`id`, `user_id`, `log`, `activity`, `created_at`, `updated_at`) VALUES
	(1, 23, 'User @23 profile updated', '{"emp_id":"0276","phone_number":"8802411053","name":"Arvind Singh","role":"Lead Developer","dob":"1987-01-25","doj":"2019-04-02","location":"Gurugram"}', '2019-09-10 14:14:37', '2019-09-10 14:14:37'),
	(2, 23, 'User @23 profile image/id proof updated', '{"aadhar_no":"462223014684","pan_no":"DGOPS0821J","aadhar_image":"20190910141723.jpg","pan_image":"20190910141723.jpg","profile_image":"20190910141723.jpg"}', '2019-09-10 14:17:23', '2019-09-10 14:17:23'),
	(3, 23, 'User @23 password updated', '{"password":"$2y$10$3YGdv9yqkothDBJBQjDLuO8wwX4MuAVt8a3lQC8Kd\\/uLubeiFAxvO"}', '2019-09-10 14:19:23', '2019-09-10 14:19:23'),
	(4, 23, 'User @23 password updated', '{"password":"$2y$10$P7UsTz70AceVKb4vHY9tbenvH.QmIRXy8O.JprOR6NO5r7w\\/COP.m"}', '2019-09-10 14:34:32', '2019-09-10 14:34:32'),
	(5, 23, 'User @2 leave account updated', '{"user_id":"2","updated_by":23,"leave_type":"Credit PL","remark":null,"credit_leave":"2.50"}', '2019-09-11 12:16:06', '2019-09-11 12:16:06'),
	(6, 23, 'User @23 password updated', '{"password":"$2y$10$lZv17MypARgudy33fo2a9e7qVO8YbzFlbR3XFc97YSAEZffY\\/8CXq"}', '2019-09-11 13:32:40', '2019-09-11 13:32:40'),
	(7, 23, 'User @23 password updated', '{"password":"$2y$10$PgmlNpJUtSx.Glq\\/HugnJu6KIcvHYI5yOOe3X8SlCTHWfV198ZA7q"}', '2019-09-11 13:33:18', '2019-09-11 13:33:18'),
	(8, 23, 'TB1796513 New apllication created', '{"user_id":23,"ticket_id":"TB1796513","subject":"Application for PL","leave_no":"2","message":"Please Provide me PL of 2 days","remark":"Please Provide me PL of 2 days"}', '2019-09-11 13:34:11', '2019-09-11 13:34:11'),
	(9, 23, 'TB1796513 apllication updated', '{"subject":"Application for PL","leave_no":"2.50","message":"Please Provide me PL of 2.5 days","remark":"Please Provide me PL of 2.5 days"}', '2019-09-11 13:34:33', '2019-09-11 13:34:33'),
	(10, 23, 'TB1796513 apllication responded', '{"user_id":"23","ticket_id":"TB1796513","updated_by":23,"leave_type":"Debit PL","debit_leave":"2.5","remark":"OK, Granted."}', '2019-09-11 13:36:16', '2019-09-11 13:36:16'),
	(11, 23, 'TB1796513 apllication responded', '{"user_id":"23","ticket_id":"TB1796513","updated_by":23,"leave_type":"Debit PL","debit_leave":"2.5","remark":"OK, Granted."}', '2019-09-11 13:38:32', '2019-09-11 13:38:32'),
	(12, 23, 'User @23 leave account updated', '{"user_id":"23","updated_by":23,"leave_type":"Credit PL","remark":"For Testing Purpose","credit_leave":"7"}', '2019-09-11 13:44:49', '2019-09-11 13:44:49'),
	(13, 23, 'TB1796513 apllication responded', '{"user_id":"23","ticket_id":"TB1796513","updated_by":23,"leave_type":"Debit PL","debit_leave":"2.5","remark":"OK, Granted."}', '2019-09-11 13:45:43', '2019-09-11 13:45:43'),
	(14, 23, 'Leave applications report downloaded', '{"from_date":"2019-09-01","to_date":"2019-09-11","user_id":null,"status":null}', '2019-09-11 13:47:49', '2019-09-11 13:47:49'),
	(15, 23, 'Leave applications report downloaded', '{"from_date":"2019-09-01","to_date":"2019-09-11","user_id":null,"status":null}', '2019-09-11 13:49:22', '2019-09-11 13:49:22'),
	(16, 23, 'Leave applications report downloaded', '{"from_date":"2019-09-01","to_date":"2019-09-11","user_id":null,"status":null}', '2019-09-11 13:51:11', '2019-09-11 13:51:11'),
	(17, 23, 'Leave applications report downloaded', '{"from_date":"2019-09-01","to_date":"2019-09-12","user_id":null,"status":null}', '2019-09-11 13:51:35', '2019-09-11 13:51:35'),
	(18, 23, 'User @3 leave account updated', '{"user_id":"3","updated_by":23,"leave_type":"Debit PL","remark":null,"debit_leave":"2.50"}', '2019-09-11 13:52:33', '2019-09-11 13:52:33'),
	(19, 23, 'User @4 leave account updated', '{"user_id":"4","updated_by":23,"leave_type":"Credit PL","remark":null,"credit_leave":"2.50"}', '2019-09-11 13:52:53', '2019-09-11 13:52:53'),
	(20, 23, 'User @4 leave account updated', '{"user_id":"4","updated_by":23,"leave_type":"Credit PL","remark":null,"credit_leave":"2.50"}', '2019-09-11 13:56:25', '2019-09-11 13:56:25'),
	(21, 23, 'User @3 leave account updated', '{"user_id":"3","updated_by":23,"leave_type":"Debit PL","remark":null,"debit_leave":"2.50"}', '2019-09-11 14:00:48', '2019-09-11 14:00:48'),
	(22, 23, 'User @5 leave account updated', '{"user_id":"5","updated_by":23,"leave_type":"Debit PL","remark":null,"debit_leave":"2.50"}', '2019-09-11 14:01:03', '2019-09-11 14:01:03'),
	(23, 23, 'TB5602059 New apllication created', '{"user_id":23,"ticket_id":"TB5602059","subject":"Application for PL","leave_no":"2.50","message":"Test Test Test Test Test","remark":"Test Test Test Test TestTest Test Test Test Test"}', '2019-09-11 14:26:53', '2019-09-11 14:26:53'),
	(24, 23, 'TB5602059 apllication responded', '{"user_id":"23","ticket_id":"TB5602059","updated_by":23,"leave_type":"LWP","debit_leave":"2.5","remark":"Ok, Granted."}', '2019-09-11 14:28:23', '2019-09-11 14:28:23'),
	(25, 23, 'Leave applications report downloaded', '{"from_date":"2019-09-01","to_date":"2019-09-12","user_id":null,"status":null}', '2019-09-11 14:29:10', '2019-09-11 14:29:10'),
	(26, 23, 'User @23 profile updated', '{"address":"Plot No. 79, Gurgaon Sector 44","city":"Ala Power Co","state":"Alabama","country":"United States","pincode":"122001","landmark":"Haryana","cur_address":"425\\/3 Prem Nagar, Gurgaon Sector 12","cur_city":"Gurgaon","cur_state":"Haryana","cur_country":"India","cur_pincode":"122003","cur_landmark":"Hospital"}', '2019-09-12 13:41:27', '2019-09-12 13:41:27'),
	(27, 23, 'User @23 profile updated', '{"address":"Plot No. 79, Gurgaon Sector 44","city":"Ala Power Co","state":"Alabama","country":"United States","pincode":"122001","landmark":"Haryana","cur_address":"425\\/3 Prem Nagar, Gurgaon Sector 12","cur_city":"Gurgaon","cur_state":"Haryana","cur_country":"India","cur_pincode":"122003","cur_landmark":"Hospital"}', '2019-09-12 13:42:19', '2019-09-12 13:42:19'),
	(28, 23, 'User @23 profile updated', '{"address":"Plot No. 79, Gurgaon Sector 44","city":"Ala Power Co","state":"Alabama","country":"United States","pincode":"122001","landmark":"School","cur_address":"Plot No. 79, Gurgaon Sector 44","cur_city":"Ala Power Co","cur_state":"Alabama","cur_country":"United States","cur_pincode":"122001","cur_landmark":"School"}', '2019-09-12 13:45:20', '2019-09-12 13:45:20'),
	(29, 23, 'User @23 profile updated', '{"address":"Plot No. 79, Gurgaon Sector 44","city":"Ala Power Co","state":"Alabama","country":"United States","pincode":"122001","landmark":"Alabama","cur_address":"425\\/3 Prem Nagar, Gurgaon Sector 12","cur_city":"Gurgaon","cur_state":"Haryana","cur_country":"India","cur_pincode":"122001","cur_landmark":"Hospital"}', '2019-09-12 13:48:39', '2019-09-12 13:48:39'),
	(30, 23, 'User @23 profile updated', '{"address":"Plot No. 79, Sector 44","city":"Ala Power Co","state":"Alabama","country":"United States","pincode":"122001","landmark":"School","cur_address":"425\\/3 Prem Nagar, Gurgaon Sector 12","cur_city":"Gurgaon","cur_state":"Haryana","cur_country":"India","cur_pincode":"122001","cur_landmark":"Hospital"}', '2019-09-12 13:49:03', '2019-09-12 13:49:03'),
	(31, 23, 'User @23 profile updated', '{"emp_id":"0276","phone_number":"8802411053","title":"Developer","department":"IT","dob":"1987-01-25","doj":"2019-04-02","total_exp":"8 Years","relevant_exp":"10 Years","location":"Gurugram"}', '2019-09-13 08:41:50', '2019-09-13 08:41:50'),
	(32, 23, 'User @23 profile updated', '{"emp_id":"0276","phone_number":"8802411053","title":"Developer","department":"IT","dob":"1987-01-25","doj":"2019-04-02","total_exp":"8 Years","relevant_exp":"10 Years","location":"Gurugram"}', '2019-09-13 08:42:17', '2019-09-13 08:42:17'),
	(33, 23, 'User @23 profile updated', '{"address":"Plot No. 79, Sector 44","city":"Ala Power Co","state":"Alabama","country":"United States","pincode":"122001","landmark":"School","cur_address":"Plot No. 79, Sector 44","cur_city":"Ala Power Co","cur_state":"Alabama","cur_country":"United States","cur_pincode":"122001","cur_landmark":"School"}', '2019-09-13 11:00:36', '2019-09-13 11:00:36'),
	(34, 23, 'User @23 profile image/id proof updated', '{"is_id_proof":1,"profile_image":"20190913113534.jpg"}', '2019-09-13 11:35:34', '2019-09-13 11:35:34'),
	(35, 23, 'User @23 profile updated', '{"emp_id":"0276","phone_number":"8802411053","title":"Lead Developer","department":"IT Department","dob":"1987-01-25","doj":"2019-04-02","total_exp":"8.5 Years","relevant_exp":"9.5 Years","location":"Gurgaon"}', '2019-09-13 12:02:36', '2019-09-13 12:02:36'),
	(36, 23, 'User @23 profile updated', '{"emp_id":"0276","phone_number":"8802411053","title":"Lead Developer","department":"IT Department","dob":"1987-01-25","doj":"2019-04-02","total_exp":"8.5 Years","relevant_exp":"9.5 Years","location":"Gurgaon","emp_ctc":"1231231"}', '2019-09-13 14:36:13', '2019-09-13 14:36:13'),
	(37, 23, 'User @23 profile updated', '{"emp_id":"0276","phone_number":"8802411053","title":"Lead Developer","department":"IT Department","dob":"1987-01-25","doj":"2019-04-02","total_exp":"8.5 Years","relevant_exp":"9.5 Years","location":"Gurgaon","emp_ctc":"1231231"}', '2019-09-16 06:30:08', '2019-09-16 06:30:08'),
	(38, 23, 'User @23 profile image/id proof updated', '{"is_id_proof":1,"profile_image":"20190916064518.png"}', '2019-09-16 06:45:18', '2019-09-16 06:45:18'),
	(39, 23, 'User @23 profile updated', '{"address":"Plot No. 79, Sector 44","city":"Ala Power Co","state":"Alabama","country":"United States","pincode":"122001","landmark":"Near School","cur_address":"Plot No. 79, Sector 44","cur_city":"Ala Power Co","cur_state":"Alabama","cur_country":"United States","cur_pincode":"122001","cur_landmark":"Near Hospital"}', '2019-09-16 06:58:46', '2019-09-16 06:58:46'),
	(40, 23, 'User @23 profile updated', '{"emp_id":"0276","phone_number":"8802411053","title":"Lead Developer","department":"IT Department","dob":"1987-01-25","doj":"2019-04-02","total_exp":"8.5 Years","relevant_exp":"9.5 Years","location":"Gurgaon","emp_ctc":null}', '2019-09-16 11:40:12', '2019-09-16 11:40:12'),
	(41, 23, 'User @23 leave account updated', '{"user_id":"23","updated_by":23,"leave_type":"Credit PL","remark":"Test","credit_leave":"2.50"}', '2019-09-16 11:50:35', '2019-09-16 11:50:35'),
	(42, 23, 'User @23 profile updated', '{"emp_id":"0276","phone_number":"8802411053","title":"Lead Developer","department":"IT Department","dob":"1987-01-25","doj":"2019-04-02","total_exp":"8.5 Years","relevant_exp":"9.5 Years","location":"Gurgaon","emp_ctc":"19999"}', '2019-09-16 11:51:25', '2019-09-16 11:51:25'),
	(43, 23, 'User @23 profile updated', '{"emp_id":"0276","phone_number":"8802411053","title":"Lead Developer","department":"IT Department","dob":"1987-01-25","doj":"2019-04-02","total_exp":"8.5 Years","relevant_exp":"9.5 Years","location":"Gurgaon","emp_ctc":null}', '2019-09-16 11:52:29', '2019-09-16 11:52:29'),
	(44, 23, 'TB1796513 apllication updated', '{"subject":"Application for PL","leave_no":"2.5","from_date":"2019-10-25","message":"Please Provide me PL of 2.5 days","remark":"Please Provide me PL of 2.5 days"}', '2019-09-18 10:31:42', '2019-09-18 10:31:42'),
	(45, 23, 'TB3074897 New apllication created', '{"user_id":23,"ticket_id":"TB3074897","subject":"Application for SL","leave_no":"2","from_date":"2","message":"Please provide me 3 days PL instead of 2 days","remark":"Please provide me 3 days PL instead of 2 days"}', '2019-09-18 11:39:44', '2019-09-18 11:39:44'),
	(46, 23, 'TB9587346 New apllication created', '{"user_id":23,"ticket_id":"TB9587346","subject":"Application for SL","leave_no":"2","from_date":"2019-10-20","message":"Please provide me 3 days PL instead of 2 days","remark":"Please provide me 3 days PL instead of 2 days"}', '2019-09-18 11:40:36', '2019-09-18 11:40:36'),
	(47, 23, 'TB9587346 apllication updated', '{"subject":"Application for SL","leave_no":"3","from_date":"2019-10-20","message":"Please provide me 3 days SL instead of 2 days","remark":"Please provide me 3 days SL instead of 2 days"}', '2019-09-18 11:44:00', '2019-09-18 11:44:00'),
	(48, 23, 'TB9587346 apllication responded', '{"user_id":"23","ticket_id":"TB9587346","updated_by":23,"leave_type":"Debit SL","debit_leave":"3","remark":"Ok, Granted."}', '2019-09-18 11:45:52', '2019-09-18 11:45:52');
/*!40000 ALTER TABLE `users_activity_log` ENABLE KEYS */;

-- Dumping structure for table vts_db.users_address
CREATE TABLE IF NOT EXISTS `users_address` (
  `id` int(11) NOT NULL AUTO_INCREMENT,
  `user_id` int(11) NOT NULL,
  `address` varchar(150) DEFAULT NULL,
  `city` varchar(100) DEFAULT NULL,
  `state` varchar(100) DEFAULT NULL,
  `country` varchar(100) DEFAULT NULL,
  `pincode` varchar(100) DEFAULT NULL,
  `landmark` varchar(100) DEFAULT NULL,
  `cur_address` varchar(150) DEFAULT NULL,
  `cur_city` varchar(100) DEFAULT NULL,
  `cur_state` varchar(100) DEFAULT NULL,
  `cur_country` varchar(100) DEFAULT NULL,
  `cur_pincode` varchar(100) DEFAULT NULL,
  `cur_landmark` varchar(100) DEFAULT NULL,
  `is_same_address` tinyint(1) NOT NULL DEFAULT '0',
  `created_at` datetime NOT NULL DEFAULT CURRENT_TIMESTAMP,
  `updated_at` datetime NOT NULL DEFAULT CURRENT_TIMESTAMP ON UPDATE CURRENT_TIMESTAMP,
  PRIMARY KEY (`id`)
) ENGINE=InnoDB AUTO_INCREMENT=131 DEFAULT CHARSET=latin1;

-- Dumping data for table vts_db.users_address: ~129 rows (approximately)
DELETE FROM `users_address`;
/*!40000 ALTER TABLE `users_address` DISABLE KEYS */;
INSERT INTO `users_address` (`id`, `user_id`, `address`, `city`, `state`, `country`, `pincode`, `landmark`, `cur_address`, `cur_city`, `cur_state`, `cur_country`, `cur_pincode`, `cur_landmark`, `is_same_address`, `created_at`, `updated_at`) VALUES
	(1, 2, NULL, NULL, NULL, NULL, NULL, NULL, NULL, NULL, NULL, NULL, NULL, NULL, 0, '2019-09-12 06:23:40', '2019-09-12 06:23:40'),
	(2, 3, NULL, NULL, NULL, NULL, NULL, NULL, NULL, NULL, NULL, NULL, NULL, NULL, 0, '2019-09-12 06:23:40', '2019-09-12 06:23:40'),
	(3, 4, NULL, NULL, NULL, NULL, NULL, NULL, NULL, NULL, NULL, NULL, NULL, NULL, 0, '2019-09-12 06:23:40', '2019-09-12 06:23:40'),
	(4, 5, NULL, NULL, NULL, NULL, NULL, NULL, NULL, NULL, NULL, NULL, NULL, NULL, 0, '2019-09-12 06:23:40', '2019-09-12 06:23:40'),
	(5, 1, NULL, NULL, NULL, NULL, NULL, NULL, NULL, NULL, NULL, NULL, NULL, NULL, 0, '2019-09-12 06:23:40', '2019-09-12 06:23:40'),
	(6, 6, NULL, NULL, NULL, NULL, NULL, NULL, NULL, NULL, NULL, NULL, NULL, NULL, 0, '2019-09-12 06:23:40', '2019-09-12 06:23:40'),
	(7, 7, NULL, NULL, NULL, NULL, NULL, NULL, NULL, NULL, NULL, NULL, NULL, NULL, 0, '2019-09-12 06:23:40', '2019-09-12 06:23:40'),
	(8, 8, NULL, NULL, NULL, NULL, NULL, NULL, NULL, NULL, NULL, NULL, NULL, NULL, 0, '2019-09-12 06:23:40', '2019-09-12 06:23:40'),
	(9, 9, NULL, NULL, NULL, NULL, NULL, NULL, NULL, NULL, NULL, NULL, NULL, NULL, 0, '2019-09-12 06:23:40', '2019-09-12 06:23:40'),
	(10, 10, NULL, NULL, NULL, NULL, NULL, NULL, NULL, NULL, NULL, NULL, NULL, NULL, 0, '2019-09-12 06:23:40', '2019-09-12 06:23:40'),
	(11, 11, NULL, NULL, NULL, NULL, NULL, NULL, NULL, NULL, NULL, NULL, NULL, NULL, 0, '2019-09-12 06:23:40', '2019-09-12 06:23:40'),
	(12, 12, NULL, NULL, NULL, NULL, NULL, NULL, NULL, NULL, NULL, NULL, NULL, NULL, 0, '2019-09-12 06:23:40', '2019-09-12 06:23:40'),
	(13, 13, NULL, NULL, NULL, NULL, NULL, NULL, NULL, NULL, NULL, NULL, NULL, NULL, 0, '2019-09-12 06:23:40', '2019-09-12 06:23:40'),
	(14, 14, NULL, NULL, NULL, NULL, NULL, NULL, NULL, NULL, NULL, NULL, NULL, NULL, 0, '2019-09-12 06:23:40', '2019-09-12 06:23:40'),
	(15, 15, NULL, NULL, NULL, NULL, NULL, NULL, NULL, NULL, NULL, NULL, NULL, NULL, 0, '2019-09-12 06:23:40', '2019-09-12 06:23:40'),
	(16, 16, NULL, NULL, NULL, NULL, NULL, NULL, NULL, NULL, NULL, NULL, NULL, NULL, 0, '2019-09-12 06:23:40', '2019-09-12 06:23:40'),
	(17, 17, NULL, NULL, NULL, NULL, NULL, NULL, NULL, NULL, NULL, NULL, NULL, NULL, 0, '2019-09-12 06:23:40', '2019-09-12 06:23:40'),
	(18, 18, NULL, NULL, NULL, NULL, NULL, NULL, NULL, NULL, NULL, NULL, NULL, NULL, 0, '2019-09-12 06:23:40', '2019-09-12 06:23:40'),
	(19, 19, NULL, NULL, NULL, NULL, NULL, NULL, NULL, NULL, NULL, NULL, NULL, NULL, 0, '2019-09-12 06:23:40', '2019-09-12 06:23:40'),
	(20, 20, NULL, NULL, NULL, NULL, NULL, NULL, NULL, NULL, NULL, NULL, NULL, NULL, 0, '2019-09-12 06:23:40', '2019-09-12 06:23:40'),
	(21, 21, NULL, NULL, NULL, NULL, NULL, NULL, NULL, NULL, NULL, NULL, NULL, NULL, 0, '2019-09-12 06:23:40', '2019-09-12 06:23:40'),
	(22, 22, NULL, NULL, NULL, NULL, NULL, NULL, NULL, NULL, NULL, NULL, NULL, NULL, 0, '2019-09-12 06:23:40', '2019-09-12 06:23:40'),
	(23, 23, 'Plot No. 79, Sector 44', 'Ala Power Co', 'Alabama', 'United States', '122001', 'Near School', 'Plot No. 79, Sector 44', 'Ala Power Co', 'Alabama', 'United States', '122001', 'Near Hospital', 0, '2019-09-12 06:23:40', '2019-09-16 02:58:46'),
	(24, 24, NULL, NULL, NULL, NULL, NULL, NULL, NULL, NULL, NULL, NULL, NULL, NULL, 0, '2019-09-12 06:23:40', '2019-09-12 06:23:40'),
	(25, 25, NULL, NULL, NULL, NULL, NULL, NULL, NULL, NULL, NULL, NULL, NULL, NULL, 0, '2019-09-12 06:23:40', '2019-09-12 06:23:40'),
	(26, 26, NULL, NULL, NULL, NULL, NULL, NULL, NULL, NULL, NULL, NULL, NULL, NULL, 0, '2019-09-12 06:23:40', '2019-09-12 06:23:40'),
	(27, 27, NULL, NULL, NULL, NULL, NULL, NULL, NULL, NULL, NULL, NULL, NULL, NULL, 0, '2019-09-12 06:23:40', '2019-09-12 06:23:40'),
	(28, 28, NULL, NULL, NULL, NULL, NULL, NULL, NULL, NULL, NULL, NULL, NULL, NULL, 0, '2019-09-12 06:23:40', '2019-09-12 06:23:40'),
	(29, 29, NULL, NULL, NULL, NULL, NULL, NULL, NULL, NULL, NULL, NULL, NULL, NULL, 0, '2019-09-12 06:23:40', '2019-09-12 06:23:40'),
	(30, 30, NULL, NULL, NULL, NULL, NULL, NULL, NULL, NULL, NULL, NULL, NULL, NULL, 0, '2019-09-12 06:23:40', '2019-09-12 06:23:40'),
	(31, 31, NULL, NULL, NULL, NULL, NULL, NULL, NULL, NULL, NULL, NULL, NULL, NULL, 0, '2019-09-12 06:23:40', '2019-09-12 06:23:40'),
	(32, 32, NULL, NULL, NULL, NULL, NULL, NULL, NULL, NULL, NULL, NULL, NULL, NULL, 0, '2019-09-12 06:23:40', '2019-09-12 06:23:40'),
	(33, 33, NULL, NULL, NULL, NULL, NULL, NULL, NULL, NULL, NULL, NULL, NULL, NULL, 0, '2019-09-12 06:23:40', '2019-09-12 06:23:40'),
	(34, 34, NULL, NULL, NULL, NULL, NULL, NULL, NULL, NULL, NULL, NULL, NULL, NULL, 0, '2019-09-12 06:23:40', '2019-09-12 06:23:40'),
	(35, 35, NULL, NULL, NULL, NULL, NULL, NULL, NULL, NULL, NULL, NULL, NULL, NULL, 0, '2019-09-12 06:23:40', '2019-09-12 06:23:40'),
	(36, 36, NULL, NULL, NULL, NULL, NULL, NULL, NULL, NULL, NULL, NULL, NULL, NULL, 0, '2019-09-12 06:23:40', '2019-09-12 06:23:40'),
	(37, 37, NULL, NULL, NULL, NULL, NULL, NULL, NULL, NULL, NULL, NULL, NULL, NULL, 0, '2019-09-12 06:23:40', '2019-09-12 06:23:40'),
	(38, 38, NULL, NULL, NULL, NULL, NULL, NULL, NULL, NULL, NULL, NULL, NULL, NULL, 0, '2019-09-12 06:23:40', '2019-09-12 06:23:40'),
	(39, 39, NULL, NULL, NULL, NULL, NULL, NULL, NULL, NULL, NULL, NULL, NULL, NULL, 0, '2019-09-12 06:23:40', '2019-09-12 06:23:40'),
	(40, 40, NULL, NULL, NULL, NULL, NULL, NULL, NULL, NULL, NULL, NULL, NULL, NULL, 0, '2019-09-12 06:23:40', '2019-09-12 06:23:40'),
	(41, 41, NULL, NULL, NULL, NULL, NULL, NULL, NULL, NULL, NULL, NULL, NULL, NULL, 0, '2019-09-12 06:23:40', '2019-09-12 06:23:40'),
	(42, 42, NULL, NULL, NULL, NULL, NULL, NULL, NULL, NULL, NULL, NULL, NULL, NULL, 0, '2019-09-12 06:23:40', '2019-09-12 06:23:40'),
	(43, 43, NULL, NULL, NULL, NULL, NULL, NULL, NULL, NULL, NULL, NULL, NULL, NULL, 0, '2019-09-12 06:23:40', '2019-09-12 06:23:40'),
	(44, 44, NULL, NULL, NULL, NULL, NULL, NULL, NULL, NULL, NULL, NULL, NULL, NULL, 0, '2019-09-12 06:23:40', '2019-09-12 06:23:40'),
	(45, 45, NULL, NULL, NULL, NULL, NULL, NULL, NULL, NULL, NULL, NULL, NULL, NULL, 0, '2019-09-12 06:23:40', '2019-09-12 06:23:40'),
	(46, 46, NULL, NULL, NULL, NULL, NULL, NULL, NULL, NULL, NULL, NULL, NULL, NULL, 0, '2019-09-12 06:23:40', '2019-09-12 06:23:40'),
	(47, 47, NULL, NULL, NULL, NULL, NULL, NULL, NULL, NULL, NULL, NULL, NULL, NULL, 0, '2019-09-12 06:23:40', '2019-09-12 06:23:40'),
	(48, 48, NULL, NULL, NULL, NULL, NULL, NULL, NULL, NULL, NULL, NULL, NULL, NULL, 0, '2019-09-12 06:23:40', '2019-09-12 06:23:40'),
	(49, 49, NULL, NULL, NULL, NULL, NULL, NULL, NULL, NULL, NULL, NULL, NULL, NULL, 0, '2019-09-12 06:23:40', '2019-09-12 06:23:40'),
	(50, 50, NULL, NULL, NULL, NULL, NULL, NULL, NULL, NULL, NULL, NULL, NULL, NULL, 0, '2019-09-12 06:23:40', '2019-09-12 06:23:40'),
	(51, 51, NULL, NULL, NULL, NULL, NULL, NULL, NULL, NULL, NULL, NULL, NULL, NULL, 0, '2019-09-12 06:23:40', '2019-09-12 06:23:40'),
	(52, 52, NULL, NULL, NULL, NULL, NULL, NULL, NULL, NULL, NULL, NULL, NULL, NULL, 0, '2019-09-12 06:23:40', '2019-09-12 06:23:40'),
	(53, 53, NULL, NULL, NULL, NULL, NULL, NULL, NULL, NULL, NULL, NULL, NULL, NULL, 0, '2019-09-12 06:23:40', '2019-09-12 06:23:40'),
	(54, 54, NULL, NULL, NULL, NULL, NULL, NULL, NULL, NULL, NULL, NULL, NULL, NULL, 0, '2019-09-12 06:23:40', '2019-09-12 06:23:40'),
	(55, 64, NULL, NULL, NULL, NULL, NULL, NULL, NULL, NULL, NULL, NULL, NULL, NULL, 0, '2019-09-12 06:23:40', '2019-09-12 06:23:40'),
	(56, 55, NULL, NULL, NULL, NULL, NULL, NULL, NULL, NULL, NULL, NULL, NULL, NULL, 0, '2019-09-12 06:23:40', '2019-09-12 06:23:40'),
	(57, 74, NULL, NULL, NULL, NULL, NULL, NULL, NULL, NULL, NULL, NULL, NULL, NULL, 0, '2019-09-12 06:23:40', '2019-09-12 06:23:40'),
	(58, 56, NULL, NULL, NULL, NULL, NULL, NULL, NULL, NULL, NULL, NULL, NULL, NULL, 0, '2019-09-12 06:23:40', '2019-09-12 06:23:40'),
	(59, 57, NULL, NULL, NULL, NULL, NULL, NULL, NULL, NULL, NULL, NULL, NULL, NULL, 0, '2019-09-12 06:23:40', '2019-09-12 06:23:40'),
	(60, 58, NULL, NULL, NULL, NULL, NULL, NULL, NULL, NULL, NULL, NULL, NULL, NULL, 0, '2019-09-12 06:23:40', '2019-09-12 06:23:40'),
	(61, 59, NULL, NULL, NULL, NULL, NULL, NULL, NULL, NULL, NULL, NULL, NULL, NULL, 0, '2019-09-12 06:23:40', '2019-09-12 06:23:40'),
	(62, 60, NULL, NULL, NULL, NULL, NULL, NULL, NULL, NULL, NULL, NULL, NULL, NULL, 0, '2019-09-12 06:23:40', '2019-09-12 06:23:40'),
	(63, 61, NULL, NULL, NULL, NULL, NULL, NULL, NULL, NULL, NULL, NULL, NULL, NULL, 0, '2019-09-12 06:23:40', '2019-09-12 06:23:40'),
	(64, 62, NULL, NULL, NULL, NULL, NULL, NULL, NULL, NULL, NULL, NULL, NULL, NULL, 0, '2019-09-12 06:23:40', '2019-09-12 06:23:40'),
	(65, 63, NULL, NULL, NULL, NULL, NULL, NULL, NULL, NULL, NULL, NULL, NULL, NULL, 0, '2019-09-12 06:23:40', '2019-09-12 06:23:40'),
	(66, 65, NULL, NULL, NULL, NULL, NULL, NULL, NULL, NULL, NULL, NULL, NULL, NULL, 0, '2019-09-12 06:23:40', '2019-09-12 06:23:40'),
	(67, 66, NULL, NULL, NULL, NULL, NULL, NULL, NULL, NULL, NULL, NULL, NULL, NULL, 0, '2019-09-12 06:23:40', '2019-09-12 06:23:40'),
	(68, 67, NULL, NULL, NULL, NULL, NULL, NULL, NULL, NULL, NULL, NULL, NULL, NULL, 0, '2019-09-12 06:23:40', '2019-09-12 06:23:40'),
	(69, 68, NULL, NULL, NULL, NULL, NULL, NULL, NULL, NULL, NULL, NULL, NULL, NULL, 0, '2019-09-12 06:23:40', '2019-09-12 06:23:40'),
	(70, 69, NULL, NULL, NULL, NULL, NULL, NULL, NULL, NULL, NULL, NULL, NULL, NULL, 0, '2019-09-12 06:23:40', '2019-09-12 06:23:40'),
	(71, 70, NULL, NULL, NULL, NULL, NULL, NULL, NULL, NULL, NULL, NULL, NULL, NULL, 0, '2019-09-12 06:23:40', '2019-09-12 06:23:40'),
	(72, 71, NULL, NULL, NULL, NULL, NULL, NULL, NULL, NULL, NULL, NULL, NULL, NULL, 0, '2019-09-12 06:23:40', '2019-09-12 06:23:40'),
	(73, 72, NULL, NULL, NULL, NULL, NULL, NULL, NULL, NULL, NULL, NULL, NULL, NULL, 0, '2019-09-12 06:23:40', '2019-09-12 06:23:40'),
	(74, 73, NULL, NULL, NULL, NULL, NULL, NULL, NULL, NULL, NULL, NULL, NULL, NULL, 0, '2019-09-12 06:23:40', '2019-09-12 06:23:40'),
	(75, 75, NULL, NULL, NULL, NULL, NULL, NULL, NULL, NULL, NULL, NULL, NULL, NULL, 0, '2019-09-12 06:23:40', '2019-09-12 06:23:40'),
	(76, 76, NULL, NULL, NULL, NULL, NULL, NULL, NULL, NULL, NULL, NULL, NULL, NULL, 0, '2019-09-12 06:23:40', '2019-09-12 06:23:40'),
	(77, 77, NULL, NULL, NULL, NULL, NULL, NULL, NULL, NULL, NULL, NULL, NULL, NULL, 0, '2019-09-12 06:23:40', '2019-09-12 06:23:40'),
	(78, 78, NULL, NULL, NULL, NULL, NULL, NULL, NULL, NULL, NULL, NULL, NULL, NULL, 0, '2019-09-12 06:23:40', '2019-09-12 06:23:40'),
	(79, 79, NULL, NULL, NULL, NULL, NULL, NULL, NULL, NULL, NULL, NULL, NULL, NULL, 0, '2019-09-12 06:23:40', '2019-09-12 06:23:40'),
	(80, 80, NULL, NULL, NULL, NULL, NULL, NULL, NULL, NULL, NULL, NULL, NULL, NULL, 0, '2019-09-12 06:23:40', '2019-09-12 06:23:40'),
	(81, 81, NULL, NULL, NULL, NULL, NULL, NULL, NULL, NULL, NULL, NULL, NULL, NULL, 0, '2019-09-12 06:23:40', '2019-09-12 06:23:40'),
	(82, 82, NULL, NULL, NULL, NULL, NULL, NULL, NULL, NULL, NULL, NULL, NULL, NULL, 0, '2019-09-12 06:23:40', '2019-09-12 06:23:40'),
	(83, 83, NULL, NULL, NULL, NULL, NULL, NULL, NULL, NULL, NULL, NULL, NULL, NULL, 0, '2019-09-12 06:23:40', '2019-09-12 06:23:40'),
	(84, 84, NULL, NULL, NULL, NULL, NULL, NULL, NULL, NULL, NULL, NULL, NULL, NULL, 0, '2019-09-12 06:23:40', '2019-09-12 06:23:40'),
	(85, 85, NULL, NULL, NULL, NULL, NULL, NULL, NULL, NULL, NULL, NULL, NULL, NULL, 0, '2019-09-12 06:23:40', '2019-09-12 06:23:40'),
	(86, 86, NULL, NULL, NULL, NULL, NULL, NULL, NULL, NULL, NULL, NULL, NULL, NULL, 0, '2019-09-12 06:23:40', '2019-09-12 06:23:40'),
	(87, 87, NULL, NULL, NULL, NULL, NULL, NULL, NULL, NULL, NULL, NULL, NULL, NULL, 0, '2019-09-12 06:23:40', '2019-09-12 06:23:40'),
	(88, 88, NULL, NULL, NULL, NULL, NULL, NULL, NULL, NULL, NULL, NULL, NULL, NULL, 0, '2019-09-12 06:23:40', '2019-09-12 06:23:40'),
	(89, 90, NULL, NULL, NULL, NULL, NULL, NULL, NULL, NULL, NULL, NULL, NULL, NULL, 0, '2019-09-12 06:23:40', '2019-09-12 06:23:40'),
	(90, 89, NULL, NULL, NULL, NULL, NULL, NULL, NULL, NULL, NULL, NULL, NULL, NULL, 0, '2019-09-12 06:23:40', '2019-09-12 06:23:40'),
	(91, 91, NULL, NULL, NULL, NULL, NULL, NULL, NULL, NULL, NULL, NULL, NULL, NULL, 0, '2019-09-12 06:23:40', '2019-09-12 06:23:40'),
	(92, 92, NULL, NULL, NULL, NULL, NULL, NULL, NULL, NULL, NULL, NULL, NULL, NULL, 0, '2019-09-12 06:23:40', '2019-09-12 06:23:40'),
	(93, 93, NULL, NULL, NULL, NULL, NULL, NULL, NULL, NULL, NULL, NULL, NULL, NULL, 0, '2019-09-12 06:23:40', '2019-09-12 06:23:40'),
	(94, 94, NULL, NULL, NULL, NULL, NULL, NULL, NULL, NULL, NULL, NULL, NULL, NULL, 0, '2019-09-12 06:23:40', '2019-09-12 06:23:40'),
	(95, 95, NULL, NULL, NULL, NULL, NULL, NULL, NULL, NULL, NULL, NULL, NULL, NULL, 0, '2019-09-12 06:23:40', '2019-09-12 06:23:40'),
	(96, 96, NULL, NULL, NULL, NULL, NULL, NULL, NULL, NULL, NULL, NULL, NULL, NULL, 0, '2019-09-12 06:23:40', '2019-09-12 06:23:40'),
	(97, 97, NULL, NULL, NULL, NULL, NULL, NULL, NULL, NULL, NULL, NULL, NULL, NULL, 0, '2019-09-12 06:23:40', '2019-09-12 06:23:40'),
	(98, 98, NULL, NULL, NULL, NULL, NULL, NULL, NULL, NULL, NULL, NULL, NULL, NULL, 0, '2019-09-12 06:23:40', '2019-09-12 06:23:40'),
	(99, 99, NULL, NULL, NULL, NULL, NULL, NULL, NULL, NULL, NULL, NULL, NULL, NULL, 0, '2019-09-12 06:23:40', '2019-09-12 06:23:40'),
	(100, 100, NULL, NULL, NULL, NULL, NULL, NULL, NULL, NULL, NULL, NULL, NULL, NULL, 0, '2019-09-12 06:23:40', '2019-09-12 06:23:40'),
	(101, 101, NULL, NULL, NULL, NULL, NULL, NULL, NULL, NULL, NULL, NULL, NULL, NULL, 0, '2019-09-12 06:23:40', '2019-09-12 06:23:40'),
	(102, 102, NULL, NULL, NULL, NULL, NULL, NULL, NULL, NULL, NULL, NULL, NULL, NULL, 0, '2019-09-12 06:23:40', '2019-09-12 06:23:40'),
	(103, 103, NULL, NULL, NULL, NULL, NULL, NULL, NULL, NULL, NULL, NULL, NULL, NULL, 0, '2019-09-12 06:23:40', '2019-09-12 06:23:40'),
	(104, 104, NULL, NULL, NULL, NULL, NULL, NULL, NULL, NULL, NULL, NULL, NULL, NULL, 0, '2019-09-12 06:23:40', '2019-09-12 06:23:40'),
	(105, 105, NULL, NULL, NULL, NULL, NULL, NULL, NULL, NULL, NULL, NULL, NULL, NULL, 0, '2019-09-12 06:23:40', '2019-09-12 06:23:40'),
	(106, 106, NULL, NULL, NULL, NULL, NULL, NULL, NULL, NULL, NULL, NULL, NULL, NULL, 0, '2019-09-12 06:23:40', '2019-09-12 06:23:40'),
	(107, 107, NULL, NULL, NULL, NULL, NULL, NULL, NULL, NULL, NULL, NULL, NULL, NULL, 0, '2019-09-12 06:23:40', '2019-09-12 06:23:40'),
	(108, 108, NULL, NULL, NULL, NULL, NULL, NULL, NULL, NULL, NULL, NULL, NULL, NULL, 0, '2019-09-12 06:23:40', '2019-09-12 06:23:40'),
	(109, 109, NULL, NULL, NULL, NULL, NULL, NULL, NULL, NULL, NULL, NULL, NULL, NULL, 0, '2019-09-12 06:23:40', '2019-09-12 06:23:40'),
	(110, 110, NULL, NULL, NULL, NULL, NULL, NULL, NULL, NULL, NULL, NULL, NULL, NULL, 0, '2019-09-12 06:23:40', '2019-09-12 06:23:40'),
	(111, 111, NULL, NULL, NULL, NULL, NULL, NULL, NULL, NULL, NULL, NULL, NULL, NULL, 0, '2019-09-12 06:23:40', '2019-09-12 06:23:40'),
	(112, 112, NULL, NULL, NULL, NULL, NULL, NULL, NULL, NULL, NULL, NULL, NULL, NULL, 0, '2019-09-12 06:23:40', '2019-09-12 06:23:40'),
	(113, 113, NULL, NULL, NULL, NULL, NULL, NULL, NULL, NULL, NULL, NULL, NULL, NULL, 0, '2019-09-12 06:23:40', '2019-09-12 06:23:40'),
	(114, 114, NULL, NULL, NULL, NULL, NULL, NULL, NULL, NULL, NULL, NULL, NULL, NULL, 0, '2019-09-12 06:23:40', '2019-09-12 06:23:40'),
	(115, 115, NULL, NULL, NULL, NULL, NULL, NULL, NULL, NULL, NULL, NULL, NULL, NULL, 0, '2019-09-12 06:23:40', '2019-09-12 06:23:40'),
	(116, 116, NULL, NULL, NULL, NULL, NULL, NULL, NULL, NULL, NULL, NULL, NULL, NULL, 0, '2019-09-12 06:23:40', '2019-09-12 06:23:40'),
	(117, 117, NULL, NULL, NULL, NULL, NULL, NULL, NULL, NULL, NULL, NULL, NULL, NULL, 0, '2019-09-12 06:23:40', '2019-09-12 06:23:40'),
	(118, 118, NULL, NULL, NULL, NULL, NULL, NULL, NULL, NULL, NULL, NULL, NULL, NULL, 0, '2019-09-12 06:23:40', '2019-09-12 06:23:40'),
	(119, 119, NULL, NULL, NULL, NULL, NULL, NULL, NULL, NULL, NULL, NULL, NULL, NULL, 0, '2019-09-12 06:23:40', '2019-09-12 06:23:40'),
	(120, 120, NULL, NULL, NULL, NULL, NULL, NULL, NULL, NULL, NULL, NULL, NULL, NULL, 0, '2019-09-12 06:23:40', '2019-09-12 06:23:40'),
	(121, 121, NULL, NULL, NULL, NULL, NULL, NULL, NULL, NULL, NULL, NULL, NULL, NULL, 0, '2019-09-12 06:23:40', '2019-09-12 06:23:40'),
	(122, 122, NULL, NULL, NULL, NULL, NULL, NULL, NULL, NULL, NULL, NULL, NULL, NULL, 0, '2019-09-12 06:23:40', '2019-09-12 06:23:40'),
	(123, 123, NULL, NULL, NULL, NULL, NULL, NULL, NULL, NULL, NULL, NULL, NULL, NULL, 0, '2019-09-12 06:23:40', '2019-09-12 06:23:40'),
	(124, 124, NULL, NULL, NULL, NULL, NULL, NULL, NULL, NULL, NULL, NULL, NULL, NULL, 0, '2019-09-12 06:23:40', '2019-09-12 06:23:40'),
	(125, 125, NULL, NULL, NULL, NULL, NULL, NULL, NULL, NULL, NULL, NULL, NULL, NULL, 0, '2019-09-12 06:23:40', '2019-09-12 06:23:40'),
	(126, 126, NULL, NULL, NULL, NULL, NULL, NULL, NULL, NULL, NULL, NULL, NULL, NULL, 0, '2019-09-12 06:23:40', '2019-09-12 06:23:40'),
	(127, 127, NULL, NULL, NULL, NULL, NULL, NULL, NULL, NULL, NULL, NULL, NULL, NULL, 0, '2019-09-12 06:23:40', '2019-09-12 06:23:40'),
	(128, 128, NULL, NULL, NULL, NULL, NULL, NULL, NULL, NULL, NULL, NULL, NULL, NULL, 0, '2019-09-12 06:23:40', '2019-09-12 06:23:40'),
	(129, 129, NULL, NULL, NULL, NULL, NULL, NULL, NULL, NULL, NULL, NULL, NULL, NULL, 0, '2019-09-12 06:23:40', '2019-09-12 06:23:40'),
	(130, 130, NULL, NULL, NULL, NULL, NULL, NULL, NULL, NULL, NULL, NULL, NULL, NULL, 0, '2019-09-13 08:32:01', '2019-09-13 08:32:01');
/*!40000 ALTER TABLE `users_address` ENABLE KEYS */;

-- Dumping structure for table vts_db.users_logins_log
CREATE TABLE IF NOT EXISTS `users_logins_log` (
  `id` int(11) unsigned NOT NULL AUTO_INCREMENT,
  `user_id` int(11) DEFAULT NULL COMMENT 'users table id',
  `sessionid` varchar(255) DEFAULT NULL COMMENT 'default session id',
  `loginDateTime` datetime DEFAULT NULL,
  `logoutDateTime` datetime DEFAULT NULL,
  `ip` varchar(50) DEFAULT NULL,
  `browser` varchar(50) DEFAULT NULL,
  `browser_version` varchar(50) DEFAULT NULL,
  `platform` varchar(50) DEFAULT NULL,
  `platform_version` varchar(50) DEFAULT NULL,
  `device` varchar(50) DEFAULT NULL,
  `isDesktop` tinyint(1) NOT NULL DEFAULT '0',
  `isPhone` tinyint(1) NOT NULL DEFAULT '0',
  `isRobot` tinyint(1) NOT NULL DEFAULT '0',
  `full_user_agent_string` varchar(255) DEFAULT NULL,
  `created_at` timestamp NOT NULL DEFAULT CURRENT_TIMESTAMP,
  `updated_at` timestamp NOT NULL DEFAULT CURRENT_TIMESTAMP ON UPDATE CURRENT_TIMESTAMP,
  PRIMARY KEY (`id`)
) ENGINE=InnoDB AUTO_INCREMENT=11 DEFAULT CHARSET=latin1;

-- Dumping data for table vts_db.users_logins_log: ~10 rows (approximately)
DELETE FROM `users_logins_log`;
/*!40000 ALTER TABLE `users_logins_log` DISABLE KEYS */;
INSERT INTO `users_logins_log` (`id`, `user_id`, `sessionid`, `loginDateTime`, `logoutDateTime`, `ip`, `browser`, `browser_version`, `platform`, `platform_version`, `device`, `isDesktop`, `isPhone`, `isRobot`, `full_user_agent_string`, `created_at`, `updated_at`) VALUES
	(1, 23, 'Txtcn83MrwqYIJPxcVaK4ce0rRASsLhRnkCe36pC', '2019-09-10 13:51:37', NULL, '::1', 'Chrome', '76.0.3809.132', 'Windows', '10.0', NULL, 1, 0, 0, 'Mozilla/5.0 (Windows NT 10.0; Win64; x64) AppleWebKit/537.36 (KHTML, like Gecko) Chrome/76.0.3809.132 Safari/537.36', '2019-09-10 13:51:37', '2019-09-10 13:51:37'),
	(2, 23, 'T9VzvS41CVWSkL1f7sq5p4ChwuxwDjKJzK7uSjuH', '2019-09-11 13:32:56', NULL, '::1', 'Chrome', '76.0.3809.132', 'Windows', '10.0', NULL, 1, 0, 0, 'Mozilla/5.0 (Windows NT 10.0; Win64; x64) AppleWebKit/537.36 (KHTML, like Gecko) Chrome/76.0.3809.132 Safari/537.36', '2019-09-11 13:32:56', '2019-09-11 13:32:56'),
	(3, 23, 'rUBRcXZ1IhRZ8XvAA0rN3ueQ7ZkmRUI8L4StDv93', '2019-09-13 08:38:24', '2019-09-13 12:27:06', '::1', 'Chrome', '76.0.3809.132', 'Windows', '10.0', NULL, 1, 0, 0, 'Mozilla/5.0 (Windows NT 10.0; Win64; x64) AppleWebKit/537.36 (KHTML, like Gecko) Chrome/76.0.3809.132 Safari/537.36', '2019-09-13 08:38:24', '2019-09-13 12:27:06'),
	(4, 23, 'vhRp1HltfMh8sGQrIDIFcpmlSbAc56hJfigVLeD8', '2019-09-13 12:27:08', '2019-09-13 12:28:02', '::1', 'Chrome', '76.0.3809.132', 'Windows', '10.0', NULL, 1, 0, 0, 'Mozilla/5.0 (Windows NT 10.0; Win64; x64) AppleWebKit/537.36 (KHTML, like Gecko) Chrome/76.0.3809.132 Safari/537.36', '2019-09-13 12:27:08', '2019-09-13 12:28:02'),
	(5, 130, 'c8fF7zjuzLhcMBKjqiEW5AqXxUWq2RVhHH2qtoTv', '2019-09-13 12:33:05', '2019-09-13 12:33:20', '::1', 'Chrome', '76.0.3809.132', 'Windows', '10.0', NULL, 1, 0, 0, 'Mozilla/5.0 (Windows NT 10.0; Win64; x64) AppleWebKit/537.36 (KHTML, like Gecko) Chrome/76.0.3809.132 Safari/537.36', '2019-09-13 12:33:05', '2019-09-13 12:33:20'),
	(6, 23, 'C24mcgGFkZ4XgmxwHAlL9VeNj33jFO0R0p4Da347', '2019-09-13 12:57:58', NULL, '::1', 'Chrome', '76.0.3809.132', 'Windows', '10.0', NULL, 1, 0, 0, 'Mozilla/5.0 (Windows NT 10.0; Win64; x64) AppleWebKit/537.36 (KHTML, like Gecko) Chrome/76.0.3809.132 Safari/537.36', '2019-09-13 12:57:58', '2019-09-13 12:57:58'),
	(7, 23, 'BSyvXaC3UbCbl8Du3wmdq07sa0yePYuxb3RL3I8d', '2019-09-17 08:32:25', NULL, '::1', 'Chrome', '76.0.3809.132', 'Windows', '10.0', NULL, 1, 0, 0, 'Mozilla/5.0 (Windows NT 10.0; Win64; x64) AppleWebKit/537.36 (KHTML, like Gecko) Chrome/76.0.3809.132 Safari/537.36', '2019-09-17 08:32:25', '2019-09-17 08:32:25'),
	(8, 23, 'Ae8NYvkn8z8GpuXlmMF61JXCffawE2kHQNTd5a4U', '2019-09-17 13:01:26', NULL, '::1', 'Chrome', '76.0.3809.132', 'Windows', '10.0', NULL, 1, 0, 0, 'Mozilla/5.0 (Windows NT 10.0; Win64; x64) AppleWebKit/537.36 (KHTML, like Gecko) Chrome/76.0.3809.132 Safari/537.36', '2019-09-17 13:01:26', '2019-09-17 13:01:26'),
	(9, 23, 'HHzR9DY9Xw96v4WY4cZXDk77RfHNKAbVyVJHAWfu', '2019-09-18 08:30:42', '2019-09-18 08:30:45', '::1', 'Chrome', '76.0.3809.132', 'Windows', '10.0', NULL, 1, 0, 0, 'Mozilla/5.0 (Windows NT 10.0; Win64; x64) AppleWebKit/537.36 (KHTML, like Gecko) Chrome/76.0.3809.132 Safari/537.36', '2019-09-18 08:30:42', '2019-09-18 08:30:45'),
	(10, 23, '22BYZ3msJ1pAhgQZfWG9PysKiHfm8JvEQuzj9Mne', '2019-09-18 08:31:44', NULL, '::1', 'Chrome', '76.0.3809.132', 'Windows', '10.0', NULL, 1, 0, 0, 'Mozilla/5.0 (Windows NT 10.0; Win64; x64) AppleWebKit/537.36 (KHTML, like Gecko) Chrome/76.0.3809.132 Safari/537.36', '2019-09-18 08:31:44', '2019-09-18 08:31:44');
/*!40000 ALTER TABLE `users_logins_log` ENABLE KEYS */;

-- Dumping structure for table vts_db.users_profile
CREATE TABLE IF NOT EXISTS `users_profile` (
  `id` int(11) NOT NULL AUTO_INCREMENT,
  `user_id` int(11) NOT NULL,
  `emp_id` varchar(100) DEFAULT NULL,
  `emp_ctc` float(10,2) DEFAULT NULL,
  `phone_number` varchar(100) DEFAULT NULL,
  `title` varchar(100) DEFAULT NULL,
  `department` varchar(100) DEFAULT NULL,
  `dob` date DEFAULT NULL,
  `doj` date DEFAULT NULL,
  `location` varchar(50) DEFAULT NULL,
  `total_exp` varchar(50) DEFAULT NULL,
  `relevant_exp` varchar(50) DEFAULT NULL,
  `aadhar_no` varchar(100) DEFAULT NULL,
  `pan_no` varchar(100) DEFAULT NULL,
  `profile_image` varchar(255) DEFAULT NULL,
  `aadhar_image` varchar(255) DEFAULT NULL,
  `pan_image` varchar(255) DEFAULT NULL,
  `created_at` timestamp NOT NULL DEFAULT CURRENT_TIMESTAMP,
  `updated_at` timestamp NOT NULL DEFAULT CURRENT_TIMESTAMP ON UPDATE CURRENT_TIMESTAMP,
  PRIMARY KEY (`id`)
) ENGINE=InnoDB AUTO_INCREMENT=131 DEFAULT CHARSET=latin1;

-- Dumping data for table vts_db.users_profile: ~130 rows (approximately)
DELETE FROM `users_profile`;
/*!40000 ALTER TABLE `users_profile` DISABLE KEYS */;
INSERT INTO `users_profile` (`id`, `user_id`, `emp_id`, `emp_ctc`, `phone_number`, `title`, `department`, `dob`, `doj`, `location`, `total_exp`, `relevant_exp`, `aadhar_no`, `pan_no`, `profile_image`, `aadhar_image`, `pan_image`, `created_at`, `updated_at`) VALUES
	(1, 2, NULL, NULL, NULL, NULL, NULL, NULL, NULL, NULL, NULL, NULL, NULL, NULL, NULL, NULL, NULL, '2019-09-12 06:23:55', '2019-09-12 06:23:55'),
	(2, 3, NULL, NULL, NULL, NULL, NULL, NULL, NULL, NULL, NULL, NULL, NULL, NULL, NULL, NULL, NULL, '2019-09-12 06:23:55', '2019-09-12 06:23:55'),
	(3, 4, NULL, NULL, NULL, NULL, NULL, NULL, NULL, NULL, NULL, NULL, NULL, NULL, NULL, NULL, NULL, '2019-09-12 06:23:55', '2019-09-12 06:23:55'),
	(4, 5, NULL, NULL, NULL, NULL, NULL, NULL, NULL, NULL, NULL, NULL, NULL, NULL, NULL, NULL, NULL, '2019-09-12 06:23:55', '2019-09-12 06:23:55'),
	(5, 1, NULL, NULL, NULL, NULL, NULL, NULL, NULL, NULL, NULL, NULL, NULL, NULL, NULL, NULL, NULL, '2019-09-12 06:23:55', '2019-09-12 06:23:55'),
	(6, 6, NULL, NULL, NULL, NULL, NULL, NULL, NULL, NULL, NULL, NULL, NULL, NULL, NULL, NULL, NULL, '2019-09-12 06:23:55', '2019-09-12 06:23:55'),
	(7, 7, NULL, NULL, NULL, NULL, NULL, NULL, NULL, NULL, NULL, NULL, NULL, NULL, NULL, NULL, NULL, '2019-09-12 06:23:55', '2019-09-12 06:23:55'),
	(8, 8, NULL, NULL, NULL, NULL, NULL, NULL, NULL, NULL, NULL, NULL, NULL, NULL, NULL, NULL, NULL, '2019-09-12 06:23:55', '2019-09-12 06:23:55'),
	(9, 9, NULL, NULL, NULL, NULL, NULL, NULL, NULL, NULL, NULL, NULL, NULL, NULL, NULL, NULL, NULL, '2019-09-12 06:23:55', '2019-09-12 06:23:55'),
	(10, 10, NULL, NULL, NULL, NULL, NULL, NULL, NULL, NULL, NULL, NULL, NULL, NULL, NULL, NULL, NULL, '2019-09-12 06:23:55', '2019-09-12 06:23:55'),
	(11, 11, NULL, NULL, NULL, NULL, NULL, NULL, NULL, NULL, NULL, NULL, NULL, NULL, NULL, NULL, NULL, '2019-09-12 06:23:55', '2019-09-12 06:23:55'),
	(12, 12, NULL, NULL, NULL, NULL, NULL, NULL, NULL, NULL, NULL, NULL, NULL, NULL, NULL, NULL, NULL, '2019-09-12 06:23:55', '2019-09-12 06:23:55'),
	(13, 13, NULL, NULL, NULL, NULL, NULL, NULL, NULL, NULL, NULL, NULL, NULL, NULL, NULL, NULL, NULL, '2019-09-12 06:23:55', '2019-09-12 06:23:55'),
	(14, 14, NULL, NULL, NULL, NULL, NULL, NULL, NULL, NULL, NULL, NULL, NULL, NULL, NULL, NULL, NULL, '2019-09-12 06:23:55', '2019-09-12 06:23:55'),
	(15, 15, NULL, NULL, NULL, NULL, NULL, NULL, NULL, NULL, NULL, NULL, NULL, NULL, NULL, NULL, NULL, '2019-09-12 06:23:55', '2019-09-12 06:23:55'),
	(16, 16, NULL, NULL, NULL, NULL, NULL, NULL, NULL, NULL, NULL, NULL, NULL, NULL, NULL, NULL, NULL, '2019-09-12 06:23:55', '2019-09-12 06:23:55'),
	(17, 17, NULL, NULL, NULL, NULL, NULL, NULL, NULL, NULL, NULL, NULL, NULL, NULL, NULL, NULL, NULL, '2019-09-12 06:23:55', '2019-09-12 06:23:55'),
	(18, 18, NULL, NULL, NULL, NULL, NULL, NULL, NULL, NULL, NULL, NULL, NULL, NULL, NULL, NULL, NULL, '2019-09-12 06:23:55', '2019-09-12 06:23:55'),
	(19, 19, NULL, NULL, NULL, NULL, NULL, NULL, NULL, NULL, NULL, NULL, NULL, NULL, NULL, NULL, NULL, '2019-09-12 06:23:55', '2019-09-12 06:23:55'),
	(20, 20, NULL, NULL, NULL, NULL, NULL, NULL, NULL, NULL, NULL, NULL, NULL, NULL, NULL, NULL, NULL, '2019-09-12 06:23:55', '2019-09-12 06:23:55'),
	(21, 21, NULL, NULL, NULL, NULL, NULL, NULL, NULL, NULL, NULL, NULL, NULL, NULL, NULL, NULL, NULL, '2019-09-12 06:23:55', '2019-09-12 06:23:55'),
	(22, 22, NULL, NULL, NULL, NULL, NULL, NULL, NULL, NULL, NULL, NULL, NULL, NULL, NULL, NULL, NULL, '2019-09-12 06:23:55', '2019-09-12 06:23:55'),
	(23, 23, '0276', 99999.00, '8802411053', 'Lead Developer', 'IT Department', '1987-01-25', '2019-04-02', 'Gurgaon', '8.5 Years', '9.5 Years', '4587231587446', 'DGOPS0821y', '20190916064518.png', '20190916064518.png', '20190916064518.png', '2019-09-12 06:23:55', '2019-09-16 07:53:14'),
	(24, 24, NULL, NULL, NULL, NULL, NULL, NULL, NULL, NULL, NULL, NULL, NULL, NULL, NULL, NULL, NULL, '2019-09-12 06:23:55', '2019-09-12 06:23:55'),
	(25, 25, NULL, NULL, NULL, NULL, NULL, NULL, NULL, NULL, NULL, NULL, NULL, NULL, NULL, NULL, NULL, '2019-09-12 06:23:55', '2019-09-12 06:23:55'),
	(26, 26, NULL, NULL, NULL, NULL, NULL, NULL, NULL, NULL, NULL, NULL, NULL, NULL, NULL, NULL, NULL, '2019-09-12 06:23:55', '2019-09-12 06:23:55'),
	(27, 27, NULL, NULL, NULL, NULL, NULL, NULL, NULL, NULL, NULL, NULL, NULL, NULL, NULL, NULL, NULL, '2019-09-12 06:23:55', '2019-09-12 06:23:55'),
	(28, 28, NULL, NULL, NULL, NULL, NULL, NULL, NULL, NULL, NULL, NULL, NULL, NULL, NULL, NULL, NULL, '2019-09-12 06:23:55', '2019-09-12 06:23:55'),
	(29, 29, NULL, NULL, NULL, NULL, NULL, NULL, NULL, NULL, NULL, NULL, NULL, NULL, NULL, NULL, NULL, '2019-09-12 06:23:55', '2019-09-12 06:23:55'),
	(30, 30, NULL, NULL, NULL, NULL, NULL, NULL, NULL, NULL, NULL, NULL, NULL, NULL, NULL, NULL, NULL, '2019-09-12 06:23:55', '2019-09-12 06:23:55'),
	(31, 31, NULL, NULL, NULL, NULL, NULL, NULL, NULL, NULL, NULL, NULL, NULL, NULL, NULL, NULL, NULL, '2019-09-12 06:23:55', '2019-09-12 06:23:55'),
	(32, 32, NULL, NULL, NULL, NULL, NULL, NULL, NULL, NULL, NULL, NULL, NULL, NULL, NULL, NULL, NULL, '2019-09-12 06:23:55', '2019-09-12 06:23:55'),
	(33, 33, NULL, NULL, NULL, NULL, NULL, NULL, NULL, NULL, NULL, NULL, NULL, NULL, NULL, NULL, NULL, '2019-09-12 06:23:55', '2019-09-12 06:23:55'),
	(34, 34, NULL, NULL, NULL, NULL, NULL, NULL, NULL, NULL, NULL, NULL, NULL, NULL, NULL, NULL, NULL, '2019-09-12 06:23:55', '2019-09-12 06:23:55'),
	(35, 35, NULL, NULL, NULL, NULL, NULL, NULL, NULL, NULL, NULL, NULL, NULL, NULL, NULL, NULL, NULL, '2019-09-12 06:23:55', '2019-09-12 06:23:55'),
	(36, 36, NULL, NULL, NULL, NULL, NULL, NULL, NULL, NULL, NULL, NULL, NULL, NULL, NULL, NULL, NULL, '2019-09-12 06:23:55', '2019-09-12 06:23:55'),
	(37, 37, NULL, NULL, NULL, NULL, NULL, NULL, NULL, NULL, NULL, NULL, NULL, NULL, NULL, NULL, NULL, '2019-09-12 06:23:55', '2019-09-12 06:23:55'),
	(38, 38, NULL, NULL, NULL, NULL, NULL, NULL, NULL, NULL, NULL, NULL, NULL, NULL, NULL, NULL, NULL, '2019-09-12 06:23:55', '2019-09-12 06:23:55'),
	(39, 39, NULL, NULL, NULL, NULL, NULL, NULL, NULL, NULL, NULL, NULL, NULL, NULL, NULL, NULL, NULL, '2019-09-12 06:23:55', '2019-09-12 06:23:55'),
	(40, 40, NULL, NULL, NULL, NULL, NULL, NULL, NULL, NULL, NULL, NULL, NULL, NULL, NULL, NULL, NULL, '2019-09-12 06:23:55', '2019-09-12 06:23:55'),
	(41, 41, NULL, NULL, NULL, NULL, NULL, NULL, NULL, NULL, NULL, NULL, NULL, NULL, NULL, NULL, NULL, '2019-09-12 06:23:55', '2019-09-12 06:23:55'),
	(42, 42, NULL, NULL, NULL, NULL, NULL, NULL, NULL, NULL, NULL, NULL, NULL, NULL, NULL, NULL, NULL, '2019-09-12 06:23:55', '2019-09-12 06:23:55'),
	(43, 43, NULL, NULL, NULL, NULL, NULL, NULL, NULL, NULL, NULL, NULL, NULL, NULL, NULL, NULL, NULL, '2019-09-12 06:23:55', '2019-09-12 06:23:55'),
	(44, 44, NULL, NULL, NULL, NULL, NULL, NULL, NULL, NULL, NULL, NULL, NULL, NULL, NULL, NULL, NULL, '2019-09-12 06:23:55', '2019-09-12 06:23:55'),
	(45, 45, NULL, NULL, NULL, NULL, NULL, NULL, NULL, NULL, NULL, NULL, NULL, NULL, NULL, NULL, NULL, '2019-09-12 06:23:55', '2019-09-12 06:23:55'),
	(46, 46, NULL, NULL, NULL, NULL, NULL, NULL, NULL, NULL, NULL, NULL, NULL, NULL, NULL, NULL, NULL, '2019-09-12 06:23:55', '2019-09-12 06:23:55'),
	(47, 47, NULL, NULL, NULL, NULL, NULL, NULL, NULL, NULL, NULL, NULL, NULL, NULL, NULL, NULL, NULL, '2019-09-12 06:23:55', '2019-09-12 06:23:55'),
	(48, 48, NULL, NULL, NULL, NULL, NULL, NULL, NULL, NULL, NULL, NULL, NULL, NULL, NULL, NULL, NULL, '2019-09-12 06:23:55', '2019-09-12 06:23:55'),
	(49, 49, NULL, NULL, NULL, NULL, NULL, NULL, NULL, NULL, NULL, NULL, NULL, NULL, NULL, NULL, NULL, '2019-09-12 06:23:55', '2019-09-12 06:23:55'),
	(50, 50, NULL, NULL, NULL, NULL, NULL, NULL, NULL, NULL, NULL, NULL, NULL, NULL, NULL, NULL, NULL, '2019-09-12 06:23:55', '2019-09-12 06:23:55'),
	(51, 51, NULL, NULL, NULL, NULL, NULL, NULL, NULL, NULL, NULL, NULL, NULL, NULL, NULL, NULL, NULL, '2019-09-12 06:23:55', '2019-09-12 06:23:55'),
	(52, 52, NULL, NULL, NULL, NULL, NULL, NULL, NULL, NULL, NULL, NULL, NULL, NULL, NULL, NULL, NULL, '2019-09-12 06:23:55', '2019-09-12 06:23:55'),
	(53, 53, NULL, NULL, NULL, NULL, NULL, NULL, NULL, NULL, NULL, NULL, NULL, NULL, NULL, NULL, NULL, '2019-09-12 06:23:55', '2019-09-12 06:23:55'),
	(54, 54, NULL, NULL, NULL, NULL, NULL, NULL, NULL, NULL, NULL, NULL, NULL, NULL, NULL, NULL, NULL, '2019-09-12 06:23:55', '2019-09-12 06:23:55'),
	(55, 64, NULL, NULL, NULL, NULL, NULL, NULL, NULL, NULL, NULL, NULL, NULL, NULL, NULL, NULL, NULL, '2019-09-12 06:23:55', '2019-09-12 06:23:55'),
	(56, 55, NULL, NULL, NULL, NULL, NULL, NULL, NULL, NULL, NULL, NULL, NULL, NULL, NULL, NULL, NULL, '2019-09-12 06:23:55', '2019-09-12 06:23:55'),
	(57, 74, NULL, NULL, NULL, NULL, NULL, NULL, NULL, NULL, NULL, NULL, NULL, NULL, NULL, NULL, NULL, '2019-09-12 06:23:55', '2019-09-12 06:23:55'),
	(58, 56, NULL, NULL, NULL, NULL, NULL, NULL, NULL, NULL, NULL, NULL, NULL, NULL, NULL, NULL, NULL, '2019-09-12 06:23:55', '2019-09-12 06:23:55'),
	(59, 57, NULL, NULL, NULL, NULL, NULL, NULL, NULL, NULL, NULL, NULL, NULL, NULL, NULL, NULL, NULL, '2019-09-12 06:23:55', '2019-09-12 06:23:55'),
	(60, 58, NULL, NULL, NULL, NULL, NULL, NULL, NULL, NULL, NULL, NULL, NULL, NULL, NULL, NULL, NULL, '2019-09-12 06:23:55', '2019-09-12 06:23:55'),
	(61, 59, NULL, NULL, NULL, NULL, NULL, NULL, NULL, NULL, NULL, NULL, NULL, NULL, NULL, NULL, NULL, '2019-09-12 06:23:55', '2019-09-12 06:23:55'),
	(62, 60, NULL, NULL, NULL, NULL, NULL, NULL, NULL, NULL, NULL, NULL, NULL, NULL, NULL, NULL, NULL, '2019-09-12 06:23:55', '2019-09-12 06:23:55'),
	(63, 61, NULL, NULL, NULL, NULL, NULL, NULL, NULL, NULL, NULL, NULL, NULL, NULL, NULL, NULL, NULL, '2019-09-12 06:23:55', '2019-09-12 06:23:55'),
	(64, 62, NULL, NULL, NULL, NULL, NULL, NULL, NULL, NULL, NULL, NULL, NULL, NULL, NULL, NULL, NULL, '2019-09-12 06:23:55', '2019-09-12 06:23:55'),
	(65, 63, NULL, NULL, NULL, NULL, NULL, NULL, NULL, NULL, NULL, NULL, NULL, NULL, NULL, NULL, NULL, '2019-09-12 06:23:55', '2019-09-12 06:23:55'),
	(66, 65, NULL, NULL, NULL, NULL, NULL, NULL, NULL, NULL, NULL, NULL, NULL, NULL, NULL, NULL, NULL, '2019-09-12 06:23:55', '2019-09-12 06:23:55'),
	(67, 66, NULL, NULL, NULL, NULL, NULL, NULL, NULL, NULL, NULL, NULL, NULL, NULL, NULL, NULL, NULL, '2019-09-12 06:23:55', '2019-09-12 06:23:55'),
	(68, 67, NULL, NULL, NULL, NULL, NULL, NULL, NULL, NULL, NULL, NULL, NULL, NULL, NULL, NULL, NULL, '2019-09-12 06:23:55', '2019-09-12 06:23:55'),
	(69, 68, NULL, NULL, NULL, NULL, NULL, NULL, NULL, NULL, NULL, NULL, NULL, NULL, NULL, NULL, NULL, '2019-09-12 06:23:55', '2019-09-12 06:23:55'),
	(70, 69, NULL, NULL, NULL, NULL, NULL, NULL, NULL, NULL, NULL, NULL, NULL, NULL, NULL, NULL, NULL, '2019-09-12 06:23:55', '2019-09-12 06:23:55'),
	(71, 70, NULL, NULL, NULL, NULL, NULL, NULL, NULL, NULL, NULL, NULL, NULL, NULL, NULL, NULL, NULL, '2019-09-12 06:23:55', '2019-09-12 06:23:55'),
	(72, 71, NULL, NULL, NULL, NULL, NULL, NULL, NULL, NULL, NULL, NULL, NULL, NULL, NULL, NULL, NULL, '2019-09-12 06:23:55', '2019-09-12 06:23:55'),
	(73, 72, NULL, NULL, NULL, NULL, NULL, NULL, NULL, NULL, NULL, NULL, NULL, NULL, NULL, NULL, NULL, '2019-09-12 06:23:55', '2019-09-12 06:23:55'),
	(74, 73, NULL, NULL, NULL, NULL, NULL, NULL, NULL, NULL, NULL, NULL, NULL, NULL, NULL, NULL, NULL, '2019-09-12 06:23:55', '2019-09-12 06:23:55'),
	(75, 75, NULL, NULL, NULL, NULL, NULL, NULL, NULL, NULL, NULL, NULL, NULL, NULL, NULL, NULL, NULL, '2019-09-12 06:23:55', '2019-09-12 06:23:55'),
	(76, 76, NULL, NULL, NULL, NULL, NULL, NULL, NULL, NULL, NULL, NULL, NULL, NULL, NULL, NULL, NULL, '2019-09-12 06:23:55', '2019-09-12 06:23:55'),
	(77, 77, NULL, NULL, NULL, NULL, NULL, NULL, NULL, NULL, NULL, NULL, NULL, NULL, NULL, NULL, NULL, '2019-09-12 06:23:55', '2019-09-12 06:23:55'),
	(78, 78, NULL, NULL, NULL, NULL, NULL, NULL, NULL, NULL, NULL, NULL, NULL, NULL, NULL, NULL, NULL, '2019-09-12 06:23:55', '2019-09-12 06:23:55'),
	(79, 79, NULL, NULL, NULL, NULL, NULL, NULL, NULL, NULL, NULL, NULL, NULL, NULL, NULL, NULL, NULL, '2019-09-12 06:23:55', '2019-09-12 06:23:55'),
	(80, 80, NULL, NULL, NULL, NULL, NULL, NULL, NULL, NULL, NULL, NULL, NULL, NULL, NULL, NULL, NULL, '2019-09-12 06:23:55', '2019-09-12 06:23:55'),
	(81, 81, NULL, NULL, NULL, NULL, NULL, NULL, NULL, NULL, NULL, NULL, NULL, NULL, NULL, NULL, NULL, '2019-09-12 06:23:55', '2019-09-12 06:23:55'),
	(82, 82, NULL, NULL, NULL, NULL, NULL, NULL, NULL, NULL, NULL, NULL, NULL, NULL, NULL, NULL, NULL, '2019-09-12 06:23:55', '2019-09-12 06:23:55'),
	(83, 83, NULL, NULL, NULL, NULL, NULL, NULL, NULL, NULL, NULL, NULL, NULL, NULL, NULL, NULL, NULL, '2019-09-12 06:23:55', '2019-09-12 06:23:55'),
	(84, 84, NULL, NULL, NULL, NULL, NULL, NULL, NULL, NULL, NULL, NULL, NULL, NULL, NULL, NULL, NULL, '2019-09-12 06:23:55', '2019-09-12 06:23:55'),
	(85, 85, NULL, NULL, NULL, NULL, NULL, NULL, NULL, NULL, NULL, NULL, NULL, NULL, NULL, NULL, NULL, '2019-09-12 06:23:55', '2019-09-12 06:23:55'),
	(86, 86, NULL, NULL, NULL, NULL, NULL, NULL, NULL, NULL, NULL, NULL, NULL, NULL, NULL, NULL, NULL, '2019-09-12 06:23:55', '2019-09-12 06:23:55'),
	(87, 87, NULL, NULL, NULL, NULL, NULL, NULL, NULL, NULL, NULL, NULL, NULL, NULL, NULL, NULL, NULL, '2019-09-12 06:23:55', '2019-09-12 06:23:55'),
	(88, 88, NULL, NULL, NULL, NULL, NULL, NULL, NULL, NULL, NULL, NULL, NULL, NULL, NULL, NULL, NULL, '2019-09-12 06:23:55', '2019-09-12 06:23:55'),
	(89, 90, NULL, NULL, NULL, NULL, NULL, NULL, NULL, NULL, NULL, NULL, NULL, NULL, NULL, NULL, NULL, '2019-09-12 06:23:55', '2019-09-12 06:23:55'),
	(90, 89, NULL, NULL, NULL, NULL, NULL, NULL, NULL, NULL, NULL, NULL, NULL, NULL, NULL, NULL, NULL, '2019-09-12 06:23:55', '2019-09-12 06:23:55'),
	(91, 91, NULL, NULL, NULL, NULL, NULL, NULL, NULL, NULL, NULL, NULL, NULL, NULL, NULL, NULL, NULL, '2019-09-12 06:23:55', '2019-09-12 06:23:55'),
	(92, 92, NULL, NULL, NULL, NULL, NULL, NULL, NULL, NULL, NULL, NULL, NULL, NULL, NULL, NULL, NULL, '2019-09-12 06:23:55', '2019-09-12 06:23:55'),
	(93, 93, NULL, NULL, NULL, NULL, NULL, NULL, NULL, NULL, NULL, NULL, NULL, NULL, NULL, NULL, NULL, '2019-09-12 06:23:55', '2019-09-12 06:23:55'),
	(94, 94, NULL, NULL, NULL, NULL, NULL, NULL, NULL, NULL, NULL, NULL, NULL, NULL, NULL, NULL, NULL, '2019-09-12 06:23:55', '2019-09-12 06:23:55'),
	(95, 95, NULL, NULL, NULL, NULL, NULL, NULL, NULL, NULL, NULL, NULL, NULL, NULL, NULL, NULL, NULL, '2019-09-12 06:23:55', '2019-09-12 06:23:55'),
	(96, 96, NULL, NULL, NULL, NULL, NULL, NULL, NULL, NULL, NULL, NULL, NULL, NULL, NULL, NULL, NULL, '2019-09-12 06:23:55', '2019-09-12 06:23:55'),
	(97, 97, NULL, NULL, NULL, NULL, NULL, NULL, NULL, NULL, NULL, NULL, NULL, NULL, NULL, NULL, NULL, '2019-09-12 06:23:55', '2019-09-12 06:23:55'),
	(98, 98, NULL, NULL, NULL, NULL, NULL, NULL, NULL, NULL, NULL, NULL, NULL, NULL, NULL, NULL, NULL, '2019-09-12 06:23:55', '2019-09-12 06:23:55'),
	(99, 99, NULL, NULL, NULL, NULL, NULL, NULL, NULL, NULL, NULL, NULL, NULL, NULL, NULL, NULL, NULL, '2019-09-12 06:23:55', '2019-09-12 06:23:55'),
	(100, 100, NULL, NULL, NULL, NULL, NULL, NULL, NULL, NULL, NULL, NULL, NULL, NULL, NULL, NULL, NULL, '2019-09-12 06:23:55', '2019-09-12 06:23:55'),
	(101, 101, NULL, NULL, NULL, NULL, NULL, NULL, NULL, NULL, NULL, NULL, NULL, NULL, NULL, NULL, NULL, '2019-09-12 06:23:55', '2019-09-12 06:23:55'),
	(102, 102, NULL, NULL, NULL, NULL, NULL, NULL, NULL, NULL, NULL, NULL, NULL, NULL, NULL, NULL, NULL, '2019-09-12 06:23:55', '2019-09-12 06:23:55'),
	(103, 103, NULL, NULL, NULL, NULL, NULL, NULL, NULL, NULL, NULL, NULL, NULL, NULL, NULL, NULL, NULL, '2019-09-12 06:23:55', '2019-09-12 06:23:55'),
	(104, 104, NULL, NULL, NULL, NULL, NULL, NULL, NULL, NULL, NULL, NULL, NULL, NULL, NULL, NULL, NULL, '2019-09-12 06:23:55', '2019-09-12 06:23:55'),
	(105, 105, NULL, NULL, NULL, NULL, NULL, NULL, NULL, NULL, NULL, NULL, NULL, NULL, NULL, NULL, NULL, '2019-09-12 06:23:55', '2019-09-12 06:23:55'),
	(106, 106, NULL, NULL, NULL, NULL, NULL, NULL, NULL, NULL, NULL, NULL, NULL, NULL, NULL, NULL, NULL, '2019-09-12 06:23:55', '2019-09-12 06:23:55'),
	(107, 107, NULL, NULL, NULL, NULL, NULL, NULL, NULL, NULL, NULL, NULL, NULL, NULL, NULL, NULL, NULL, '2019-09-12 06:23:55', '2019-09-12 06:23:55'),
	(108, 108, NULL, NULL, NULL, NULL, NULL, NULL, NULL, NULL, NULL, NULL, NULL, NULL, NULL, NULL, NULL, '2019-09-12 06:23:55', '2019-09-12 06:23:55'),
	(109, 109, NULL, NULL, NULL, NULL, NULL, NULL, NULL, NULL, NULL, NULL, NULL, NULL, NULL, NULL, NULL, '2019-09-12 06:23:55', '2019-09-12 06:23:55'),
	(110, 110, NULL, NULL, NULL, NULL, NULL, NULL, NULL, NULL, NULL, NULL, NULL, NULL, NULL, NULL, NULL, '2019-09-12 06:23:55', '2019-09-12 06:23:55'),
	(111, 111, NULL, NULL, NULL, NULL, NULL, NULL, NULL, NULL, NULL, NULL, NULL, NULL, NULL, NULL, NULL, '2019-09-12 06:23:55', '2019-09-12 06:23:55'),
	(112, 112, NULL, NULL, NULL, NULL, NULL, NULL, NULL, NULL, NULL, NULL, NULL, NULL, NULL, NULL, NULL, '2019-09-12 06:23:55', '2019-09-12 06:23:55'),
	(113, 113, NULL, NULL, NULL, NULL, NULL, NULL, NULL, NULL, NULL, NULL, NULL, NULL, NULL, NULL, NULL, '2019-09-12 06:23:55', '2019-09-12 06:23:55'),
	(114, 114, NULL, NULL, NULL, NULL, NULL, NULL, NULL, NULL, NULL, NULL, NULL, NULL, NULL, NULL, NULL, '2019-09-12 06:23:55', '2019-09-12 06:23:55'),
	(115, 115, NULL, NULL, NULL, NULL, NULL, NULL, NULL, NULL, NULL, NULL, NULL, NULL, NULL, NULL, NULL, '2019-09-12 06:23:55', '2019-09-12 06:23:55'),
	(116, 116, NULL, NULL, NULL, NULL, NULL, NULL, NULL, NULL, NULL, NULL, NULL, NULL, NULL, NULL, NULL, '2019-09-12 06:23:55', '2019-09-12 06:23:55'),
	(117, 117, NULL, NULL, NULL, NULL, NULL, NULL, NULL, NULL, NULL, NULL, NULL, NULL, NULL, NULL, NULL, '2019-09-12 06:23:55', '2019-09-12 06:23:55'),
	(118, 118, NULL, NULL, NULL, NULL, NULL, NULL, NULL, NULL, NULL, NULL, NULL, NULL, NULL, NULL, NULL, '2019-09-12 06:23:55', '2019-09-12 06:23:55'),
	(119, 119, NULL, NULL, NULL, NULL, NULL, NULL, NULL, NULL, NULL, NULL, NULL, NULL, NULL, NULL, NULL, '2019-09-12 06:23:55', '2019-09-12 06:23:55'),
	(120, 120, NULL, NULL, NULL, NULL, NULL, NULL, NULL, NULL, NULL, NULL, NULL, NULL, NULL, NULL, NULL, '2019-09-12 06:23:55', '2019-09-12 06:23:55'),
	(121, 121, NULL, NULL, NULL, NULL, NULL, NULL, NULL, NULL, NULL, NULL, NULL, NULL, NULL, NULL, NULL, '2019-09-12 06:23:55', '2019-09-12 06:23:55'),
	(122, 122, NULL, NULL, NULL, NULL, NULL, NULL, NULL, NULL, NULL, NULL, NULL, NULL, NULL, NULL, NULL, '2019-09-12 06:23:55', '2019-09-12 06:23:55'),
	(123, 123, NULL, NULL, NULL, NULL, NULL, NULL, NULL, NULL, NULL, NULL, NULL, NULL, NULL, NULL, NULL, '2019-09-12 06:23:55', '2019-09-12 06:23:55'),
	(124, 124, NULL, NULL, NULL, NULL, NULL, NULL, NULL, NULL, NULL, NULL, NULL, NULL, NULL, NULL, NULL, '2019-09-12 06:23:55', '2019-09-12 06:23:55'),
	(125, 125, NULL, NULL, NULL, NULL, NULL, NULL, NULL, NULL, NULL, NULL, NULL, NULL, NULL, NULL, NULL, '2019-09-12 06:23:55', '2019-09-12 06:23:55'),
	(126, 126, NULL, NULL, NULL, NULL, NULL, NULL, NULL, NULL, NULL, NULL, NULL, NULL, NULL, NULL, NULL, '2019-09-12 06:23:55', '2019-09-12 06:23:55'),
	(127, 127, NULL, NULL, NULL, NULL, NULL, NULL, NULL, NULL, NULL, NULL, NULL, NULL, NULL, NULL, NULL, '2019-09-12 06:23:55', '2019-09-12 06:23:55'),
	(128, 128, NULL, NULL, NULL, NULL, NULL, NULL, NULL, NULL, NULL, NULL, NULL, NULL, NULL, NULL, NULL, '2019-09-12 06:23:55', '2019-09-12 06:23:55'),
	(129, 129, NULL, NULL, NULL, NULL, NULL, NULL, NULL, NULL, NULL, NULL, NULL, NULL, NULL, NULL, NULL, '2019-09-12 06:23:55', '2019-09-12 06:23:55'),
	(130, 130, NULL, NULL, NULL, NULL, NULL, NULL, NULL, NULL, NULL, NULL, NULL, NULL, NULL, NULL, NULL, '2019-09-13 08:32:01', '2019-09-13 08:32:01');
/*!40000 ALTER TABLE `users_profile` ENABLE KEYS */;

/*!40101 SET SQL_MODE=IFNULL(@OLD_SQL_MODE, '') */;
/*!40014 SET FOREIGN_KEY_CHECKS=IF(@OLD_FOREIGN_KEY_CHECKS IS NULL, 1, @OLD_FOREIGN_KEY_CHECKS) */;
/*!40101 SET CHARACTER_SET_CLIENT=@OLD_CHARACTER_SET_CLIENT */;
